fifa_id,name,squad_id,team,position,price,status,total_points,avg_points,matches_played,percent_selected,round_1_points,round_2_points,round_3_points,round_4_points,next_fixture,betano_matched_name,betano_match_score,anytime_scorer_prob,first_scorer_prob,match_home,match_away,is_home,opponent,match_btts_prob,match_over_25_prob,team_score_prob,team_score_2_prob,team_cs_prob,opp_score_prob,opp_cs_prob,stat_GS,stat_AS,stat_CS,stat_GC,stat_MP,stat_YC,stat_RC,stat_ST,stat_SB,stat_CC,stat_PS,stat_T,stat_S,stat_SXI,stat_OG,stat_PC,stat_PW,stat_FK,round_1_SXI,round_1_MP,round_1_AS,round_1_YC,round_1_RC,round_1_OG,round_1_PW,round_1_PC,round_1_CS,round_1_GS,round_1_GC,round_1_PS,round_1_T,round_1_CC,round_1_ST,round_1_FK,round_1_S,round_1_SB,round_2_SXI,round_2_MP,round_2_AS,round_2_YC,round_2_RC,round_2_OG,round_2_PW,round_2_PC,round_2_CS,round_2_GS,round_2_GC,round_2_PS,round_2_T,round_2_CC,round_2_ST,round_2_FK,round_2_S,round_2_SB,round_3_SXI,round_3_MP,round_3_AS,round_3_YC,round_3_RC,round_3_OG,round_3_PW,round_3_PC,round_3_CS,round_3_GS,round_3_GC,round_3_PS,round_3_T,round_3_CC,round_3_ST,round_3_FK,round_3_S,round_3_SB,round_4_SXI,round_4_MP,round_4_AS,round_4_YC,round_4_RC,round_4_OG,round_4_PW,round_4_PC,round_4_CS,round_4_GS,round_4_GC,round_4_PS,round_4_T,round_4_CC,round_4_ST,round_4_FK,round_4_S,round_4_SB,round_5_SXI,round_5_MP,round_5_AS,round_5_YC,round_5_RC,round_5_OG,round_5_PW,round_5_PC,round_5_CS,round_5_GS,round_5_GC,round_5_PS,round_5_T,round_5_CC,round_5_ST,round_5_FK,round_5_S,round_5_SB,clubstats_matched_player,clubs_match_dist,has_betano_match,last_scorer_prob,match_home_win_prob,match_draw_prob,match_away_win_prob,match_over_35_prob,team_over_05_prob,team_over_15_prob,team_qualify_prob,team_win2_prob,opp_over_05_prob,started_last_match,starts_last_3,starts_last_5,start_rate,minutes_last_3_avg,minutes_last_5_avg,goal_rate,goals_per_start,shots_on_target_per90,goals_per_shot_on_target,recent_goals_last3,goal_streak,anytime_rank_team_position,anytime_percentile_team_position,goal_expectation,goal_expectation2,assist_rate,recent_assists_last3,chance_created_per90,recent_chances_created_per90,assist_expectation,cs_rate,recent_cs_rate,expected_minutes,cs_expectation,gc_per90,expected_gc_penalty,tackles_per90,recent_tackles_per90,expected_tackle_points,cc_per90,recent_cc_per90,expected_cc_points,sot_per90,recent_sot_per90,expected_sot_points,saves_per90,recent_saves_per90,expected_save_points,yc_per90,rc_per90,penalty_conceded_rate,own_goal_rate,penalties_won_per90,recent_penalties_won,points_last1,points_last3_avg,points_last5_avg,weighted_points,rolling_std_points,rolling_max_points,price_rank_team_position,points_rank_team_position,minutes_rank_team_position,starts_rank_team_position,shots_rank_team_position,cc_rank_team_position,tackles_rank_team_position,selected_rank_team_position,differential,price_raw,prob_plays_any,prob_plays_60min,lambda_goal,prob_scores,lambda_assist,expected_assists,position_yc_modifier,prob_yellow_card,prob_pen_won,prob_clean_sheet,position_rc_modifier,prob_red_card,position_og_modifier,prob_own_goal,position_pc_modifier,prob_penalty_committed,lambda_opp,prob_gc_0,prob_gc_1,prob_gc_2,prob_gc_3,prob_gc_4plus,expected_goals_conceded,expected_goals_conceded_norm,expected_player_goals_conceded,expected_saves,prob_penalty_save,lambda_tackles,expected_tackles,lambda_cc,expected_chances_created,lambda_sot,expected_shots_on_target,expected_qualification_points
0.0,Cristian Romero,2,Argentina,DEF,0.56,playing,0.3709677419354839,0.4710144927536231,0.8,6.5,0.5,0.0666666666666666,0.0476190476190476,0.2222222222222222,,,,0.0067,0.0067,Argentina,Switzerland,True,Switzerland,0.4635,0.4444,0.7566,0.5348,0.4545,0.5455,0.2434,0.125,0.2,0.4,0.5,0.7208333333333333,0.0,0.0,0.0588235294117647,0.25,0.0,0.0,0.4444444444444444,0.0,0.0,0.0,0.0,0.0,0.0,0.0,0.888888888888889,0.0,0.0,0.0,0.0,0.0,0.0,1.0,0.0,0.0,0.0,0.3333333333333333,0.0,0.0,0.0,0.0,1.0,0.0,0.6333333333333333,0.0,0.0,0.0,0.0,0.0,0.0,1.0,0.0,0.0,0.0,0.2,0.0,0.0,0.0,0.0,0.0,0.0,0.0,0.0,0.0,0.0,0.0,0.0,0.0,0.0,0.0,0.0,0.0,0.0,0.0,0.0,0.0,0.0,0.0,0.0,1.0,0.5,0.0,0.0,0.0,0.0,0.0,0.0,0.0,1.0,0.0,0.4,0.0,0.0,0.0,0.0,0.0,0.0,0.7416666666666667,0.0,0.0,0.0,0.0,0.0,0.0,0.0,0.5,1.0,0.0,0.6000000000000001,0.0,0.25,0.0,0.0,0.0,Cristian Romero,0.0,0.0,0.0066666666666666,0.9688995215311008,1.0,0.0297671070896098,0.0,0.840012928248222,0.7920656634746919,0.7692307692307692,,0.0,0.0,0.0,0.0,0.0,0.6966666666666668,0.7208333333333333,0.1481213872832369,0.0,0.0462427745664739,1.0,0.25,0.2,0.5625,0.51875,0.00506922,0.00358316,0.176300578034682,0.3333333333333333,0.0,0.0,0.0,0.0,0.0,0.6966666666666668,0.6966666666666667,0.0809248554913294,-0.19318772593191982,0.1156069364161849,0.1196172248803827,0.1156069364161849,0.0,0.0,0.0,0.0462427745664739,0.0909090909090909,0.0462427745664739,0.0,0.0,0.0,0.0,0.0,0.0,0.0,0.0,0.0,0.2222222222222222,0.1538461538461538,0.2941176470588235,0.238095238095238,0.5149983249443968,0.45,1.0,0.75,0.875,0.5625,0.9375,0.4375,0.8125,0.7250000000000001,0.0,4.9,0.7443591277196813,0.7948235826638058,0.006722545760826811,0.060625253359424654,0.1437694322570981,0.10284420170171524,0.45,0.05873884106564598,0.012919838025034608,0.34830548629348645,0.12,0.00737626428228837,0.08,0.002624648337234985,0.14,0.006513158764821482,0.7885573653646035,0.4545,0.35839932255821233,0.14130921277248132,0.037143473508538014,0.008647991160768309,0.7885573653646035,0.0,0.6267639902750258,0.0,0.0,0.17987581239473013,0.0,0.18404904804813807,0.0,0.19986043293361405,0.0,0.0
0.0004878048780487,Marcos Senesi,2,Argentina,DEF,0.48,playing,0.0806451612903225,0.3623188405797101,0.2,0.3,0.05,0.0,0.238095238095238,0.0,,,,0.0067,0.0067,Argentina,Switzerland,True,Switzerland,0.4635,0.4444,0.7566,0.5348,0.4545,0.5455,0.2434,0.0,0.0,0.0,0.125,0.1875,0.0,0.0,0.0,0.0,0.0,0.0,0.0,0.0,0.0,0.0,0.0,1.0,0.0,0.0,0.0,0.0,0.0,0.0,0.0,0.0,0.0,0.0,0.0,0.0,0.0,0.0,0.0,0.0,0.0,0.0,0.0,0.0,0.0,0.0,0.0,0.0,0.0,0.0,0.0,0.0,0.0,0.0,0.0,0.0,0.0,0.0,0.0,0.0,0.0,0.0,1.0,0.0,0.0,0.0,0.0,1.0,0.0,0.0,0.0,0.25,0.0,0.0,0.0,0.0,0.0,0.0,0.0,0.0,0.0,0.0,0.0,0.0,0.0,0.0,0.0,0.0,0.0,0.0,0.0,0.0,0.0,0.0,0.0,0.0,0.0,0.0,0.0,0.0,0.0,0.0,0.0,0.0,0.0,0.0,0.0,0.0,0.0,0.0,0.0,0.0,0.0,0.0,0.0,Marcos Senesi,0.0,0.0,0.0066666666666666,0.9688995215311008,1.0,0.0297671070896098,0.0,0.840012928248222,0.7920656634746919,0.7692307692307692,,0.0,0.0,0.0,0.0,0.0,0.3,0.1875,0.0,0.0,0.0,0.0,0.0,0.0,0.5625,0.51875,0.00506922,0.00358316,0.0,0.0,0.0,0.0,0.0,0.0,0.0,0.3,0.3,0.0777777777777777,-0.04129839951515541,0.0,0.0,0.0,0.0,0.0,0.0,0.0,0.0,0.0,0.0,0.0,0.0,0.0,0.0,0.0,0.0,1.0,1.0,0.0,0.1282051282051282,0.0980392156862745,0.119047619047619,0.2548580756047318,0.2,0.875,0.125,0.25,0.5625,0.4375,0.4375,0.125,0.175,1.0,4.7,0.26869572744754533,0.16991214997004858,0.006722545760826811,0.005316869100998934,0.08419899389637464,0.012875788870423212,0.45,0.007646046748652187,0.004176806955117953,0.08364360805455635,0.12,0.001374259162359056,0.08,0.0006617693489176619,0.14,0.0011871402309629403,0.7885573653646035,0.4545,0.35839932255821233,0.14130921277248132,0.037143473508538014,0.008647991160768309,0.7885573653646035,0.0,0.1339854773238169,0.0,0.0,0.09308066701604147,0.0,0.17447839495792877,0.0,0.1487552613103507,0.0,0.0
0.0009756097560975,Nahuel Molina,2,Argentina,DEF,0.3600000000000001,playing,0.2096774193548387,0.2898550724637681,0.8,4.4,0.1,0.6,0.0476190476190476,0.0555555555555555,,,,0.0067,0.0067,Argentina,Switzerland,True,Switzerland,0.4635,0.4444,0.7566,0.5348,0.4545,0.5455,0.2434,0.0,0.0,0.4,0.5,0.65,0.0,0.0,0.0,0.25,0.0,0.0,0.5,0.0,0.0,0.0,0.0,0.0,0.0,0.0,0.5,0.0,0.0,0.0,0.0,0.0,0.0,1.0,0.0,0.0,0.0,0.1666666666666666,0.0,0.0,0.0,0.0,0.0,0.0,1.0,0.0,0.0,0.0,0.0,0.0,0.0,1.0,0.0,0.0,0.0,0.4,0.0,0.0,0.0,0.0,1.0,0.0,0.0,0.0,0.0,0.0,0.0,0.0,0.0,0.0,0.0,0.0,0.0,0.0,0.0,0.0,0.0,0.0,0.0,0.0,0.8666666666666667,0.0,0.0,0.0,0.0,0.0,0.0,0.0,0.0,1.0,0.0,0.6000000000000001,0.0,0.0,0.0,0.0,0.0,0.0,0.6083333333333333,0.0,0.0,0.0,0.0,0.0,0.0,0.0,0.0,1.0,0.0,0.6000000000000001,0.0,0.0,0.0,0.0,0.0,Nahuel Molina,0.0,0.0,0.0066666666666666,0.9688995215311008,1.0,0.0297671070896098,0.0,0.840012928248222,0.7920656634746919,0.7692307692307692,,0.0,0.0,0.0,0.0,0.0,0.59,0.6499999999999999,0.0,0.0,0.0,0.0,0.0,0.0,0.5625,0.51875,0.00506922,0.00358316,0.0,0.0,0.0,0.0,0.0,0.0,0.0,0.59,0.59,0.0897435897435897,-0.1673259169474973,0.1442307692307692,0.1694915254237288,0.1442307692307692,0.0,0.0,0.0,0.0,0.0,0.0,0.0,0.0,0.0,0.0,0.0,0.0,0.0,0.0,0.0,0.0555555555555555,0.2820512820512821,0.2352941176470588,0.2063492063492063,0.5343416269481355,0.45,0.5625,0.625,0.75,0.5625,0.4375,0.4375,1.0,0.5875,1.0,4.4,0.5917609879356852,0.6884215036910993,0.006722545760826811,0.018939763695567022,0.08568205333511011,0.05308683119666773,0.45,0.05580185842419199,0.010204302789598626,0.30167824891960204,0.12,0.006492710513697706,0.08,0.0022732898147335406,0.14,0.005724464535124739,0.7885573653646035,0.4545,0.35839932255821233,0.14130921277248132,0.037143473508538014,0.008647991160768309,0.7885573653646035,0.0,0.542859847210992,0.0,0.0,0.20630992693886074,0.0,0.16029199918404444,0.0,0.13492665125959305,0.0,0.0
0.0014634146341463,Nicolás Otamendi,2,Argentina,DEF,0.3600000000000001,playing,0.0967741935483871,0.1666666666666666,0.8,1.6,0.1,0.0666666666666666,0.1428571428571428,0.0,,,,0.0067,0.0067,Argentina,Switzerland,True,Switzerland,0.4635,0.4444,0.7566,0.5348,0.4545,0.5455,0.2434,0.0,0.0,0.6000000000000001,0.125,0.2791666666666667,0.0,0.0,0.0,0.0,0.0,0.0,0.1111111111111111,0.0,0.0,0.0,0.0,0.0,0.0,0.0,0.1111111111111111,0.0,0.0,0.0,0.0,0.0,0.0,1.0,0.0,0.0,0.0,0.1666666666666666,0.0,0.0,0.0,0.0,0.0,0.0,0.3666666666666667,0.0,0.0,0.0,0.0,0.0,0.0,1.0,0.0,0.0,0.0,0.0,0.0,0.0,0.0,0.0,0.0,0.0,1.0,0.0,0.0,0.0,0.0,0.0,0.0,0.0,0.0,0.25,0.0,0.125,0.0,0.0,0.0,0.0,0.0,0.0,0.0,0.0,0.0,0.0,0.0,0.0,0.0,0.0,0.0,0.0,0.0,0.0,0.0,0.0,0.0,0.0,0.0,0.0,0.0083333333333333,0.0,0.0,0.0,0.0,0.0,0.0,1.0,0.0,0.0,0.0,0.0,0.0,0.0,0.0,0.0,0.0,,,0.0,0.0066666666666666,0.9688995215311008,1.0,0.0297671070896098,0.0,0.840012928248222,0.7920656634746919,0.7692307692307692,,0.0,0.0,0.0,0.0,0.0,0.3033333333333333,0.2791666666666667,0.0,0.0,0.0,0.0,0.0,0.0,0.5625,0.51875,0.00506922,0.00358316,0.0,0.0,0.0,0.0,0.0,0.0,0.3333333333333333,0.3033333333333333,0.3033333333333333,0.0522388059701492,-0.05198283480928753,0.0746268656716418,0.0549450549450549,0.0746268656716417,0.0,0.0,0.0,0.0,0.0,0.0,0.0,0.0,0.0,0.0,0.0,0.0,0.0,0.0,0.0,0.0,0.1025641025641025,0.0980392156862745,0.0952380952380952,0.1040453736765417,0.1,0.5625,0.3125,0.375,0.5625,0.4375,0.4375,0.3125,0.45,1.0,4.4,0.30709196963182134,0.21387064214783016,0.006722545760826811,0.005883981546161355,0.08426068886293135,0.016218798871440284,0.45,0.013614302817320833,0.0031701519760510195,0.11489261329801916,0.12,0.0018333640584874045,0.08,0.0008329777219093555,0.14,0.0015873600922511528,0.7885573653646035,0.4545,0.35839932255821233,0.14130921277248132,0.037143473508538014,0.008647991160768309,0.7885573653646035,0.0,0.1686492701009289,0.0,0.0,0.14437302684295536,0.0,0.16029199918404444,0.0,0.13492665125959305,0.0,0.0
0.0029268292682926,Nicolás Tagliafico,2,Argentina,DEF,0.3199999999999998,playing,0.1451612903225806,0.2173913043478261,0.8,0.7,0.05,0.0666666666666666,0.1428571428571428,0.0555555555555555,,,,0.0067,0.0067,Argentina,Switzerland,True,Switzerland,0.4635,0.4444,0.7566,0.5348,0.4545,0.5455,0.2434,0.0,0.0,0.2,0.375,0.4125,0.0,0.0,0.0,0.0,0.3333333333333333,0.0,0.1666666666666666,0.0,0.0,0.0,0.0,1.0,0.0,0.0,0.0,0.0,0.0,0.0,0.0,0.0,0.0,0.0,0.0,0.0,0.0,0.0,0.0,0.0,0.0,0.0,0.0,0.0,0.0888888888888888,0.0,0.0,0.0,0.0,0.0,0.0,1.0,0.0,0.0,0.0,0.0,0.0,0.0,0.0,0.0,0.0,0.0,1.0,0.0,0.0,0.0,0.0,0.0,0.0,0.0,0.0,0.25,0.0,0.0,0.5,0.0,0.0,0.0,0.0,0.0,0.2833333333333333,0.0,0.0,0.0,0.0,0.0,0.0,0.0,0.0,0.5,0.0,0.6000000000000001,0.0,0.0,0.0,0.0,0.0,0.0,0.55,0.0,0.0,0.0,0.0,1.0,0.0,0.0,0.0,0.5,0.0,0.0,0.5,0.0,0.0,0.0,0.0,Nicolás Tagliafico,0.0,0.0,0.0066666666666666,0.9688995215311008,1.0,0.0297671070896098,0.0,0.840012928248222,0.7920656634746919,0.7692307692307692,,0.0,0.0,0.0,0.0,0.0,0.6333333333333334,0.4125,0.0,0.0,0.0,0.0,0.0,0.0,0.5625,0.51875,0.00506922,0.00358316,0.0,0.0,0.616161616161616,0.3789473684210526,0.6878181818181819,0.0,0.0,0.6333333333333334,0.6333333333333333,0.106060606060606,-0.11167614838557152,0.0757575757575757,0.0789473684210526,0.0757575757575757,0.616161616161616,0.3789473684210526,0.616161616161616,0.0,0.0,0.0,0.0,0.0,0.0,0.0,0.0,0.0,0.0,0.4545454545454545,1.0,0.0555555555555555,0.1282051282051282,0.0980392156862745,0.119047619047619,0.1040453736765417,0.1,0.3125,0.5,0.5,0.5625,0.4375,1.0,0.5,0.3125,1.0,4.3,0.4203711435152753,0.4594641607262107,0.006722545760826811,0.012061793938171379,0.49348843099175926,0.2040662229963509,0.45,0.029377859973706198,0.018123467910098362,0.20730151172365854,0.12,0.004013309287794732,0.08,0.001603700369659839,0.14,0.0034991632314167608,0.7885573653646035,0.4545,0.35839932255821233,0.14130921277248132,0.037143473508538014,0.008647991160768309,0.7885573653646035,0.0,0.36231384806171946,0.0,0.0,0.14919734321191652,0.0,0.3888663952786278,0.0,0.13035928622087856,0.0,0.0
0.0048780487804878,Lionel Messi,2,Argentina,FWD,0.9230769230769232,playing,1.0,0.9565217391304348,1.0,53.8,1.0,0.9333333333333332,0.3809523809523809,0.5555555555555556,,,,0.0067,0.0067,Argentina,Switzerland,True,Switzerland,0.4635,0.4444,0.7566,0.5348,0.4545,0.5455,0.2434,1.0,0.2,0.6000000000000001,0.5,0.8541666666666666,0.0,0.0,1.0,0.0,1.0,0.0,0.3333333333333333,0.0,0.0,0.0,0.0,0.0,1.0,0.0,0.888888888888889,0.0,0.0,0.0,0.0,0.0,0.0,1.0,1.0,0.0,0.0,0.3333333333333333,0.0,1.0,0.0,0.0,0.0,0.0,1.0,0.0,0.0,0.0,0.0,0.0,0.0,1.0,1.0,0.0,0.0,0.4,1.0,1.0,0.0,0.0,0.0,0.0,0.3333333333333333,0.0,0.0,0.0,0.0,0.0,0.0,1.0,0.3333333333333333,0.0,0.0,0.0,0.5,0.3333333333333333,1.0,0.0,0.0,0.0,1.0,0.0,0.0,0.0,0.0,0.0,0.0,0.0,0.5,1.0,0.0,0.2,0.5,1.0,0.0,0.0,0.0,0.0,0.75,0.5,0.0,0.0,0.0,0.0,0.0,0.0,0.5,1.0,0.0,0.2,1.0,0.5,0.0,0.0,0.0,,,0.0,0.0066666666666666,0.9688995215311008,1.0,0.0297671070896098,0.0,0.840012928248222,0.7920656634746919,0.7692307692307692,,0.0,0.0,0.0,0.0,0.0,0.8,0.8541666666666666,1.0,0.0,0.6634146341463415,0.4705882352941176,0.75,1.0,0.625,0.5875,0.00506922,0.00358316,0.148780487804878,0.3333333333333333,0.8926829268292682,0.6000000000000001,0.9964975609756098,0.0,0.3333333333333333,0.8,0.7999999999999999,0.0682926829268292,0.0,0.073170731707317,0.0416666666666666,0.073170731707317,0.8926829268292682,0.6000000000000001,0.8926829268292682,0.6634146341463415,0.7125000000000001,0.6634146341463415,0.0,0.0,0.0,0.0,0.0,0.0,0.0,0.0,0.0,0.5555555555555556,0.8205128205128206,1.0,0.8809523809523809,0.6621407034999387,0.95,1.0,1.0,1.0,0.625,1.0,1.0,1.0,1.0,0.0,10.0,0.84224131298103,0.872556024134256,0.006722545760826811,0.35089066953635917,0.9327468418403904,0.8138738758400348,0.35,0.046500851530081676,0.05420488675285089,0.0,0.08,0.007617837432907672,0.02,0.0025877238652160565,0.01,0.006056831819540185,0.7885573653646035,0.4545,0.35839932255821233,0.14130921277248132,0.037143473508538014,0.008647991160768309,0.7885573653646035,0.0,0.0,0.0,0.0,0.14123569855220794,0.0,0.9273837634380915,0.0,0.8317722422244488,0.7257678806606004,0.0
0.0053658536585365,Julián Alvarez,2,Argentina,FWD,0.7076923076923076,playing,0.1290322580645161,0.1739130434782608,1.0,7.9,0.1,0.0666666666666666,0.1428571428571428,0.0555555555555555,,,,0.0067,0.0067,Argentina,Switzerland,True,Switzerland,0.4635,0.4444,0.7566,0.5348,0.4545,0.5455,0.2434,0.0,0.0,0.4,0.5,0.6020833333333333,0.0,0.0,0.1764705882352941,0.0,0.0,0.0,0.1111111111111111,0.0,0.0,0.0,0.0,0.0,0.0,0.0,0.3888888888888889,0.0,0.0,0.0,0.0,0.0,0.0,1.0,0.0,0.0,0.0,0.1666666666666666,0.0,0.0,0.0,0.0,0.0,0.0,0.2888888888888889,0.0,0.0,0.0,0.0,0.0,0.0,1.0,0.0,0.0,0.0,0.0,0.0,0.25,0.0,0.0,0.0,0.0,0.9111111111111112,0.0,0.0,0.0,0.0,0.0,0.0,0.0,0.0,0.25,0.0,0.0,0.0,0.3333333333333333,0.0,0.0,0.0,0.0,0.475,0.0,0.0,0.0,0.0,0.0,0.0,0.0,0.0,0.5,0.0,0.0,0.0,0.0,0.0,0.0,0.0,0.0,0.7416666666666667,0.0,0.0,0.0,0.0,0.0,0.0,0.0,0.0,1.0,0.0,0.2,0.0,0.25,0.0,0.0,0.0,Julián Álvarez,0.0,0.0,0.0066666666666666,0.9688995215311008,1.0,0.0297671070896098,0.0,0.840012928248222,0.7920656634746919,0.7692307692307692,,0.0,0.0,0.0,0.0,0.0,0.76,0.6020833333333333,0.0,0.0,0.1660899653979238,0.0,0.0,0.0,0.625,0.5875,0.00506922,0.00358316,0.0,0.0,0.0,0.0,0.0,0.0,0.0,0.76,0.76,0.0968858131487889,0.0,0.0346020761245674,0.0219298245614035,0.0346020761245674,0.0,0.0,0.0,0.1660899653979238,0.1666666666666666,0.1660899653979238,0.0,0.0,0.0,0.0,0.0,0.0,0.0,0.0,0.0,0.0555555555555555,0.1282051282051282,0.1176470588235294,0.1269841269841269,0.0637145189011829,0.1,0.5,0.5,0.75,0.625,0.75,0.375,0.5,0.7250000000000001,0.0,8.6,0.6679105728357206,0.6969624900570953,0.006722545760826811,0.04752177476334413,0.08880080703921402,0.06189083159313024,0.35,0.030422774436229247,0.012121877118214915,0.0,0.08,0.005818012676868012,0.02,0.002066969247585701,0.01,0.004591711118945177,0.7885573653646035,0.4545,0.35839932255821233,0.14130921277248132,0.037143473508538014,0.008647991160768309,0.7885573653646035,0.0,0.0,0.0,0.0,0.11593906253509831,0.0,0.20196225566278833,0.0,0.24733471043459915,0.17238301566204886,0.0
0.0063414634146341,Giuliano Simeone,2,Argentina,MID,0.1698113207547168,playing,0.0483870967741935,0.2173913043478261,0.2,0.5,0.05,0.0,0.1428571428571428,0.0,,,,0.0067,0.0067,Argentina,Switzerland,True,Switzerland,0.4635,0.4444,0.7566,0.5348,0.4545,0.5455,0.2434,0.0,0.0,0.0,0.125,0.1479166666666666,0.0,0.0,0.0,0.0,0.0,0.0,0.1111111111111111,0.0,0.0,0.0,0.0,0.0,0.0,0.0,0.0,0.0,0.0,0.0,0.0,0.0,0.0,0.0,0.0,0.0,0.0,0.0,0.0,0.0,0.0,0.0,0.0,0.0,0.0,0.0,0.0,0.0,0.0,0.0,0.0,0.0,0.0,0.0,0.0,0.0,0.0,0.0,0.0,0.0,0.0,0.0,0.788888888888889,0.0,0.0,0.0,0.0,0.0,0.0,0.0,0.0,0.25,0.0,0.25,0.0,0.0,0.0,0.0,0.0,0.0,0.0,0.0,0.0,0.0,0.0,0.0,0.0,0.0,0.0,0.0,0.0,0.0,0.0,0.0,0.0,0.0,0.0,0.0,0.0,0.0,0.0,0.0,0.0,0.0,0.0,0.0,0.0,0.0,0.0,0.0,0.0,0.0,0.0,0.0,0.0,Giuliano Simeone,0.0,0.0,0.0066666666666666,0.9688995215311008,1.0,0.0297671070896098,0.0,0.840012928248222,0.7920656634746919,0.7692307692307692,,0.0,0.0,0.0,0.0,0.0,0.2366666666666667,0.1479166666666666,0.0,0.0,0.0,0.0,0.0,0.0,0.5454545454545455,0.5,0.00506922,0.00358316,0.0,0.0,0.0,0.0,0.0,0.0,0.0,0.2366666666666667,0.2366666666666666,0.0985915492957746,0.0,0.1408450704225352,0.1408450704225352,0.1408450704225352,0.0,0.0,0.0,0.0,0.0,0.0,0.0,0.0,0.0,0.0,0.0,0.0,0.0,0.0,0.0,0.0,0.0769230769230769,0.0588235294117647,0.0714285714285714,0.1274290378023659,0.1,0.1818181818181818,0.1818181818181818,0.3181818181818182,0.5454545454545455,0.3181818181818182,0.4545454545454546,0.2727272727272727,0.6000000000000001,1.0,5.6,0.22891783130202298,0.17132884264460632,0.006722545760826811,0.0052673652028379135,0.08419360865234844,0.014424793528479772,0.55,0.015455792072376106,0.0023248240811661524,0.08434101131162394,0.14,0.0015540532946580444,0.04,0.0006221939973539506,0.05,0.0012294388590502949,0.7885573653646035,0.4545,0.35839932255821233,0.14130921277248132,0.037143473508538014,0.008647991160768309,0.7885573653646035,0.0,0.0,0.0,0.0,0.19897460724676555,0.03409008917525344,0.13821219573984994,0.02367973553547828,0.11339395536157511,0.0,0.0
0.0068292682926829,Nico González,2,Argentina,MID,0.1698113207547168,playing,0.1451612903225806,0.2173913043478261,0.8,0.2,0.25,0.0666666666666666,0.0476190476190476,0.1111111111111111,,,,0.0067,0.0067,Argentina,Switzerland,True,Switzerland,0.4635,0.4444,0.7566,0.5348,0.4545,0.5455,0.2434,0.0,0.2,0.4,0.25,0.2916666666666667,0.0,0.0,0.0,0.0,0.0,0.0,0.1666666666666666,0.0,0.0,0.0,0.0,0.0,0.0,0.0,0.3888888888888889,1.0,0.0,0.0,0.0,0.0,0.0,1.0,0.0,0.0,0.0,0.0,0.0,0.0,0.0,0.0,0.0,0.0,0.2777777777777778,0.0,0.0,0.0,0.0,0.0,0.0,1.0,0.0,0.0,0.0,0.0,0.0,0.0,0.0,0.0,0.0,0.0,0.0,0.0,0.0,0.0,0.0,0.0,0.0,0.0,0.0,0.0,0.0,0.0,0.0,0.0,0.0,0.0,0.0,0.0,0.4666666666666667,0.0,0.0,0.0,0.0,0.0,0.0,0.0,0.0,0.5,0.0,0.6000000000000001,0.0,0.0,0.0,0.0,0.0,0.0,0.2,0.0,0.0,0.0,0.0,0.0,0.0,0.0,0.0,0.5,0.0,0.0,0.0,0.0,0.0,0.0,0.0,,,0.0,0.0066666666666666,0.9688995215311008,1.0,0.0297671070896098,0.0,0.840012928248222,0.7920656634746919,0.7692307692307692,,0.0,0.0,0.0,0.0,0.0,0.2666666666666666,0.2916666666666666,0.0,0.0,0.0,0.0,0.0,0.0,0.5454545454545455,0.5,0.00506922,0.00358316,0.4357142857142857,0.0,0.0,0.0,0.0,0.0,0.0,0.2666666666666666,0.2666666666666666,0.1,0.0,0.1071428571428571,0.1875,0.1071428571428571,0.0,0.0,0.0,0.0,0.0,0.0,0.0,0.0,0.0,0.0,0.0,0.0,0.0,0.0,0.0,0.1111111111111111,0.1025641025641025,0.1568627450980392,0.1349206349206349,0.217626512752408,0.2,0.1818181818181818,0.5909090909090909,0.5454545454545455,0.5454545454545455,0.3181818181818182,0.4545454545454546,0.4090909090909091,0.1999999999999999,1.0,5.6,0.25913782516746786,0.293319088306494,0.006722545760826811,0.0090178555765923,0.1680556573131078,0.049293932187829355,0.55,0.023989311150781116,0.003980154592972768,0.14494370577964452,0.14,0.0026254426178077277,0.04,0.0010080665405467362,0.05,0.0020850952542324106,0.7885573653646035,0.4545,0.35839932255821233,0.14130921277248132,0.037143473508538014,0.008647991160768309,0.7885573653646035,0.0,0.0,0.0,0.0,0.18702431171768658,0.05485780060418137,0.13821219573984994,0.04054027524725148,0.11339395536157511,0.0,0.0
0.0073170731707317,José Manuel López,2,Argentina,FWD,0.1999999999999999,playing,0.032258064516129,0.144927536231884,0.2,0.1,0.05,0.0,0.0952380952380952,0.0,,,,0.0067,0.0067,Argentina,Switzerland,True,Switzerland,0.4635,0.4444,0.7566,0.5348,0.4545,0.5455,0.2434,0.0,0.0,0.2,0.0,0.0166666666666666,0.0,0.0,0.0,0.0,0.0,0.0,0.0555555555555555,0.0,0.0,0.0,0.0,0.0,0.0,0.0,0.0,0.0,0.0,0.0,0.0,0.0,0.0,0.0,0.0,0.0,0.0,0.0,0.0,0.0,0.0,0.0,0.0,0.0,0.0,0.0,0.0,0.0,0.0,0.0,0.0,0.0,0.0,0.0,0.0,0.0,0.0,0.0,0.0,0.0,0.0,0.0,0.0888888888888888,0.0,0.0,0.0,0.0,0.0,0.0,1.0,0.0,0.0,0.0,0.125,0.0,0.0,0.0,0.0,0.0,0.0,0.0,0.0,0.0,0.0,0.0,0.0,0.0,0.0,0.0,0.0,0.0,0.0,0.0,0.0,0.0,0.0,0.0,0.0,0.0,0.0,0.0,0.0,0.0,0.0,0.0,0.0,0.0,0.0,0.0,0.0,0.0,0.0,0.0,0.0,0.0,,,0.0,0.0066666666666666,0.9688995215311008,1.0,0.0297671070896098,0.0,0.840012928248222,0.7920656634746919,0.7692307692307692,,0.0,0.0,0.0,0.0,0.0,0.0266666666666666,0.0166666666666666,0.0,0.0,0.0,0.0,0.0,0.0,0.625,0.5875,0.00506922,0.00358316,0.0,0.0,0.0,0.0,0.0,0.0,0.3333333333333333,0.0266666666666666,0.0266666666666666,0.0,0.0,0.625,0.625,0.625,0.0,0.0,0.0,0.0,0.0,0.0,0.0,0.0,0.0,0.0,0.0,0.0,0.0,0.0,0.0,0.0,0.0512820512820512,0.0392156862745098,0.0476190476190476,0.0637145189011829,0.05,0.25,0.25,0.25,0.625,0.25,0.375,0.25,0.175,1.0,5.3,0.1379407213021581,0.0930880118142751,0.006722545760826811,0.0029883740080428496,0.08394572171727605,0.007814340334975642,0.35,0.017803082259480112,0.0012810345779439597,0.0,0.08,0.001140297903969551,0.02,0.0003447990594727571,0.01,0.0008954832450134339,0.7885573653646035,0.4545,0.35839932255821233,0.14130921277248132,0.037143473508538014,0.008647991160768309,0.7885573653646035,0.0,0.0,0.0,0.0,0.6834543085890455,0.0,0.1416845393809098,0.0,0.11678103782392116,0.01087091462863648,0.0
0.0082926829268292,Emiliano Martínez,2,Argentina,GK,1.0,playing,0.3225806451612903,0.3478260869565217,1.0,35.6,0.4,0.4666666666666667,0.1428571428571428,0.1111111111111111,,,,0.0067,0.0067,Argentina,Switzerland,True,Switzerland,0.4635,0.4444,0.7566,0.5348,0.4545,0.5455,0.2434,0.0,0.0,0.4,0.625,1.0,0.0,0.0,0.0,0.0,0.0,0.0,0.0,0.25,0.0,0.0,0.0,0.0,0.0,0.0,1.0,0.0,0.0,0.0,0.0,0.0,0.0,1.0,0.0,0.0,0.0,0.0,0.0,0.0,0.0,0.0,0.0,0.0,1.0,0.0,0.0,0.0,0.0,0.0,0.0,1.0,0.0,0.0,0.0,0.0,0.0,0.0,0.0,0.3333333333333333,0.0,0.0,1.0,0.0,0.0,0.0,0.0,0.0,0.0,0.0,0.0,0.25,0.0,0.0,0.0,0.0,0.0,0.0,0.0,0.0,1.0,0.0,0.0,0.0,0.0,0.0,0.0,0.0,0.0,1.0,0.0,0.0,0.0,0.0,0.0,0.75,0.0,0.0,0.75,0.0,0.0,0.0,0.0,0.0,0.0,0.0,0.0,1.0,0.0,0.0,0.0,0.0,0.0,0.0,0.0,Emiliano Martínez,0.0,0.0,0.0066666666666666,0.9688995215311008,1.0,0.0297671070896098,0.0,0.840012928248222,0.7920656634746919,0.7692307692307692,,0.0,0.0,0.0,0.0,0.0,1.0,1.0,0.0,0.0,0.0,0.0,0.0,0.0,0.6666666666666667,0.6333333333333334,0.00506922,0.00358316,0.0,0.0,0.0,0.0,0.0,0.0,0.0,1.0,1.0,0.0729166666666666,-0.2246194759872863,0.0,0.0,0.0,0.0,0.0,0.0,0.0,0.0,0.0,0.15,0.18,0.15,0.0,0.0,0.0,0.0,0.0,0.0,0.1111111111111111,0.3076923076923077,0.3725490196078431,0.3015873015873016,0.3678559463888548,0.35,1.0,1.0,1.0,0.6666666666666667,0.6666666666666667,0.6666666666666667,0.6666666666666667,1.0,0.0,5.0,0.8909031788043871,0.9241418199787566,0.006722545760826811,0.0,0.08362076797007495,0.0077277448699886375,0.15,0.013862127299681348,0.018351417845059715,0.37958359954613263,0.04,0.0072560631056542545,0.05,0.002734542693035705,0.08,0.006173121151293005,0.7885573653646035,0.4545,0.35839932255821233,0.14130921277248132,0.037143473508538014,0.008647991160768309,0.7885573653646035,0.0,0.728738838785698,0.7394875714670794,0.02483306976934372,0.09308066701604147,0.0,0.23839044673362322,0.0,0.21099267314522557,0.0,0.0
0.008780487804878,Gerónimo Rulli,2,Argentina,GK,0.666666666666667,playing,0.0161290322580645,0.072463768115942,0.0,0.2,0.05,0.0,0.0476190476190476,0.0,,,,0.0067,0.0067,Argentina,Switzerland,True,Switzerland,0.4635,0.4444,0.7566,0.5348,0.4545,0.5455,0.2434,0.0,0.0,0.0,0.0,0.0,0.0,0.0,0.0,0.0,0.0,0.0,0.0,0.0,0.0,0.0,0.0,0.0,0.0,0.0,0.0,0.0,0.0,0.0,0.0,0.0,0.0,0.0,0.0,0.0,0.0,0.0,0.0,0.0,0.0,0.0,0.0,0.0,0.0,0.0,0.0,0.0,0.0,0.0,0.0,0.0,0.0,0.0,0.0,0.0,0.0,0.0,0.0,0.0,0.0,0.0,0.0,0.0,0.0,0.0,0.0,0.0,0.0,0.0,0.0,0.0,0.0,0.0,0.0,0.0,0.0,0.0,0.0,0.0,0.0,0.0,0.0,0.0,0.0,0.0,0.0,0.0,0.0,0.0,0.0,0.0,0.0,0.0,0.0,0.0,0.0,0.0,0.0,0.0,0.0,0.0,0.0,0.0,0.0,0.0,0.0,0.0,0.0,0.0,0.0,0.0,0.0,0.0,0.0,Gerónimo Rulli,0.0,0.0,0.0066666666666666,0.9688995215311008,1.0,0.0297671070896098,0.0,0.840012928248222,0.7920656634746919,0.7692307692307692,,0.0,0.0,0.0,0.0,0.0,0.0,0.0,0.0,0.0,0.0,0.0,0.0,0.0,0.6666666666666667,0.6333333333333334,0.00506922,0.00358316,0.0,0.0,0.0,0.0,0.0,0.0,0.0,0.0,0.0,0.0,-0.030009575290549532,0.0,0.0,0.0,0.0,0.0,0.0,0.0,0.0,0.0,0.0,0.0,0.0,0.0,0.0,0.0,0.0,0.0,0.0,0.0,0.0256410256410256,0.0196078431372549,0.0238095238095238,0.0,0.0,0.6666666666666667,0.4999999999999999,0.4999999999999999,0.6666666666666667,0.6666666666666667,0.6666666666666667,0.6666666666666667,0.6333333333333335,1.0,4.5,0.2650274005334812,0.12346704756522399,0.006722545760826811,0.0,0.08362076797007495,0.0010324409336401803,0.15,0.0018520057134783598,0.0021075138045910232,0.06425085489124557,0.04,0.0009560970428696396,0.05,0.00048192327578444946,0.08,0.000808991995860124,0.7885573653646035,0.4545,0.35839932255821233,0.14130921277248132,0.037143473508538014,0.008647991160768309,0.7885573653646035,0.0,0.09736084973737921,0.04926359353917813,0.0024774424878703624,0.09308066701604147,0.0,0.1969540920782729,0.0,0.17065388952628213,0.0,0.0
0.0092682926829268,Juan Musso,2,Argentina,GK,0.5333333333333332,playing,0.0161290322580645,0.072463768115942,0.0,0.1,0.05,0.0,0.0476190476190476,0.0,,,,0.0067,0.0067,Argentina,Switzerland,True,Switzerland,0.4635,0.4444,0.7566,0.5348,0.4545,0.5455,0.2434,0.0,0.0,0.0,0.0,0.0,0.0,0.0,0.0,0.0,0.0,0.0,0.0,0.0,0.0,0.0,0.0,0.0,0.0,0.0,0.0,0.0,0.0,0.0,0.0,0.0,0.0,0.0,0.0,0.0,0.0,0.0,0.0,0.0,0.0,0.0,0.0,0.0,0.0,0.0,0.0,0.0,0.0,0.0,0.0,0.0,0.0,0.0,0.0,0.0,0.0,0.0,0.0,0.0,0.0,0.0,0.0,0.0,0.0,0.0,0.0,0.0,0.0,0.0,0.0,0.0,0.0,0.0,0.0,0.0,0.0,0.0,0.0,0.0,0.0,0.0,0.0,0.0,0.0,0.0,0.0,0.0,0.0,0.0,0.0,0.0,0.0,0.0,0.0,0.0,0.0,0.0,0.0,0.0,0.0,0.0,0.0,0.0,0.0,0.0,0.0,0.0,0.0,0.0,0.0,0.0,0.0,0.0,0.0,Juan Musso,0.0,0.0,0.0066666666666666,0.9688995215311008,1.0,0.0297671070896098,0.0,0.840012928248222,0.7920656634746919,0.7692307692307692,,0.0,0.0,0.0,0.0,0.0,0.0,0.0,0.0,0.0,0.0,0.0,0.0,0.0,0.6666666666666667,0.6333333333333334,0.00506922,0.00358316,0.0,0.0,0.0,0.0,0.0,0.0,0.0,0.0,0.0,0.0,-0.027233857988568217,0.0,0.0,0.0,0.0,0.0,0.0,0.0,0.0,0.0,0.0,0.0,0.0,0.0,0.0,0.0,0.0,0.0,0.0,0.0,0.0256410256410256,0.0196078431372549,0.0238095238095238,0.0,0.0,0.3333333333333333,0.4999999999999999,0.4999999999999999,0.6666666666666667,0.6666666666666667,0.6666666666666667,0.6666666666666667,0.2666666666666667,1.0,4.3,0.19154534856146752,0.11204703855699032,0.006722545760826811,0.0,0.08362076797007495,0.0009369459412908129,0.15,0.0016807055783548547,0.001799135495800062,0.058308011386729745,0.04,0.0008674920458964457,0.05,0.0004373480773062602,0.08,0.0007339627428877757,0.7885573653646035,0.4545,0.35839932255821233,0.14130921277248132,0.037143473508538014,0.008647991160768309,0.7885573653646035,0.0,0.08835551752140643,0.03866707198862902,0.001959598788723422,0.09308066701604147,0.0,0.18084864206562526,0.0,0.1549632320806675,0.0,0.0
0.0097560975609756,Leandro Paredes,2,Argentina,MID,0.1698113207547168,playing,0.1129032258064516,0.1811594202898551,0.8,0.2,0.05,0.0,0.1428571428571428,0.0555555555555555,,,,0.0067,0.0067,Argentina,Switzerland,True,Switzerland,0.4635,0.4444,0.7566,0.5348,0.4545,0.5455,0.2434,0.0,0.0,0.2,0.5,0.4666666666666667,0.5,0.0,0.0588235294117647,0.0,0.0,0.0,0.2222222222222222,0.0,0.0,0.0,0.0,0.0,0.0,0.0,0.0,0.0,0.0,0.0,0.0,0.0,0.0,0.0,0.0,0.0,0.0,0.0,0.0,0.0,0.0,0.0,0.0,0.0,0.0888888888888888,0.0,1.0,0.0,0.0,0.0,0.0,1.0,0.0,0.0,0.0,0.0,0.0,0.0,0.0,0.0,0.0,0.0,1.0,0.0,0.0,0.0,0.0,0.0,0.0,0.0,0.0,0.25,0.0,0.0,0.0,0.0,0.0,0.0,0.0,0.0,0.3,0.0,0.0,0.0,0.0,0.0,0.0,0.0,0.0,0.5,0.0,0.2,0.0,0.1666666666666666,0.0,0.0,0.0,0.0,0.75,0.0,0.0,0.0,0.0,0.0,0.0,0.0,0.0,1.0,0.0,0.6000000000000001,0.0,0.0,0.0,0.0,0.0,,,0.0,0.0066666666666666,0.9688995215311008,1.0,0.0297671070896098,0.0,0.840012928248222,0.7920656634746919,0.7692307692307692,,0.0,0.0,0.0,0.0,0.0,0.72,0.4666666666666666,0.0,0.0,0.0714285714285714,0.0,0.0,0.0,0.5454545454545455,0.5,0.00506922,0.00358316,0.0,0.0,0.0,0.0,0.0,0.0,0.0,0.72,0.72,0.125,0.0,0.0892857142857142,0.0925925925925925,0.0892857142857142,0.0,0.0,0.0,0.0714285714285714,0.0879629629629629,0.0714285714285714,0.0,0.0,0.0,0.2232142857142857,0.0,0.0,0.0,0.0,0.0,0.0555555555555555,0.1025641025641025,0.0784313725490196,0.1031746031746031,0.1220040151072922,0.1,0.1818181818181818,0.4545454545454546,0.7272727272727273,0.5454545454545455,0.7272727272727273,0.4545454545454546,0.5909090909090909,0.1999999999999999,1.0,5.6,0.4881840185415929,0.5606543645311677,0.006722545760826811,0.019710335230579044,0.08576600753661068,0.0480850864538138,0.55,0.0934090218049249,0.007607725282874306,0.23744011092899278,0.14,0.00536385370225603,0.04,0.0017236258819391887,0.05,0.0043958359715572624,0.7885573653646035,0.4545,0.35839932255821233,0.14130921277248132,0.037143473508538014,0.008647991160768309,0.7885573653646035,0.0,0.0,0.0,0.0,0.15947855146624837,0.0894123459286606,0.13821219573984994,0.07748927077298293,0.14179531015373611,0.0,0.0
0.0107317073170731,Rodrigo De Paul,2,Argentina,MID,0.2264150943396227,playing,0.2741935483870967,0.3623188405797101,0.8,2.5,0.5,0.2,0.0476190476190476,0.1111111111111111,,,,0.0067,0.0067,Argentina,Switzerland,True,Switzerland,0.4635,0.4444,0.7566,0.5348,0.4545,0.5455,0.2434,0.0,0.2,0.4,0.25,0.6708333333333333,0.0,0.0,0.0588235294117647,0.25,0.1666666666666666,0.0,0.3333333333333333,0.0,0.0,0.0,0.0,0.0,0.0,0.0,1.0,1.0,0.0,0.0,0.0,0.0,0.0,1.0,0.0,0.0,0.0,0.5,0.0,0.0,0.0,0.0,1.0,0.0,0.9111111111111112,0.0,0.0,0.0,0.0,0.0,0.0,1.0,0.0,0.0,0.0,0.2,0.0,0.0,0.0,0.0,0.0,0.0,0.0,0.0,0.0,0.0,0.0,0.0,0.0,0.0,0.0,0.0,0.0,0.0,0.0,0.0,0.0,0.0,0.0,0.0,0.7,0.0,0.0,0.0,0.0,0.0,0.0,0.0,0.0,0.5,0.0,0.2,0.0,0.0,0.0,0.0,0.0,0.0,0.55,0.0,0.0,0.0,0.0,0.0,0.0,0.0,0.0,0.5,0.0,0.2,0.5,0.25,0.0,0.0,0.0,,,0.0,0.0066666666666666,0.9688995215311008,1.0,0.0297671070896098,0.0,0.840012928248222,0.7920656634746919,0.7692307692307692,,0.0,0.0,0.0,0.0,0.0,0.5,0.6708333333333334,0.0,0.0,0.0496894409937888,0.0,0.0,0.0,0.5454545454545455,0.5,0.00506922,0.00358316,0.1894409937888198,0.0,0.1894409937888198,0.24,0.211472049689441,0.0,0.0,0.5,0.5,0.0434782608695652,0.0,0.093167701863354,0.0666666666666666,0.093167701863354,0.1894409937888198,0.24,0.1894409937888198,0.0496894409937888,0.1266666666666666,0.0496894409937888,0.0,0.0,0.0,0.0,0.0,0.0,0.0,0.0,0.0,0.1111111111111111,0.1538461538461538,0.2941176470588235,0.2063492063492063,0.4935305412317985,0.45,0.4090909090909091,0.8181818181818182,0.8181818181818182,0.5454545454545455,0.7272727272727273,0.9545454545454546,0.8181818181818182,0.8000000000000002,1.0,5.9,0.5867829082799663,0.6427652316994964,0.006722545760826811,0.024234252734319776,0.25658144525444815,0.164921632108767,0.55,0.05032332761224939,0.011392859789943597,0.31762261081177035,0.14,0.005871882527864262,0.04,0.0022090281517102594,0.05,0.004719584447634817,0.7885573653646035,0.4545,0.35839932255821233,0.14130921277248132,0.037143473508538014,0.008647991160768309,0.7885573653646035,0.0,0.0,0.0,0.0,0.15719647296983483,0.1010404273707995,0.2697284425185862,0.17337206485140336,0.13955270011690366,0.0,0.0
0.0112195121951219,Nico Paz,2,Argentina,MID,0.2264150943396227,playing,0.064516129032258,0.1811594202898551,0.4,0.8,0.1,0.0,0.1428571428571428,0.0,,,,0.0067,0.0067,Argentina,Switzerland,True,Switzerland,0.4635,0.4444,0.7566,0.5348,0.4545,0.5455,0.2434,0.0,0.0,0.2,0.125,0.1479166666666666,0.0,0.0,0.0,0.0,0.0,0.0,0.1666666666666666,0.0,0.0,0.0,0.0,0.0,0.0,0.0,0.1111111111111111,0.0,0.0,0.0,0.0,0.0,0.0,1.0,0.0,0.0,0.0,0.3333333333333333,0.0,0.0,0.0,0.0,0.0,0.0,0.0,0.0,0.0,0.0,0.0,0.0,0.0,0.0,0.0,0.0,0.0,0.0,0.0,0.0,0.0,0.0,0.0,0.0,0.6777777777777778,0.0,0.0,0.0,0.0,0.0,0.0,0.0,0.0,0.25,0.0,0.125,0.0,0.0,0.0,0.0,0.0,0.0,0.0,0.0,0.0,0.0,0.0,0.0,0.0,0.0,0.0,0.0,0.0,0.0,0.0,0.0,0.0,0.0,0.0,0.0,0.0,0.0,0.0,0.0,0.0,0.0,0.0,0.0,0.0,0.0,0.0,0.0,0.0,0.0,0.0,0.0,0.0,,,0.0,0.0066666666666666,0.9688995215311008,1.0,0.0297671070896098,0.0,0.840012928248222,0.7920656634746919,0.7692307692307692,,0.0,0.0,0.0,0.0,0.0,0.2033333333333333,0.1479166666666666,0.0,0.0,0.0,0.0,0.0,0.0,0.5454545454545455,0.5,0.00506922,0.00358316,0.0,0.0,0.0,0.0,0.0,0.0,0.0,0.2033333333333333,0.2033333333333333,0.0985915492957746,0.0,0.2112676056338027,0.081967213114754,0.2112676056338027,0.0,0.0,0.0,0.0,0.0,0.0,0.0,0.0,0.0,0.0,0.0,0.0,0.0,0.0,0.0,0.0,0.0769230769230769,0.0784313725490196,0.0793650793650793,0.1220040151072922,0.1,0.4090909090909091,0.3181818181818182,0.3181818181818182,0.5454545454545455,0.3181818181818182,0.4545454545454546,0.4090909090909091,0.7000000000000001,1.0,5.9,0.2557706361337116,0.1657242616540646,0.006722545760826811,0.005517184778413552,0.08422078538156509,0.013957427473285312,0.55,0.017867876379744567,0.002308830445131029,0.08406768975848637,0.14,0.0015812952699407585,0.04,0.0006018405262385668,0.05,0.0012524295604460828,0.7885573653646035,0.4545,0.35839932255821233,0.14130921277248132,0.037143473508538014,0.008647991160768309,0.7885573653646035,0.0,0.0,0.0,0.0,0.2316910835894903,0.03839683375969844,0.1447327623043061,0.02398573017003436,0.11975417518930753,0.0,0.0
0.0121951219512195,Valentín Barco,2,Argentina,MID,0.2830188679245283,playing,0.032258064516129,0.144927536231884,0.2,0.2,0.05,0.0,0.0952380952380952,0.0,,,,0.0067,0.0067,Argentina,Switzerland,True,Switzerland,0.4635,0.4444,0.7566,0.5348,0.4545,0.5455,0.2434,0.0,0.0,0.2,0.0,0.0395833333333333,0.0,0.0,0.0,0.0,0.0,0.0,0.0555555555555555,0.0,0.0,0.0,0.0,0.0,0.0,0.0,0.0,0.0,0.0,0.0,0.0,0.0,0.0,0.0,0.0,0.0,0.0,0.0,0.0,0.0,0.0,0.0,0.0,0.0,0.0,0.0,0.0,0.0,0.0,0.0,0.0,0.0,0.0,0.0,0.0,0.0,0.0,0.0,0.0,0.0,0.0,0.0,0.2111111111111111,0.0,0.0,0.0,0.0,0.0,0.0,1.0,0.0,0.0,0.0,0.125,0.0,0.0,0.0,0.0,0.0,0.0,0.0,0.0,0.0,0.0,0.0,0.0,0.0,0.0,0.0,0.0,0.0,0.0,0.0,0.0,0.0,0.0,0.0,0.0,0.0,0.0,0.0,0.0,0.0,0.0,0.0,0.0,0.0,0.0,0.0,0.0,0.0,0.0,0.0,0.0,0.0,Valentín Barco,0.0,0.0,0.0066666666666666,0.9688995215311008,1.0,0.0297671070896098,0.0,0.840012928248222,0.7920656634746919,0.7692307692307692,,0.0,0.0,0.0,0.0,0.0,0.0633333333333333,0.0395833333333333,0.0,0.0,0.0,0.0,0.0,0.0,0.5454545454545455,0.5,0.00506922,0.00358316,0.0,0.0,0.0,0.0,0.0,0.0,0.3333333333333333,0.0633333333333333,0.0633333333333333,0.0,0.0,0.2631578947368421,0.2631578947368421,0.263157894736842,0.0,0.0,0.0,0.0,0.0,0.0,0.0,0.0,0.0,0.0,0.0,0.0,0.0,0.0,0.0,0.0,0.0512820512820512,0.0392156862745098,0.0476190476190476,0.0637145189011829,0.05,0.6818181818181818,0.0909090909090909,0.0909090909090909,0.5454545454545455,0.3181818181818182,0.4545454545454546,0.1363636363636363,0.1999999999999999,1.0,6.2,0.14777508045555626,0.08609430749086511,0.006722545760826811,0.0030854927421666662,0.08395628411387299,0.0072281581402902145,0.55,0.01039928608902818,0.0012314142450522054,0.04608981001521237,0.14,0.000843735301859753,0.04,0.00033024459020815887,0.05,0.000666030672576706,0.7885573653646035,0.4545,0.35839932255821233,0.14130921277248132,0.037143473508538014,0.008647991160768309,0.7885573653646035,0.0,0.0,0.0,0.0,0.30101405852083807,0.0259155969133663,0.15129612587041286,0.013025735182863955,0.1261551064853027,0.0,0.0
0.0126829268292682,Exequiel Palacios,2,Argentina,MID,0.2452830188679245,playing,0.064516129032258,0.2898550724637681,0.2,0.2,0.05,0.0,0.1904761904761904,0.0,,,,0.0067,0.0067,Argentina,Switzerland,True,Switzerland,0.4635,0.4444,0.7566,0.5348,0.4545,0.5455,0.2434,0.0,0.0,0.0,0.125,0.1875,0.0,0.0,0.0,0.0,0.0,0.0,0.2222222222222222,0.0,0.0,0.0,0.0,0.0,0.0,0.0,0.0,0.0,0.0,0.0,0.0,0.0,0.0,0.0,0.0,0.0,0.0,0.0,0.0,0.0,0.0,0.0,0.0,0.0,0.0,0.0,0.0,0.0,0.0,0.0,0.0,0.0,0.0,0.0,0.0,0.0,0.0,0.0,0.0,0.0,0.0,0.0,1.0,0.0,0.0,0.0,0.0,0.0,0.0,0.0,0.0,0.25,0.0,0.5,0.0,0.0,0.0,0.0,0.0,0.0,0.0,0.0,0.0,0.0,0.0,0.0,0.0,0.0,0.0,0.0,0.0,0.0,0.0,0.0,0.0,0.0,0.0,0.0,0.0,0.0,0.0,0.0,0.0,0.0,0.0,0.0,0.0,0.0,0.0,0.0,0.0,0.0,0.0,0.0,0.0,Exequiel Palacios,0.0,0.0,0.0066666666666666,0.9688995215311008,1.0,0.0297671070896098,0.0,0.840012928248222,0.7920656634746919,0.7692307692307692,,0.0,0.0,0.0,0.0,0.0,0.3,0.1875,0.0,0.0,0.0,0.0,0.0,0.0,0.5454545454545455,0.5,0.00506922,0.00358316,0.0,0.0,0.0,0.0,0.0,0.0,0.0,0.3,0.3,0.0777777777777777,0.0,0.2222222222222222,0.2222222222222222,0.2222222222222222,0.0,0.0,0.0,0.0,0.0,0.0,0.0,0.0,0.0,0.0,0.0,0.0,0.0,0.0,0.0,0.0,0.1025641025641025,0.0784313725490196,0.0952380952380952,0.1911435567035488,0.15,0.5454545454545455,0.3181818181818182,0.4545454545454546,0.5454545454545455,0.3181818181818182,0.4545454545454546,0.5909090909090909,0.1999999999999999,1.0,6.0,0.27810847769714964,0.19704186410759497,0.006722545760826811,0.006727089810642615,0.08435241586862612,0.016620957264733165,0.55,0.021784072754117444,0.002769331316573801,0.09699890475554623,0.14,0.0019025363390743212,0.04,0.0007155728316538535,0.05,0.0015095509248050838,0.7885573653646035,0.4545,0.35839932255821233,0.14130921277248132,0.037143473508538014,0.008647991160768309,0.7885573653646035,0.0,0.0,0.0,0.0,0.2656915715973194,0.05235236254521235,0.14691576724024386,0.028948556643815182,0.12188326976185068,0.0,0.0
0.013170731707317,Thiago Almada,2,Argentina,MID,0.339622641509434,playing,0.1451612903225806,0.2173913043478261,0.8,0.3,0.1,0.2666666666666666,0.0952380952380952,0.1111111111111111,,,,0.0067,0.0067,Argentina,Switzerland,True,Switzerland,0.4635,0.4444,0.7566,0.5348,0.4545,0.5455,0.2434,0.0,0.0,0.6000000000000001,0.125,0.44375,0.0,0.0,0.0,0.0,0.0,0.0,0.2777777777777778,0.0,0.0,0.0,0.0,0.0,0.0,0.0,0.6111111111111112,0.0,0.0,0.0,0.0,0.0,0.0,1.0,0.0,0.0,0.0,0.3333333333333333,0.0,0.0,0.0,0.0,0.0,0.0,0.7111111111111111,0.0,0.0,0.0,0.0,0.0,0.0,1.0,0.0,0.0,0.0,0.6000000000000001,0.0,0.0,0.0,0.0,0.0,0.0,0.3333333333333333,0.0,0.0,0.0,0.0,0.0,0.0,1.0,0.0,0.0,0.0,0.0,0.0,0.0,0.0,0.0,0.0,0.0,0.5333333333333333,0.0,0.0,0.0,0.0,0.0,0.0,0.0,0.0,0.5,0.0,0.0,0.0,0.0,0.0,0.0,0.0,0.0,0.0,0.0,0.0,0.0,0.0,0.0,0.0,0.0,0.0,0.0,0.0,0.0,0.0,0.0,0.0,0.0,0.0,Thiago Almada,0.0,0.0,0.0066666666666666,0.9688995215311008,1.0,0.0297671070896098,0.0,0.840012928248222,0.7920656634746919,0.7692307692307692,,0.0,0.0,0.0,0.0,0.0,0.3133333333333333,0.44375,0.0,0.0,0.0,0.0,0.0,0.0,0.5454545454545455,0.5,0.00506922,0.00358316,0.0,0.0,0.0,0.0,0.0,0.0,0.3333333333333333,0.3133333333333333,0.3133333333333333,0.0328638497652582,0.0,0.1173708920187793,0.0,0.1173708920187793,0.0,0.0,0.0,0.0,0.0,0.0,0.0,0.0,0.0,0.0,0.0,0.0,0.0,0.0,0.0,0.1111111111111111,0.2051282051282051,0.1764705882352941,0.1825396825396825,0.1802118735002597,0.2,0.8181818181818182,0.5909090909090909,0.6363636363636364,0.5454545454545455,0.3181818181818182,0.4545454545454546,0.7272727272727273,0.5000000000000001,1.0,6.5,0.44564182553080406,0.39828286273329033,0.006722545760826811,0.015288363264618313,0.08528432701004796,0.03396728590784397,0.55,0.0335922611690308,0.0058481976887513575,0.21395998287420034,0.14,0.0036293323862960306,0.04,0.0014463951464123318,0.05,0.0028950223213017167,0.7885573653646035,0.4545,0.35839932255821233,0.14130921277248132,0.037143473508538014,0.008647991160768309,0.7885573653646035,0.0,0.0,0.0,0.0,0.15965884228387564,0.0635893807655049,0.15790285193837666,0.06288999990376754,0.1325972737933336,0.0,0.0
0.0136585365853658,Alexis Mac Allister,2,Argentina,MID,0.3584905660377356,playing,0.4193548387096774,0.4347826086956521,1.0,6.0,0.45,0.2666666666666666,0.1428571428571428,0.4444444444444444,,,,0.0067,0.0067,Argentina,Switzerland,True,Switzerland,0.4635,0.4444,0.7566,0.5348,0.4545,0.5455,0.2434,0.0,0.4,0.6000000000000001,0.5,0.8729166666666667,0.0,0.0,0.1176470588235294,0.5,0.1666666666666666,0.0,0.8333333333333333,0.0,0.0,0.0,0.0,0.0,0.0,0.0,1.0,1.0,0.0,0.0,0.0,0.0,0.0,1.0,0.0,0.0,0.0,0.1666666666666666,0.5,0.25,0.0,0.0,1.0,0.0,1.0,0.0,0.0,0.0,0.0,0.0,0.0,1.0,0.0,0.0,0.0,0.8,0.0,0.0,0.0,0.0,0.0,0.0,0.3222222222222222,0.0,0.0,0.0,0.0,0.0,0.0,1.0,0.0,0.0,0.0,0.375,0.0,0.0,0.0,0.0,0.0,0.0,1.0,0.5,0.0,0.0,0.0,0.0,0.0,0.0,0.0,1.0,0.0,0.8,0.0,0.0,0.0,0.0,1.0,0.0,0.75,0.0,0.0,0.0,0.0,0.0,0.0,0.0,0.0,1.0,0.0,0.6000000000000001,0.0,0.25,0.0,0.0,0.0,Alexis Mac Allister,0.0,0.0,0.0066666666666666,0.9688995215311008,1.0,0.0297671070896098,0.0,0.840012928248222,0.7920656634746919,0.7692307692307692,,0.0,0.0,0.0,0.0,0.0,0.7966666666666667,0.8729166666666666,0.0,0.0,0.0763723150357995,0.0,0.0,0.0,0.5454545454545455,0.5,0.00506922,0.00358316,0.2911694510739857,0.3333333333333333,0.1455847255369928,0.0,0.1625155131264916,0.0,0.3333333333333333,0.7966666666666667,0.7966666666666666,0.0668257756563245,0.0,0.1789976133651551,0.209205020920502,0.1789976133651551,0.1455847255369928,0.0,0.1455847255369928,0.0763723150357995,0.0794979079497908,0.0763723150357995,0.0,0.0,0.0,0.0,0.0,0.0,0.0,0.0,0.0,0.4444444444444444,0.3846153846153847,0.4509803921568627,0.4523809523809523,0.3822871134070977,0.4,0.9090909090909092,1.0,1.0,0.5454545454545455,0.9090909090909092,0.9545454545454546,1.0,1.0,0.0,6.6,0.8256510730991401,0.8682870840771776,0.006722545760826811,0.04172838201163422,0.2827637155257256,0.24552008203666084,0.55,0.08661111856564592,0.016020202666313512,0.3933677589621386,0.14,0.00875925587702059,0.04,0.002669384536621641,0.05,0.007155613256658639,0.7885573653646035,0.4545,0.35839932255821233,0.14130921277248132,0.037143473508538014,0.008647991160768309,0.7885573653646035,0.0,0.0,0.0,0.0,0.23541802517015167,0.20441043061419858,0.2102528980311394,0.18255987575023416,0.1658177373702709,0.0,0.0
0.0141463414634146,Enzo Fernández,2,Argentina,MID,0.5283018867924528,playing,0.3225806451612903,0.4202898550724637,0.8,3.0,0.25,0.2,0.0476190476190476,0.1111111111111111,,,,0.0067,0.0067,Argentina,Switzerland,True,Switzerland,0.4635,0.4444,0.7566,0.5348,0.4545,0.5455,0.2434,0.125,0.0,0.4,0.5,0.8125,0.0,0.0,0.1764705882352941,0.25,0.0,0.0,0.3888888888888888,0.0,0.0,0.0,0.0,0.0,0.0,0.0,1.0,0.0,0.0,0.0,0.0,0.0,0.0,1.0,0.0,0.0,0.0,0.5,0.0,0.0,0.0,0.0,0.0,0.0,1.0,0.0,0.0,0.0,0.0,0.0,0.0,1.0,0.0,0.0,0.0,0.4,0.0,0.0,0.0,0.0,0.0,0.0,0.0,0.0,0.0,0.0,0.0,0.0,0.0,0.0,0.0,0.0,0.0,0.0,0.0,0.0,0.0,0.0,0.0,0.0,1.0,0.0,0.0,0.0,0.0,0.0,0.0,0.0,0.0,1.0,0.0,0.2,0.0,0.3333333333333333,0.0,0.0,0.0,0.0,0.75,0.0,0.0,0.0,0.0,0.0,0.0,0.0,0.5,1.0,0.0,0.2,0.0,0.25,0.0,0.0,1.0,Enzo Fernández,0.0,0.0,0.0066666666666666,0.9688995215311008,1.0,0.0297671070896098,0.0,0.840012928248222,0.7920656634746919,0.7692307692307692,,0.0,0.0,0.0,0.0,0.0,0.7000000000000001,0.8125,0.1314102564102564,0.0,0.123076923076923,0.3333333333333333,0.25,0.2,0.5454545454545455,0.5,0.00506922,0.00358316,0.0,0.0,0.0,0.0,0.0,0.0,0.0,0.7000000000000001,0.7,0.0717948717948718,0.0,0.0897435897435897,0.0476190476190476,0.0897435897435897,0.0,0.0,0.0,0.123076923076923,0.2714285714285714,0.123076923076923,0.0,0.0,0.0,0.0,0.0,0.0,0.0,0.0,0.0,0.1111111111111111,0.1538461538461538,0.196078431372549,0.1666666666666666,0.217626512752408,0.2,1.0,0.9090909090909092,0.9090909090909092,0.5454545454545455,1.0,0.4545454545454546,0.9090909090909092,0.9,1.0,7.5,0.7789087142477434,0.8200526954569264,0.006722545760826811,0.09542260442433909,0.09404946133060914,0.07712551427043798,0.55,0.06350151641743379,0.013137124030783213,0.35936132131376913,0.14,0.007586654387793051,0.04,0.002521097024947849,0.05,0.006134355267851096,0.7885573653646035,0.4545,0.35839932255821233,0.14130921277248132,0.037143473508538014,0.008647991160768309,0.7885573653646035,0.0,0.0,0.0,0.0,0.15186372425524625,0.1245362564176421,0.18024593879522044,0.1478111679541847,0.22925859986617153,0.0,0.0
0.0419512195121951,Maxim De Cuyper,5,Belgium,DEF,0.48,playing,0.2419354838709677,0.2753623188405797,1.0,1.5,0.05,0.6,0.1428571428571428,0.0555555555555555,,Maxim De Cuyper,1.0,0.1333,0.0513,Spain,Belgium,False,Spain,0.5211,0.5211,0.5936,0.3077,0.2043,0.7957,0.4064,0.0,0.0,0.4,0.5,0.7958333333333333,0.5,0.0,0.3529411764705882,0.25,0.1666666666666666,0.0,0.3888888888888888,0.0,0.0,0.0,0.0,0.0,0.0,0.0,0.3777777777777777,0.0,1.0,0.0,0.0,0.0,0.0,1.0,0.0,0.0,0.0,0.1666666666666666,0.0,0.0,0.0,0.0,0.0,0.0,1.0,0.0,0.0,0.0,0.0,0.0,0.0,1.0,0.0,0.0,0.0,0.0,0.0,1.0,0.0,0.0,1.0,0.0,1.0,0.0,0.0,0.0,0.0,0.0,0.0,0.0,0.0,0.25,0.0,0.125,0.0,0.3333333333333333,0.0,0.0,0.0,0.0,0.65,0.0,0.0,0.0,0.0,0.0,0.0,0.0,0.0,1.0,0.0,0.2,0.0,0.1666666666666666,0.0,0.0,0.0,0.0,0.75,0.0,0.0,0.0,0.0,0.0,0.0,0.0,0.0,0.5,0.0,0.8,0.5,0.0,0.0,0.0,0.0,Maxim De Cuyper,0.0,1.0,0.05,0.9688995215311008,0.0,0.0194772429104854,0.8294333990725438,0.1858552631578947,0.1298747763864044,0.3389830508474576,,1.0,0.0,0.0,0.0,0.0,0.86,0.7958333333333334,0.0,0.0,0.2513089005235602,0.0,0.0,0.0,1.0,0.0222222222222222,0.07912688,0.0410164099999999,0.0,0.0,0.1596858638743455,0.1395348837209302,0.1398534031413612,0.0,0.0,0.86,0.3865742574257425,0.0732984293193717,-0.6741990915412451,0.0916230366492146,0.1162790697674418,0.0916230366492146,0.1596858638743455,0.1395348837209302,0.1596858638743455,0.2513089005235602,0.1472868217054263,0.2513089005235602,0.0,0.0,0.0,0.1308900523560209,0.0,0.0,0.0,0.0,0.0,0.0555555555555555,0.3333333333333333,0.2549019607843137,0.246031746031746,0.5202268683827086,0.45,0.8333333333333333,0.8888888888888888,0.7777777777777779,0.5555555555555556,1.0,0.8888888888888888,0.8888888888888888,1.0,1.0,4.7,0.8699858134507111,0.8507611444857989,0.14306238284183775,0.12358323402268868,0.14891338300288007,0.11402074813750411,0.45,0.27246627857694405,0.01613840686097703,0.16172976348132434,0.12,0.02672828347762765,0.08,0.01534146635236741,0.14,0.017454677200619363,1.5881657771585607,0.2043,0.32446226827349395,0.2576499352256015,0.13639693653747337,0.07719085996343122,1.5881657771585607,1.0,1.3511497342085952,0.0,0.0,0.3819537472474121,0.0,0.3213359135646009,0.0,0.3103887490694835,0.0,0.0
0.0424390243902439,Timothy Castagne,5,Belgium,DEF,0.48,playing,0.1129032258064516,0.1594202898550724,1.0,0.3,0.05,0.0666666666666666,0.1428571428571428,0.0555555555555555,,Timothy Castagne,1.0,0.0588,0.02,Spain,Belgium,False,Spain,0.5211,0.5211,0.5936,0.3077,0.2043,0.7957,0.4064,0.0,0.0,0.2,0.625,0.8083333333333333,0.5,0.0,0.0588235294117647,0.0,0.1666666666666666,0.0,0.6666666666666666,0.0,0.0,0.0,0.0,0.0,0.0,0.0,0.6222222222222222,0.0,1.0,0.0,0.0,0.0,0.0,0.0,0.0,0.5,0.0,0.6666666666666666,0.0,0.0,0.0,0.0,0.0,0.0,0.3555555555555555,0.0,0.0,0.0,0.0,0.0,0.0,1.0,0.0,0.0,0.0,0.0,0.0,0.0,0.0,0.0,0.0,0.0,1.0,0.0,0.0,0.0,0.0,0.0,0.0,0.0,0.0,0.25,0.0,0.125,0.0,0.0,0.0,0.0,0.0,0.0,1.0,0.0,0.0,0.0,0.0,0.0,0.0,0.0,0.0,1.0,0.0,1.0,0.0,0.0,0.0,0.0,0.0,0.0,0.75,0.0,0.0,0.0,0.0,0.0,0.0,0.0,0.0,0.5,0.0,0.4,0.5,0.25,0.0,0.0,0.0,Timothy Castagne,0.0,1.0,0.02,0.9688995215311008,0.0,0.0194772429104854,0.8294333990725438,0.1858552631578947,0.1298747763864044,0.3389830508474576,,1.0,0.0,0.0,0.0,0.0,1.0,0.8083333333333332,0.0,0.0,0.0412371134020618,0.0,0.0,0.0,0.2777777777777777,0.8166666666666668,0.03490368,0.01809276,0.0,0.0,0.1572164948453608,0.12,0.1376907216494845,0.0,0.0,1.0,0.4495049504950494,0.0902061855670103,-0.721178361021174,0.1546391752577319,0.1333333333333333,0.1546391752577319,0.1572164948453608,0.12,0.1572164948453608,0.0412371134020618,0.0633333333333333,0.0412371134020618,0.0,0.0,0.0,0.1288659793814433,0.0,0.0,0.0,0.0,0.0,0.0555555555555555,0.1282051282051282,0.0980392156862745,0.119047619047619,0.1040453736765417,0.1,0.8333333333333333,0.5555555555555556,0.8888888888888888,0.5555555555555556,0.7222222222222223,0.8888888888888888,1.0,0.5111111111111112,1.0,4.7,0.8763524676528907,0.910043539806864,0.060599622128929595,0.06298471179724464,0.1404831787963941,0.11506122838367197,0.45,0.3050522236785586,0.015576494487565224,0.15011032881268013,0.12,0.03034372076469634,0.08,0.01599887132562101,0.14,0.020155084610499578,1.5881657771585607,0.2043,0.32446226827349395,0.2576499352256015,0.13639693653747337,0.07719085996343122,1.5881657771585607,1.0,1.4453000056454957,0.0,0.0,0.4331543220062505,0.0,0.29943306797337826,0.0,0.19651743072977462,0.0,0.0
0.0429268292682926,Arthur Theate,5,Belgium,DEF,0.3999999999999999,playing,0.0806451612903225,0.1666666666666666,0.6000000000000001,0.1,0.05,0.0666666666666666,0.1428571428571428,0.0555555555555555,,Arthur Theate,1.0,0.0741,0.027,Spain,Belgium,False,Spain,0.5211,0.5211,0.5936,0.3077,0.2043,0.7957,0.4064,0.0,0.0,0.2,0.375,0.4729166666666666,0.0,0.0,0.0588235294117647,0.0,0.0,0.0,0.0555555555555555,0.0,0.0,0.0,0.0,0.0,0.0,0.0,0.0,0.0,0.0,0.0,0.0,0.0,0.0,0.0,0.0,0.0,0.0,0.0,0.0,0.0,0.0,0.0,0.0,0.0,0.1888888888888888,0.0,0.0,0.0,0.0,0.0,0.0,1.0,0.0,0.0,0.0,0.0,0.0,0.0,0.0,0.0,0.0,0.0,1.0,0.0,0.0,0.0,0.0,0.0,0.0,0.0,0.0,0.25,0.0,0.125,0.0,0.3333333333333333,0.0,0.0,0.0,0.0,1.0,0.0,0.0,0.0,0.0,0.0,0.0,0.0,0.0,1.0,0.0,0.0,0.0,0.0,0.0,0.0,0.0,0.0,0.0,0.0,0.0,0.0,0.0,0.0,0.0,0.0,0.0,0.0,0.0,0.0,0.0,0.0,0.0,0.0,0.0,Arthur Theate,0.0,1.0,0.025,0.9688995215311008,0.0,0.0194772429104854,0.8294333990725438,0.1858552631578947,0.1298747763864044,0.3389830508474576,,1.0,0.0,0.0,0.0,0.0,0.7000000000000001,0.4729166666666666,0.0,0.0,0.0704845814977973,0.0,0.0,0.0,0.5555555555555556,0.5111111111111112,0.04398576,0.02280057,0.0,0.0,0.0,0.0,0.0,0.0,0.0,0.7000000000000001,0.3146534653465346,0.092511013215859,-0.5778750422612118,0.0220264317180616,0.0238095238095238,0.0220264317180616,0.0,0.0,0.0,0.0704845814977973,0.0904761904761904,0.0704845814977973,0.0,0.0,0.0,0.0,0.0,0.0,0.0,0.0,0.0,0.0555555555555555,0.1282051282051282,0.0980392156862745,0.119047619047619,0.1040453736765417,0.1,0.6666666666666667,0.4444444444444445,0.5555555555555556,0.5555555555555556,0.7222222222222223,0.3888888888888889,0.4444444444444445,0.2055555555555555,1.0,4.5,0.6510709463563238,0.7292113538747649,0.0769890415281357,0.05741582746065742,0.05329169274667864,0.03497481667627517,0.45,0.18267226272285683,0.00979482048550175,0.14461344379583538,0.12,0.020407948672574065,0.08,0.013475285515954007,0.14,0.01275284565972508,1.5881657771585607,0.2043,0.32446226827349395,0.2576499352256015,0.13639693653747337,0.07719085996343122,1.5881657771585607,1.0,1.158108516539362,0.0,0.0,0.31307461065457326,0.0,0.20014749901994894,0.0,0.2029851092935647,0.0,0.0
0.0434146341463414,Thomas Meunier,5,Belgium,DEF,0.5199999999999998,playing,0.2096774193548387,0.3623188405797101,0.6000000000000001,0.6,0.4,0.0666666666666666,0.0476190476190476,0.2222222222222222,,Thomas Meunier,1.0,0.1282,0.0476,Spain,Belgium,False,Spain,0.5211,0.5211,0.5936,0.3077,0.2043,0.7957,0.4064,0.0,0.4,0.4,0.125,0.3958333333333333,0.0,0.0,0.0588235294117647,0.25,0.1666666666666666,0.0,0.1111111111111111,0.0,0.0,0.0,0.0,0.0,0.0,0.0,1.0,1.0,0.0,0.0,0.0,0.0,0.0,0.0,0.0,0.5,0.0,0.1666666666666666,0.0,0.25,0.0,0.0,1.0,0.0,0.6444444444444445,0.0,0.0,0.0,0.0,0.0,0.0,1.0,0.0,0.0,0.0,0.2,0.0,0.0,0.0,0.0,0.0,0.0,0.0,0.0,0.0,0.0,0.0,0.0,0.0,0.0,0.0,0.0,0.0,0.0,0.0,0.0,0.0,0.0,0.0,0.0,0.35,0.5,0.0,0.0,0.0,0.0,0.0,1.0,0.0,0.0,0.0,0.0,0.5,0.0,0.0,0.0,0.0,0.0,0.0,0.0,0.0,0.0,0.0,0.0,0.0,0.0,0.0,0.0,0.0,0.0,0.0,0.0,0.0,0.0,0.0,Thomas Meunier,0.0,1.0,0.0476190476190476,0.9688995215311008,0.0,0.0194772429104854,0.8294333990725438,0.1858552631578947,0.1298747763864044,0.3389830508474576,,1.0,0.0,0.0,0.0,0.0,0.14,0.3958333333333333,0.0,0.0,0.0842105263157894,0.0,0.0,0.0,0.8888888888888888,0.1444444444444444,0.07609952,0.03944714,0.6421052631578947,0.3333333333333333,0.3210526315789473,0.8571428571428572,0.281178947368421,0.0,0.3333333333333333,0.14,0.0629306930693069,0.0368421052631578,-0.2531331841213507,0.0526315789473684,0.0,0.0526315789473684,0.3210526315789473,0.8571428571428572,0.3210526315789473,0.0842105263157894,0.0,0.0842105263157894,0.0,0.0,0.0,0.0,0.0,0.0,0.0,0.0,0.0,0.2222222222222222,0.1538461538461538,0.2549019607843137,0.2222222222222222,0.4029659994991736,0.35,1.0,0.7777777777777779,0.4444444444444445,0.5555555555555556,0.7222222222222223,0.8888888888888888,0.5555555555555556,0.8166666666666667,1.0,4.8,0.5426047688003282,0.3194247517274207,0.13719523917784482,0.040492976224868485,0.40787973055561716,0.11725819350063774,0.45,0.08246202143278938,0.00658912609124554,0.07906538478604883,0.12,0.008295949656573171,0.08,0.006181675214623968,0.14,0.0049495167413063455,1.5881657771585607,0.2043,0.32446226827349395,0.2576499352256015,0.13639693653747337,0.07719085996343122,1.5881657771585607,1.0,0.5072994590708594,0.0,0.0,0.3292484960373918,0.0,0.6114886361967928,0.0,0.23741196801124384,0.0,0.0
0.0439024390243902,Zeno Debast,5,Belgium,DEF,0.3199999999999998,playing,0.0161290322580645,0.072463768115942,0.0,0.1,0.05,0.0,0.0476190476190476,0.0,,Zeno Debast,1.0,0.0541,0.02,Spain,Belgium,False,Spain,0.5211,0.5211,0.5936,0.3077,0.2043,0.7957,0.4064,0.0,0.0,0.0,0.0,0.0,0.0,0.0,0.0,0.0,0.0,0.0,0.0,0.0,0.0,0.0,0.0,0.0,0.0,0.0,0.0,0.0,0.0,0.0,0.0,0.0,0.0,0.0,0.0,0.0,0.0,0.0,0.0,0.0,0.0,0.0,0.0,0.0,0.0,0.0,0.0,0.0,0.0,0.0,0.0,0.0,0.0,0.0,0.0,0.0,0.0,0.0,0.0,0.0,0.0,0.0,0.0,0.0,0.0,0.0,0.0,0.0,0.0,0.0,0.0,0.0,0.0,0.0,0.0,0.0,0.0,0.0,0.0,0.0,0.0,0.0,0.0,0.0,0.0,0.0,0.0,0.0,0.0,0.0,0.0,0.0,0.0,0.0,0.0,0.0,0.0,0.0,0.0,0.0,0.0,0.0,0.0,0.0,0.0,0.0,0.0,0.0,0.0,0.0,0.0,0.0,0.0,0.0,0.0,,,1.0,0.0181818181818181,0.9688995215311008,0.0,0.0194772429104854,0.8294333990725438,0.1858552631578947,0.1298747763864044,0.3389830508474576,,1.0,0.0,0.0,0.0,0.0,0.0,0.0,0.0,0.0,0.0,0.0,0.0,0.0,0.1111111111111111,1.0,0.03211376,0.01664657,0.0,0.0,0.0,0.0,0.0,0.0,0.0,0.0,0.0,0.0,-0.08607113185685428,0.0,0.0,0.0,0.0,0.0,0.0,0.0,0.0,0.0,0.0,0.0,0.0,0.0,0.0,0.0,0.0,0.0,0.0,0.0,0.0256410256410256,0.0196078431372549,0.0238095238095238,0.0,0.0,0.5555555555555556,0.2222222222222222,0.2222222222222222,0.5555555555555556,0.2777777777777777,0.3888888888888889,0.2222222222222222,0.2055555555555555,1.0,4.3,0.23565206766712854,0.10861179667022103,0.055618423763012265,0.0062366242026366545,0.047908148800650224,0.004683051104744624,0.45,0.026609890184204156,0.0013664565546181499,0.026732623282181057,0.12,0.002598652133175806,0.08,0.0021481036578963842,0.14,0.0015045308348301764,1.5881657771585607,0.2043,0.32446226827349395,0.2576499352256015,0.13639693653747337,0.07719085996343122,1.5881657771585607,1.0,0.17249353846734916,0.0,0.0,0.2933246284379707,0.0,0.18679956813753978,0.0,0.15904262590768609,0.0,0.0
0.044390243902439,Axel Witsel,5,Belgium,MID,0.0566037735849055,playing,0.032258064516129,0.144927536231884,0.2,0.9,0.05,0.0,0.0476190476190476,0.0,,Axel Witsel,1.0,0.1026,0.0385,Spain,Belgium,False,Spain,0.5211,0.5211,0.5936,0.3077,0.2043,0.7957,0.4064,0.0,0.0,0.2,0.0,0.0020833333333333,0.0,0.0,0.0,0.0,0.0,0.0,0.0,0.0,0.0,0.0,0.0,0.0,0.0,0.0,0.0,0.0,0.0,0.0,0.0,0.0,0.0,0.0,0.0,0.0,0.0,0.0,0.0,0.0,0.0,0.0,0.0,0.0,0.0,0.0,0.0,0.0,0.0,0.0,0.0,0.0,0.0,0.0,0.0,0.0,0.0,0.0,0.0,0.0,0.0,0.0,0.0,0.0,0.0,0.0,0.0,0.0,0.0,0.0,0.0,0.0,0.0,0.0,0.0,0.0,0.0,0.0,0.0,0.0,0.0,0.0,0.0,0.0,0.0,0.0,0.0,0.0,0.0,0.0,0.0,0.0,0.0,0.0,0.0,0.0,0.0,0.0,0.0083333333333333,0.0,0.0,0.0,0.0,0.0,0.0,1.0,0.0,0.0,0.0,0.0,0.0,0.0,0.0,0.0,0.0,Axel Witsel,0.0,1.0,0.037037037037037,0.9688995215311008,0.0,0.0194772429104854,0.8294333990725438,0.1858552631578947,0.1298747763864044,0.3389830508474576,,1.0,0.0,0.0,0.0,0.0,0.0033333333333333,0.0020833333333333,0.0,0.0,0.0,0.0,0.0,0.0,0.1818181818181818,0.9,0.06090336,0.03157002,0.0,0.0,0.0,0.0,0.0,0.0,0.3333333333333333,0.0033333333333333,0.0014983498349834,0.0,0.0,0.0,0.0,0.0,0.0,0.0,0.0,0.0,0.0,0.0,0.0,0.0,0.0,0.0,0.0,0.0,0.0,0.0,0.0,0.0,0.0256410256410256,0.0196078431372549,0.0238095238095238,0.0,0.0,0.1818181818181818,0.1363636363636363,0.0909090909090909,0.5454545454545455,0.1818181818181818,0.3636363636363636,0.1363636363636363,0.6000000000000001,1.0,5.0,0.2100441865365827,0.10889927547332297,0.10825358544025411,0.013660808031779386,0.048687304303026306,0.005302012163348764,0.55,0.027769315245697358,0.00129631244495857,0.028034134165095998,0.14,0.0026282920290708173,0.04,0.0020943532823827177,0.05,0.0014019198406665103,1.5881657771585607,0.2043,0.32446226827349395,0.2576499352256015,0.13639693653747337,0.07719085996343122,1.5881657771585607,1.0,0.0,0.0,0.0,0.2933246284379707,0.03194283951537667,0.16407941390105993,0.017868129293912904,0.13972237712013783,0.0,0.0
0.0448780487804878,Koni De Winter,5,Belgium,DEF,0.28,playing,0.0161290322580645,0.072463768115942,0.0,0.1,0.05,0.0,0.0476190476190476,0.0,,Koni De Winter,1.0,0.069,0.025,Spain,Belgium,False,Spain,0.5211,0.5211,0.5936,0.3077,0.2043,0.7957,0.4064,0.0,0.0,0.0,0.0,0.0,0.0,0.0,0.0,0.0,0.0,0.0,0.0,0.0,0.0,0.0,0.0,0.0,0.0,0.0,0.0,0.0,0.0,0.0,0.0,0.0,0.0,0.0,0.0,0.0,0.0,0.0,0.0,0.0,0.0,0.0,0.0,0.0,0.0,0.0,0.0,0.0,0.0,0.0,0.0,0.0,0.0,0.0,0.0,0.0,0.0,0.0,0.0,0.0,0.0,0.0,0.0,0.0,0.0,0.0,0.0,0.0,0.0,0.0,0.0,0.0,0.0,0.0,0.0,0.0,0.0,0.0,0.0,0.0,0.0,0.0,0.0,0.0,0.0,0.0,0.0,0.0,0.0,0.0,0.0,0.0,0.0,0.0,0.0,0.0,0.0,0.0,0.0,0.0,0.0,0.0,0.0,0.0,0.0,0.0,0.0,0.0,0.0,0.0,0.0,0.0,0.0,0.0,0.0,Koni De Winter,0.0,1.0,0.0222222222222222,0.9688995215311008,0.0,0.0194772429104854,0.8294333990725438,0.1858552631578947,0.1298747763864044,0.3389830508474576,,1.0,0.0,0.0,0.0,0.0,0.0,0.0,0.0,0.0,0.0,0.0,0.0,0.0,0.4444444444444445,0.6333333333333334,0.0409584,0.0212313,0.0,0.0,0.0,0.0,0.0,0.0,0.0,0.0,0.0,0.0,-0.08607113185685428,0.0,0.0,0.0,0.0,0.0,0.0,0.0,0.0,0.0,0.0,0.0,0.0,0.0,0.0,0.0,0.0,0.0,0.0,0.0,0.0256410256410256,0.0196078431372549,0.0238095238095238,0.0,0.0,0.4444444444444445,0.2222222222222222,0.2222222222222222,0.5555555555555556,0.2777777777777777,0.3888888888888889,0.2222222222222222,0.2055555555555555,1.0,4.2,0.22385630381911797,0.10861179667022103,0.07149600170506992,0.007367275155120066,0.04802676952057609,0.004694646353306741,0.45,0.026609890184204156,0.0013694688197120727,0.026732623282181057,0.12,0.002598652133175806,0.08,0.0021481036578963842,0.14,0.0015045308348301764,1.5881657771585607,0.2043,0.32446226827349395,0.2576499352256015,0.13639693653747337,0.07719085996343122,1.5881657771585607,1.0,0.17249353846734916,0.0,0.0,0.2933246284379707,0.0,0.18467432237755185,0.0,0.15784750467154815,0.0,0.0
0.0453658536585365,Brandon Mechele,5,Belgium,DEF,0.1599999999999999,playing,0.2580645161290322,0.2898550724637681,1.0,0.6,0.15,0.6,0.1428571428571428,0.0,,Brandon Mechele,1.0,0.0909,0.0333,Spain,Belgium,False,Spain,0.5211,0.5211,0.5936,0.3077,0.2043,0.7957,0.4064,0.0,0.0,0.2,0.625,1.0,0.5,0.0,0.0588235294117647,0.25,0.0,0.0,0.2777777777777778,0.0,0.0,0.0,0.0,0.0,0.0,0.0,1.0,0.0,0.0,0.0,0.0,0.0,0.0,0.0,0.0,0.5,0.0,0.3333333333333333,0.0,0.25,0.0,0.0,0.0,0.0,1.0,0.0,0.0,0.0,0.0,0.0,0.0,1.0,0.0,0.0,0.0,0.0,0.0,0.0,0.0,0.0,1.0,0.0,1.0,0.0,0.0,0.0,0.0,0.0,0.0,0.0,0.0,0.25,0.0,0.125,0.0,0.0,0.0,0.0,0.0,0.0,1.0,0.0,1.0,0.0,0.0,0.0,0.0,0.0,0.0,1.0,0.0,0.0,0.0,0.0,0.0,0.0,0.0,0.0,0.75,0.0,0.0,0.0,0.0,0.0,0.0,0.0,0.0,0.5,0.0,0.4,0.0,0.0,0.0,0.0,0.0,,,1.0,0.03125,0.9688995215311008,0.0,0.0194772429104854,0.8294333990725438,0.1858552631578947,0.1298747763864044,0.3389830508474576,,1.0,0.0,0.0,0.0,0.0,1.0,1.0,0.0,0.0,0.0333333333333333,0.0,0.0,0.0,0.7222222222222223,0.3277777777777778,0.05395824,0.0279699299999999,0.0,0.0,0.0,0.0,0.0,0.0,0.0,1.0,0.4495049504950494,0.0729166666666666,-0.7415387348580124,0.0520833333333333,0.0499999999999999,0.0520833333333333,0.0,0.0,0.0,0.0333333333333333,0.0,0.0333333333333333,0.0,0.0,0.0,0.1041666666666666,0.0,0.0,0.0,0.0,0.0,0.0,0.3076923076923077,0.2745098039215686,0.2301587301587301,0.5030354410368189,0.45,0.2777777777777777,1.0,1.0,0.5555555555555556,0.7222222222222223,0.3888888888888889,0.7777777777777779,0.8166666666666667,1.0,3.9,0.8866195170187378,0.9357359727467971,0.0953001798543245,0.07919654507146832,0.0555916290137876,0.04681717834661605,0.45,0.2804283743325557,0.011501946963225693,0.15434825742588648,0.12,0.029002156467784274,0.08,0.016450552932783864,0.14,0.018974514974699628,1.5881657771585607,0.2043,0.32446226827349395,0.2576499352256015,0.13639693653747337,0.07719085996343122,1.5881657771585607,1.0,1.4861038483726388,0.0,0.0,0.3393426857546534,0.0,0.17424625002702085,0.0,0.16259736394622487,0.0,0.0
0.0458536585365853,Joaquin Seys,5,Belgium,DEF,0.1599999999999999,playing,0.0161290322580645,0.072463768115942,0.0,0.1,0.05,0.0,0.0476190476190476,0.0,,Joaquin Seys,1.0,0.0909,0.0333,Spain,Belgium,False,Spain,0.5211,0.5211,0.5936,0.3077,0.2043,0.7957,0.4064,0.0,0.0,0.0,0.0,0.0,0.0,0.0,0.0,0.0,0.0,0.0,0.0,0.0,0.0,0.0,0.0,0.0,0.0,0.0,0.0,0.0,0.0,0.0,0.0,0.0,0.0,0.0,0.0,0.0,0.0,0.0,0.0,0.0,0.0,0.0,0.0,0.0,0.0,0.0,0.0,0.0,0.0,0.0,0.0,0.0,0.0,0.0,0.0,0.0,0.0,0.0,0.0,0.0,0.0,0.0,0.0,0.0,0.0,0.0,0.0,0.0,0.0,0.0,0.0,0.0,0.0,0.0,0.0,0.0,0.0,0.0,0.0,0.0,0.0,0.0,0.0,0.0,0.0,0.0,0.0,0.0,0.0,0.0,0.0,0.0,0.0,0.0,0.0,0.0,0.0,0.0,0.0,0.0,0.0,0.0,0.0,0.0,0.0,0.0,0.0,0.0,0.0,0.0,0.0,0.0,0.0,0.0,0.0,,,1.0,0.03125,0.9688995215311008,0.0,0.0194772429104854,0.8294333990725438,0.1858552631578947,0.1298747763864044,0.3389830508474576,,1.0,0.0,0.0,0.0,0.0,0.0,0.0,0.0,0.0,0.0,0.0,0.0,0.0,0.7222222222222223,0.3277777777777778,0.05395824,0.0279699299999999,0.0,0.0,0.0,0.0,0.0,0.0,0.0,0.0,0.0,0.0,-0.08607113185685428,0.0,0.0,0.0,0.0,0.0,0.0,0.0,0.0,0.0,0.0,0.0,0.0,0.0,0.0,0.0,0.0,0.0,0.0,0.0,0.0256410256410256,0.0196078431372549,0.0238095238095238,0.0,0.0,0.2777777777777777,0.2222222222222222,0.2222222222222222,0.5555555555555556,0.2777777777777777,0.3888888888888889,0.2222222222222222,0.2055555555555555,1.0,3.9,0.2069624275413954,0.10861179667022103,0.0953001798543245,0.00885700226313732,0.04818308371769405,0.0047099261625213815,0.45,0.026609890184204156,0.0013350423209812538,0.026732623282181057,0.12,0.002598652133175806,0.08,0.0021481036578963842,0.14,0.0015045308348301764,1.5881657771585607,0.2043,0.32446226827349395,0.2576499352256015,0.13639693653747337,0.07719085996343122,1.5881657771585607,1.0,0.17249353846734916,0.0,0.0,0.2933246284379707,0.0,0.17424625002702085,0.0,0.1489641531399582,0.0,0.0
0.0463414634146341,Nathan Ngoy,5,Belgium,DEF,0.08,playing,0.1935483870967742,0.3405797101449275,0.6000000000000001,0.4,0.15,0.4666666666666667,0.0476190476190476,0.0,,Nathan Ngoy,1.0,0.0588,0.02,Spain,Belgium,False,Spain,0.5211,0.5211,0.5936,0.3077,0.2043,0.7957,0.4064,0.0,0.0,0.2,0.25,0.5125,0.0,1.0,0.0,0.25,0.0,0.0,0.2222222222222222,0.0,0.0,0.0,0.0,0.0,0.0,0.0,1.0,0.0,0.0,0.0,0.0,0.0,0.0,0.0,0.0,0.5,0.0,0.1666666666666666,0.0,0.0,0.0,0.0,0.0,0.0,0.7333333333333334,0.0,0.0,1.0,0.0,0.0,0.0,1.0,0.0,0.0,0.0,0.4,0.0,0.0,0.0,0.0,1.0,0.0,0.0,0.0,0.0,0.0,0.0,0.0,0.0,0.0,0.0,0.0,0.0,0.0,0.0,0.0,0.0,0.0,0.0,0.0,0.0,0.0,0.0,0.0,0.0,0.0,0.0,0.0,0.0,0.0,0.0,0.0,0.0,0.0,0.0,0.0,0.0,0.0,0.75,0.0,0.0,0.0,0.0,0.0,0.0,0.0,0.0,0.5,0.0,0.2,0.0,0.0,0.0,0.0,0.0,Nathan Ngoy,0.0,1.0,0.02,0.9688995215311008,0.0,0.0194772429104854,0.8294333990725438,0.1858552631578947,0.1298747763864044,0.3389830508474576,,1.0,0.0,0.0,0.0,0.0,0.3,0.5125,0.0,0.0,0.0,0.0,0.0,0.0,0.2777777777777777,0.8166666666666668,0.03490368,0.01809276,0.0,0.0,0.0,0.0,0.0,0.0,0.0,0.3,0.1348514851485148,0.056910569105691,-0.301908759251235,0.08130081300813,0.0555555555555555,0.08130081300813,0.0,0.0,0.0,0.0,0.0,0.0,0.0,0.0,0.0,0.0,0.4756097560975609,0.0,0.0,0.0,0.0,0.0,0.2051282051282051,0.196078431372549,0.1507936507936507,0.4210303747411443,0.35,0.1111111111111111,0.6666666666666667,0.6666666666666667,0.5555555555555556,0.2777777777777777,0.3888888888888889,0.6666666666666667,0.6333333333333335,1.0,3.7,0.5260181446753458,0.3809738766685284,0.060599622128929595,0.02039064469889681,0.04939411420392814,0.016936080455590675,0.45,0.1101417158888851,0.004310108123211859,0.08259855346678438,0.12,0.01531793057115331,0.08,0.00720781840897745,0.14,0.006243282654789179,1.5881657771585607,0.2043,0.32446226827349395,0.2576499352256015,0.13639693653747337,0.07719085996343122,1.5881657771585607,1.0,0.605049672916383,0.0,0.0,0.3612622206186927,0.0,0.15910710932228114,0.0,0.13236635725614174,0.0,0.0
0.0468292682926829,Romelu Lukaku,5,Belgium,FWD,0.5230769230769232,playing,0.5,0.5072463768115942,1.0,1.8,0.1,0.0666666666666666,0.5714285714285714,0.5,,Romelu Lukaku,1.0,0.3279,0.1389,Spain,Belgium,False,Spain,0.5211,0.5211,0.5936,0.3077,0.2043,0.7957,0.4064,0.375,0.2,0.8,0.125,0.4166666666666667,0.5,0.0,0.1764705882352941,0.75,0.0,0.0,0.0,0.0,0.0,0.0,0.0,0.0,0.0,0.0,0.2666666666666666,0.0,0.0,0.0,0.0,0.0,0.0,1.0,0.0,0.0,0.0,0.0,0.0,0.0,0.0,0.0,0.0,0.0,0.8111111111111111,0.0,1.0,0.0,0.0,0.0,0.0,1.0,0.0,0.0,0.0,0.0,0.0,0.0,0.0,0.0,0.0,0.0,0.0555555555555555,0.5,0.0,0.0,0.0,0.0,0.0,1.0,0.3333333333333333,0.0,0.0,0.0,0.0,0.3333333333333333,0.0,0.0,1.0,0.0,0.625,0.0,0.0,0.0,0.0,0.0,0.0,0.0,0.5,0.5,0.0,0.0,0.0,0.1666666666666666,0.0,0.0,1.0,0.0,0.1916666666666666,0.0,0.0,0.0,0.0,0.0,0.0,1.0,0.5,0.0,0.0,0.0,0.0,0.25,0.0,0.0,1.0,Romelu Lukaku,0.0,1.0,0.1388888888888889,0.9688995215311008,0.0,0.0194772429104854,0.8294333990725438,0.1858552631578947,0.1298747763864044,0.3389830508474576,,1.0,0.0,0.0,0.0,0.0,0.3433333333333334,0.4166666666666666,0.7687499999999999,0.0,0.24,1.0,0.75,0.6000000000000001,1.0,0.2666666666666667,0.19464144,0.10089483,0.305,0.3333333333333333,0.0,0.0,0.0,0.0,0.6666666666666666,0.3433333333333334,0.1543300330033003,0.035,0.0,0.0,0.0,0.0,0.0,0.0,0.0,0.24,0.5533980582524273,0.24,0.0,0.0,0.0,0.25,0.0,0.0,0.0,0.0,0.0,0.5,0.5641025641025642,0.4509803921568627,0.5952380952380952,0.6702654332537856,0.55,1.0,1.0,1.0,0.6666666666666667,1.0,0.6666666666666667,0.3333333333333333,1.0,1.0,7.4,0.7965711270909327,0.6361053982376589,0.397348140006217,0.4019997210495901,0.15882572496344047,0.10102990102825418,0.35,0.21309530840961574,0.01281760841462968,0.0,0.08,0.017821606467350485,0.02,0.011777313898370166,0.01,0.0103350082882538,1.5881657771585607,0.2043,0.32446226827349395,0.2576499352256015,0.13639693653747337,0.07719085996343122,1.5881657771585607,1.0,0.0,0.0,0.0,0.2933246284379707,0.0,0.26366310759916,0.0,0.44997779910852387,0.28623330710003286,0.0
0.0473170731707317,Jérémy Doku,5,Belgium,MID,0.5283018867924528,playing,0.0967741935483871,0.1666666666666666,0.8,5.9,0.15,0.0,0.0952380952380952,0.0555555555555555,,Jérémy Doku,1.0,0.1724,0.0667,Spain,Belgium,False,Spain,0.5211,0.5211,0.5936,0.3077,0.2043,0.7957,0.4064,0.0,0.0,0.4,0.375,0.4604166666666666,0.0,0.0,0.0588235294117647,0.0,0.0,0.0,0.0,0.0,0.0,0.0,0.0,0.0,0.0,0.0,0.9555555555555556,0.0,0.0,0.0,0.0,0.0,0.0,0.0,0.0,0.5,0.0,0.0,0.0,0.0,0.0,0.0,0.0,0.0,0.0,0.0,0.0,0.0,0.0,0.0,0.0,0.0,0.0,0.0,0.0,0.0,0.0,0.0,0.0,0.0,0.0,0.0,0.6222222222222222,0.0,0.0,0.0,0.0,0.0,0.0,1.0,0.0,0.0,0.0,0.0,0.0,0.3333333333333333,0.0,0.0,0.0,0.0,0.4666666666666667,0.0,0.0,0.0,0.0,0.0,0.0,0.0,0.0,1.0,0.0,0.0,0.0,0.0,0.0,0.0,0.0,0.0,0.1916666666666666,0.0,0.0,0.0,0.0,0.0,0.0,1.0,0.0,0.0,0.0,0.0,0.0,0.0,0.0,0.0,0.0,Jeremy Doku,0.0,1.0,0.0666666666666666,0.9688995215311008,0.0,0.0194772429104854,0.8294333990725438,0.1858552631578947,0.1298747763864044,0.3389830508474576,,1.0,0.0,0.0,0.0,0.0,0.45,0.4604166666666667,0.0,0.0,0.0723981900452488,0.0,0.0,0.0,0.5909090909090909,0.45,0.10233664,0.0530474799999999,0.0,0.0,0.0,0.0,0.0,0.0,0.6666666666666666,0.45,0.2022772277227722,0.0950226244343891,0.0,0.0,0.0,0.0,0.0,0.0,0.0,0.0723981900452488,0.1407407407407407,0.0723981900452488,0.0,0.0,0.0,0.0,0.0,0.0,0.0,0.0,0.0,0.0555555555555555,0.0769230769230769,0.0980392156862745,0.0952380952380952,0.1040453736765417,0.1,0.9545454545454546,0.3636363636363636,0.4545454545454546,0.5454545454545455,0.5,0.3636363636363636,0.1363636363636363,0.9,0.0,7.5,0.6682633517680235,0.5214215380181494,0.18922533311074907,0.12310916299520898,0.060244730052690286,0.031412899801562,0.55,0.1329624921946281,0.00851941045600299,0.10846970858073247,0.14,0.013882194171589864,0.04,0.009336851115936436,0.05,0.007815106331622933,1.5881657771585607,0.2043,0.32446226827349395,0.2576499352256015,0.13639693653747337,0.07719085996343122,1.5881657771585607,1.0,0.0,0.0,0.0,0.2933246284379707,0.15294577889872887,0.2344133029277992,0.12222814494452741,0.2444560006920727,0.0,0.0
0.0482926829268292,Dodi Lukébakio,5,Belgium,FWD,0.2923076923076924,playing,0.0967741935483871,0.1956521739130435,0.6000000000000001,0.1,0.05,0.0666666666666666,0.0476190476190476,0.1111111111111111,,Dodi Lukébakio,1.0,0.1852,0.0714,Spain,Belgium,False,Spain,0.5211,0.5211,0.5936,0.3077,0.2043,0.7957,0.4064,0.0,0.0,0.4,0.125,0.3395833333333333,0.0,0.0,0.0588235294117647,0.0,0.0,0.0,0.1111111111111111,0.0,0.0,0.0,0.0,0.0,0.0,0.0,0.0,0.0,0.0,0.0,0.0,0.0,0.0,0.0,0.0,0.0,0.0,0.0,0.0,0.0,0.0,0.0,0.0,0.0,0.3555555555555555,0.0,0.0,0.0,0.0,0.0,0.0,1.0,0.0,0.0,0.0,0.2,0.0,0.25,0.0,0.0,0.0,0.0,0.0,0.0,0.0,0.0,0.0,0.0,0.0,0.0,0.0,0.0,0.0,0.0,0.0,0.0,0.0,0.0,0.0,0.0,0.5333333333333333,0.0,0.0,0.0,0.0,0.0,0.0,1.0,0.0,0.0,0.0,0.0,0.0,0.0,0.0,0.0,0.0,0.0,0.5583333333333333,0.0,0.0,0.0,0.0,0.0,0.0,0.0,0.0,0.5,0.0,0.2,0.0,0.0,0.0,0.0,0.0,Dodi Lukebakio,0.0,1.0,0.0714285714285714,0.9688995215311008,0.0,0.0194772429104854,0.8294333990725438,0.1858552631578947,0.1298747763864044,0.3389830508474576,,1.0,0.0,0.0,0.0,0.0,0.4366666666666666,0.3395833333333333,0.0,0.0,0.098159509202454,0.0,0.0,0.0,0.3333333333333333,1.0,0.10993472,0.0569860399999999,0.0,0.0,0.0,0.0,0.0,0.0,0.3333333333333333,0.4366666666666666,0.1962838283828382,0.0429447852760736,0.0,0.0613496932515337,0.0381679389312977,0.0613496932515337,0.0,0.0,0.0,0.098159509202454,0.0,0.098159509202454,0.0,0.0,0.0,0.0,0.0,0.0,0.0,0.0,0.0,0.1111111111111111,0.1025641025641025,0.0784313725490196,0.1031746031746031,0.1220040151072922,0.1,0.6666666666666667,0.6666666666666667,0.6666666666666667,0.6666666666666667,0.6666666666666667,0.6666666666666667,0.8333333333333333,0.6333333333333335,1.0,5.9,0.6544708417647759,0.5480078997277547,0.20481259462948634,0.1325356202487934,0.06124641223947399,0.03356351773721439,0.35,0.1371868855729511,0.008174306414184351,0.0,0.08,0.014819106338493282,0.02,0.010146213303269265,0.01,0.008303434900417036,1.5881657771585607,0.2043,0.32446226827349395,0.2576499352256015,0.13639693653747337,0.07719085996343122,1.5881657771585607,1.0,0.0,0.0,0.0,0.34336398269343665,0.0,0.20737573089365788,0.0,0.22922022376169135,0.12561449339877043,0.0
0.048780487804878,Alexis Saelemaekers,5,Belgium,MID,0.1886792452830189,playing,0.1935483870967742,0.3405797101449275,0.6000000000000001,0.1,0.05,0.0666666666666666,0.4761904761904761,0.0,,Alexis Saelemaekers,1.0,0.1389,0.0526,Spain,Belgium,False,Spain,0.5211,0.5211,0.5936,0.3077,0.2043,0.7957,0.4064,0.125,0.0,0.4,0.125,0.1604166666666666,0.0,0.0,0.0588235294117647,0.25,0.0,0.0,0.1111111111111111,0.0,0.0,0.0,0.0,0.0,0.0,0.0,0.0,0.0,0.0,0.0,0.0,0.0,0.0,0.0,0.0,0.0,0.0,0.0,0.0,0.0,0.0,0.0,0.0,0.0,0.6444444444444445,0.0,0.0,0.0,0.0,0.0,0.0,1.0,0.0,0.0,0.0,0.2,0.0,0.0,0.0,0.0,0.0,0.0,0.2,0.0,0.0,0.0,0.0,0.0,0.0,0.0,0.3333333333333333,0.25,0.0,0.125,0.0,0.3333333333333333,0.0,0.0,1.0,0.0,0.0,0.0,0.0,0.0,0.0,0.0,0.0,0.0,0.0,0.0,0.0,0.0,0.0,0.0,0.0,0.0,0.0,0.0,0.0083333333333333,0.0,0.0,0.0,0.0,0.0,0.0,1.0,0.0,0.0,0.0,0.0,0.0,0.0,0.0,0.0,0.0,Alexis Saelemaekers,0.0,1.0,0.0526315789473684,0.9688995215311008,0.0,0.0194772429104854,0.8294333990725438,0.1858552631578947,0.1298747763864044,0.3389830508474576,,1.0,0.0,0.0,0.0,0.0,0.0633333333333333,0.1604166666666666,0.6655844155844156,0.0,0.2077922077922077,1.0,0.25,0.0,0.3636363636363636,0.7000000000000001,0.08245104,0.04273953,0.0,0.0,0.0,0.0,0.0,0.0,0.3333333333333333,0.0633333333333333,0.0284686468646864,0.0909090909090909,0.0,0.1298701298701298,0.2631578947368421,0.1298701298701298,0.0,0.0,0.0,0.2077922077922077,1.0,0.2077922077922077,0.0,0.0,0.0,0.0,0.0,0.0,0.0,0.0,0.0,0.0,0.2820512820512821,0.2156862745098039,0.2539682539682539,0.5554502982531374,0.45,0.5454545454545455,0.4545454545454546,0.2727272727272727,0.5454545454545455,0.5,0.3636363636363636,0.4090909090909091,0.1,1.0,5.7,0.26829398924951503,0.13944614533024502,0.14954463728001757,0.03282634771502676,0.050701506130350085,0.007070129592315106,0.55,0.04008623931019446,0.0018583224474723735,0.03451630807519744,0.14,0.003661879863948774,0.04,0.0026211538426640373,0.05,0.0019816526380330535,1.5881657771585607,0.2043,0.32446226827349395,0.2576499352256015,0.13639693653747337,0.07719085996343122,1.5881657771585607,1.0,0.0,0.0,0.0,0.44414681521842797,0.06193456134291439,0.18630298159133296,0.025979232646442977,0.2775274024186377,0.0,0.0
0.0492682926829268,Charles De Ketelaere,5,Belgium,MID,0.1698113207547168,playing,0.4032258064516129,0.5072463768115942,0.8,0.8,0.15,0.0,0.1428571428571428,0.0555555555555555,,Charles De Ketelaere,1.0,0.2353,0.093,Spain,Belgium,False,Spain,0.5211,0.5211,0.5936,0.3077,0.2043,0.7957,0.4064,0.25,0.2,0.0,0.5,0.5479166666666666,0.0,0.0,0.2352941176470588,0.25,0.0,0.0,0.3333333333333333,0.0,0.0,0.0,0.0,0.0,0.0,0.0,0.7333333333333334,0.0,0.0,0.0,0.0,0.0,0.0,0.0,0.0,0.5,0.0,0.3333333333333333,0.0,0.0,0.0,0.0,0.0,0.0,0.0,0.0,0.0,0.0,0.0,0.0,0.0,0.0,0.0,0.0,0.0,0.0,0.0,0.0,0.0,0.0,0.0,0.0,0.9444444444444444,0.0,0.0,0.0,0.0,0.0,0.0,0.0,0.0,0.25,0.0,0.25,0.0,0.3333333333333333,0.0,0.0,0.0,0.0,0.375,0.0,0.0,0.0,0.0,0.0,0.0,0.0,0.0,0.5,0.0,0.2,0.0,0.0,0.0,0.0,0.0,0.0,0.5583333333333333,0.5,0.0,0.0,0.0,0.0,0.0,0.0,1.0,0.5,0.0,0.2,0.0,0.75,0.0,0.0,1.0,Charles De Ketelaere,0.0,1.0,0.0930232558139534,0.9688995215311008,0.0,0.0194772429104854,0.8294333990725438,0.1858552631578947,0.1298747763864044,0.3389830508474576,,1.0,0.0,0.0,0.0,0.0,0.6566666666666667,0.5479166666666666,0.3897338403041825,0.0,0.2433460076045627,0.5,0.5,0.2,1.0,0.0,0.13967408,0.07240181,0.2319391634980988,0.3333333333333333,0.0,0.0,0.0,0.0,0.0,0.6566666666666667,0.2951749174917492,0.1064638783269961,0.0,0.1140684410646387,0.1015228426395939,0.1140684410646387,0.0,0.0,0.0,0.2433460076045627,0.3857868020304569,0.2433460076045627,0.0,0.0,0.0,0.0,0.0,0.0,0.0,0.0,0.0,0.0555555555555555,0.1025641025641025,0.1176470588235294,0.119047619047619,0.1220040151072922,0.1,0.4545454545454546,0.7727272727272728,0.7272727272727273,0.5454545454545455,0.9545454545454546,0.3636363636363636,0.7727272727272728,0.5000000000000001,1.0,5.6,0.7005909797512638,0.6550796209279249,0.2682716789319577,0.2808357982705719,0.13631525961966343,0.08929734859834079,0.55,0.18572628111973657,0.00989788649109998,0.1128752286919564,0.14,0.01944675589033753,0.04,0.01143296136158448,0.05,0.011317139711797604,1.5881657771585607,0.2043,0.32446226827349395,0.2576499352256015,0.13639693653747337,0.07719085996343122,1.5881657771585607,1.0,0.0,0.0,0.0,0.39524151795252016,0.2589146637553145,0.20156692504817728,0.13204238485216743,0.343804178367243,0.0,0.0
0.0507317073170731,Senne Lammens,5,Belgium,GK,0.7333333333333334,playing,0.0161290322580645,0.072463768115942,0.0,1.0,0.05,0.0,0.0476190476190476,0.0,,,,0.0067,0.0067,Spain,Belgium,False,Spain,0.5211,0.5211,0.5936,0.3077,0.2043,0.7957,0.4064,0.0,0.0,0.0,0.0,0.0,0.0,0.0,0.0,0.0,0.0,0.0,0.0,0.0,0.0,0.0,0.0,0.0,0.0,0.0,0.0,0.0,0.0,0.0,0.0,0.0,0.0,0.0,0.0,0.0,0.0,0.0,0.0,0.0,0.0,0.0,0.0,0.0,0.0,0.0,0.0,0.0,0.0,0.0,0.0,0.0,0.0,0.0,0.0,0.0,0.0,0.0,0.0,0.0,0.0,0.0,0.0,0.0,0.0,0.0,0.0,0.0,0.0,0.0,0.0,0.0,0.0,0.0,0.0,0.0,0.0,0.0,0.0,0.0,0.0,0.0,0.0,0.0,0.0,0.0,0.0,0.0,0.0,0.0,0.0,0.0,0.0,0.0,0.0,0.0,0.0,0.0,0.0,0.0,0.0,0.0,0.0,0.0,0.0,0.0,0.0,0.0,0.0,0.0,0.0,0.0,0.0,0.0,0.0,Senne Lammens,0.0,0.0,0.0066666666666666,0.9688995215311008,0.0,0.0194772429104854,0.8294333990725438,0.1858552631578947,0.1298747763864044,0.3389830508474576,,1.0,0.0,0.0,0.0,0.0,0.0,0.0,0.0,0.0,0.0,0.0,0.0,0.0,0.6666666666666667,0.6333333333333334,0.00397712,0.00206159,0.0,0.0,0.0,0.0,0.0,0.0,0.0,0.0,0.0,0.0,-0.0978434098022482,0.0,0.0,0.0,0.0,0.0,0.0,0.0,0.0,0.0,0.0,0.0,0.0,0.0,0.0,0.0,0.0,0.0,0.0,0.0,0.0256410256410256,0.0196078431372549,0.0238095238095238,0.0,0.0,0.6666666666666667,0.4999999999999999,0.4999999999999999,0.6666666666666667,0.6666666666666667,0.6666666666666667,0.6666666666666667,0.6333333333333335,1.0,4.6,0.2650274005334812,0.12346704756522399,0.006722545760826811,0.0,0.047254094528696514,0.0005834323536826163,0.15,0.02654541522652316,0.0017627769037481217,0.030388946426748636,0.04,0.00286495059638169,0.05,0.0023915183361470135,0.08,0.0016269645920770235,1.5881657771585607,0.2043,0.32446226827349395,0.2576499352256015,0.13639693653747337,0.07719085996343122,1.5881657771585607,1.0,0.19608613954989693,0.24446483648721629,0.003999966891497051,0.2933246284379707,0.0,0.2289269094032768,0.0,0.19710225511064955,0.0,0.0
0.0521951219512195,Nicolas Raskin,5,Belgium,MID,0.1132075471698111,playing,0.2903225806451612,0.3188405797101449,1.0,0.2,0.1,0.0666666666666666,0.238095238095238,0.1666666666666666,,Nicolas Raskin,1.0,0.1176,0.0435,Spain,Belgium,False,Spain,0.5211,0.5211,0.5936,0.3077,0.2043,0.7957,0.4064,0.0,0.4,0.8,0.125,0.5208333333333334,0.0,0.0,0.0588235294117647,0.25,0.5,0.0,0.5,0.0,0.0,0.0,0.0,0.0,0.0,0.0,0.3777777777777777,0.0,0.0,0.0,0.0,0.0,0.0,1.0,0.0,0.0,0.0,0.3333333333333333,0.5,0.0,0.0,0.0,0.0,0.0,0.6444444444444445,0.0,0.0,0.0,0.0,0.0,0.0,1.0,0.0,0.0,0.0,0.2,0.0,0.0,0.0,0.0,0.0,0.0,0.0555555555555555,0.5,0.0,0.0,0.0,0.0,0.0,1.0,0.0,0.0,0.0,0.125,0.5,0.0,0.0,0.0,0.0,0.0,0.5333333333333333,0.0,0.0,0.0,0.0,0.0,0.0,1.0,0.0,0.0,0.0,0.2,0.0,0.0,0.0,0.0,0.0,0.0,0.7416666666666667,0.5,0.0,0.0,0.0,0.0,0.0,0.0,0.0,0.5,0.0,0.8,0.5,0.25,0.0,0.0,1.0,,,1.0,0.0434782608695652,0.9688995215311008,0.0,0.0194772429104854,0.8294333990725438,0.1858552631578947,0.1298747763864044,0.3389830508474576,,1.0,0.0,0.0,0.0,0.0,0.5266666666666666,0.5208333333333333,0.0,0.0,0.064,0.0,0.0,0.0,0.2727272727272727,0.8000000000000002,0.06980736,0.03618552,0.488,0.6666666666666666,0.732,0.4556962025316456,0.6410880000000001,0.0,0.6666666666666666,0.5266666666666666,0.2367392739273927,0.028,0.0,0.18,0.1898734177215189,0.18,0.732,0.4556962025316456,0.732,0.064,0.120253164556962,0.064,0.0,0.0,0.0,0.0,0.0,0.0,0.0,0.0,0.0,0.1666666666666666,0.2307692307692307,0.196078431372549,0.238095238095238,0.1911435567035488,0.2,0.2727272727272727,0.5454545454545455,0.5454545454545455,0.5454545454545455,0.5,0.9545454545454546,1.0,0.3500000000000001,1.0,5.3,0.5551721541109761,0.569039108852911,0.12510981104284438,0.0854141393033923,0.7539516981586272,0.4290280024383241,0.55,0.17071173265587328,0.015553195420019324,0.15395060001158173,0.14,0.017259222549254986,0.04,0.01069616548570469,0.05,0.010010495013825475,1.5881657771585607,0.2043,0.32446226827349395,0.2576499352256015,0.13639693653747337,0.07719085996343122,1.5881657771585607,1.0,0.0,0.0,0.0,0.46633199819323706,0.2653611446814769,0.507763326305214,0.28893719070890883,0.17609389466028502,0.0,0.0
0.0526829268292683,Amadou Onana,5,Belgium,MID,0.2264150943396227,playing,0.0806451612903225,0.144927536231884,0.8,0.2,0.1,0.0,0.0952380952380952,0.0555555555555555,,,,0.0067,0.0067,Spain,Belgium,False,Spain,0.5211,0.5211,0.5936,0.3077,0.2043,0.7957,0.4064,0.0,0.0,0.4,0.25,0.2208333333333333,0.0,0.0,0.0,0.0,0.0,0.0,0.2222222222222222,0.0,0.0,0.0,0.0,0.0,0.0,0.0,0.6222222222222222,0.0,0.0,0.0,0.0,0.0,0.0,0.0,0.0,0.5,0.0,0.0,0.0,0.0,0.0,0.0,0.0,0.0,0.0,0.0,0.0,0.0,0.0,0.0,0.0,0.0,0.0,0.0,0.0,0.0,0.0,0.0,0.0,0.0,0.0,0.0,0.2,0.0,0.0,0.0,0.0,0.0,0.0,0.0,0.0,0.25,0.0,0.125,0.0,0.0,0.0,0.0,0.0,0.0,0.0916666666666666,0.0,0.0,0.0,0.0,0.0,0.0,1.0,0.0,0.0,0.0,0.2,0.0,0.0,0.0,0.0,0.0,0.0,0.175,0.0,0.0,0.0,0.0,0.0,0.0,1.0,0.0,0.0,0.0,0.4,0.0,0.0,0.0,0.0,0.0,Amadou Onana,0.0,0.0,0.0066666666666666,0.9688995215311008,0.0,0.0194772429104854,0.8294333990725438,0.1858552631578947,0.1298747763864044,0.3389830508474576,,1.0,0.0,0.0,0.0,0.0,0.1666666666666666,0.2208333333333333,0.0,0.0,0.0,0.0,0.0,0.0,0.0909090909090909,1.0,0.00397712,0.00206159,0.0,0.0,0.0,0.0,0.0,0.0,0.6666666666666666,0.1666666666666666,0.0749174917491749,0.1320754716981132,0.0,0.1886792452830188,0.3999999999999999,0.1886792452830188,0.0,0.0,0.0,0.0,0.0,0.0,0.0,0.0,0.0,0.0,0.0,0.0,0.0,0.0,0.0,0.0555555555555555,0.0769230769230769,0.0784313725490196,0.0873015873015873,0.0637145189011829,0.05,0.6363636363636364,0.2727272727272727,0.3636363636363636,0.5454545454545455,0.1818181818181818,0.3636363636363636,0.6363636363636364,0.3500000000000001,1.0,5.9,0.2500381015152206,0.16669908126851252,0.006722545760826811,0.004413917000939012,0.047716951553264046,0.007954371984863238,0.55,0.05037142993424958,0.00187715801168098,0.037869043934133866,0.14,0.004563893599918465,0.04,0.0030597318092256227,0.05,0.0024923627126074285,1.5881657771585607,0.2043,0.32446226827349395,0.2576499352256015,0.13639693653747337,0.07719085996343122,1.5881657771585607,1.0,0.0,0.0,0.0,0.525194399700068,0.08754942391736928,0.16714314523271465,0.02786260875062309,0.13719697057870392,0.0,0.0
0.053170731707317,Youri Tielemans,5,Belgium,MID,0.2641509433962262,playing,0.4677419354838709,0.4782608695652173,1.0,2.6,0.15,0.2,0.1428571428571428,1.0,,Youri Tielemans,1.0,0.1724,0.0667,Spain,Belgium,False,Spain,0.5211,0.5211,0.5936,0.3077,0.2043,0.7957,0.4064,0.25,0.0,0.2,0.625,0.9895833333333334,0.0,0.0,0.1764705882352941,0.25,0.1666666666666666,0.0,0.3888888888888888,0.0,0.0,0.0,0.0,1.0,0.0,0.0,1.0,0.0,0.0,0.0,0.0,0.0,0.0,0.0,0.0,0.5,0.0,0.1666666666666666,0.5,0.0,0.0,0.0,0.0,0.0,1.0,0.0,0.0,0.0,0.0,0.0,0.0,1.0,0.0,0.0,0.0,0.4,0.0,0.25,0.0,0.0,0.0,0.0,0.9444444444444444,0.0,0.0,0.0,0.0,0.0,0.0,0.0,0.0,0.25,0.0,0.0,0.0,0.0,0.0,0.0,0.0,0.0,1.0,0.0,0.0,0.0,0.0,1.0,0.0,0.0,1.0,1.0,0.0,0.2,0.0,0.3333333333333333,0.0,0.0,1.0,0.0,0.75,0.0,0.0,0.0,0.0,0.0,0.0,0.0,0.0,0.5,0.0,0.6000000000000001,0.0,0.0,0.0,0.0,0.0,Youri Tielemans,0.0,1.0,0.0666666666666666,0.9688995215311008,0.0,0.0194772429104854,0.8294333990725438,0.1858552631578947,0.1298747763864044,0.3389830508474576,,1.0,0.0,0.0,0.0,0.0,0.9833333333333332,0.9895833333333331,0.2157894736842105,0.0,0.1010526315789473,0.6666666666666666,0.5,0.0,0.5909090909090909,0.45,0.10233664,0.0530474799999999,0.0,0.0,0.1284210526315789,0.0,0.1124715789473684,0.0,0.0,0.9833333333333332,0.442013201320132,0.0736842105263157,0.0,0.0736842105263157,0.0677966101694915,0.0736842105263157,0.1284210526315789,0.0,0.1284210526315789,0.1010526315789473,0.1288135593220339,0.1010526315789473,0.0,0.0,0.0,0.0,0.0,0.0,0.0,0.1894736842105263,1.0,1.0,0.6153846153846154,0.5098039215686274,0.7063492063492064,1.0,0.9,0.7272727272727273,0.9090909090909092,1.0,0.5454545454545455,0.7727272727272728,0.7727272727272728,0.9090909090909092,0.7000000000000001,1.0,6.1,0.9016791580218049,0.9304030883633433,0.18922533311074907,0.3214911913198259,0.15375117932727825,0.1430505720856059,0.55,0.2543917917919773,0.025929259050123842,0.15346860607591903,0.14,0.028710760086702314,0.04,0.015811615894962962,0.05,0.017235163733469873,1.5881657771585607,0.2043,0.32446226827349395,0.2576499352256015,0.13639693653747337,0.07719085996343122,1.5881657771585607,1.0,0.0,0.0,0.0,0.35843591752667153,0.3334898846471638,0.2538821290128145,0.23621271691378334,0.27178709018598984,0.0,0.0
0.0536585365853658,Kevin De Bruyne,5,Belgium,MID,0.5283018867924528,playing,0.3064516129032257,0.3985507246376811,0.8,4.4,0.15,0.2,0.6190476190476191,0.0555555555555555,,Kevin De Bruyne,1.0,0.2151,0.0851,Spain,Belgium,False,Spain,0.5211,0.5211,0.5936,0.3077,0.2043,0.7957,0.4064,0.125,0.2,0.4,0.375,0.6270833333333333,0.0,0.0,0.2352941176470588,0.0,0.0,0.0,0.1111111111111111,0.0,0.0,0.0,0.0,0.0,0.0,0.0,0.9555555555555556,0.0,0.0,0.0,0.0,0.0,0.0,0.0,0.0,0.5,0.0,0.0,0.0,0.25,0.0,0.0,0.0,0.0,0.9666666666666668,0.0,0.0,0.0,0.0,0.0,0.0,1.0,0.0,0.0,0.0,0.2,0.0,0.25,0.0,0.0,0.0,0.0,0.8,0.5,0.0,0.0,0.0,0.0,0.0,1.0,0.3333333333333333,0.0,0.0,0.125,0.0,0.6666666666666666,0.0,0.0,0.0,0.0,0.4666666666666667,0.0,0.0,0.0,0.0,0.0,0.0,0.0,0.0,1.0,0.0,0.0,0.0,0.0,0.0,0.0,0.0,0.0,0.0,0.0,0.0,0.0,0.0,0.0,0.0,0.0,0.0,0.0,0.0,0.0,0.0,0.0,0.0,0.0,0.0,Kevin De Bruyne,0.0,1.0,0.0851063829787234,0.9688995215311008,0.0,0.0194772429104854,0.8294333990725438,0.1858552631578947,0.1298747763864044,0.3389830508474576,,1.0,0.0,0.0,0.0,0.0,0.4266666666666666,0.6270833333333333,0.170265780730897,0.0,0.212624584717608,0.25,0.25,0.0,0.8636363636363636,0.15,0.12768336,0.0661862699999999,0.2026578073089701,0.3333333333333333,0.0,0.0,0.0,0.0,0.3333333333333333,0.4266666666666666,0.1917887788778877,0.0697674418604651,0.0,0.0332225913621262,0.0390625,0.0332225913621262,0.0,0.0,0.0,0.212624584717608,0.296875,0.212624584717608,0.0,0.0,0.0,0.0,0.0,0.0,0.0,0.0,0.0,0.0555555555555555,0.4358974358974359,0.3725490196078431,0.4047619047619047,0.6455845658505254,0.6000000000000001,0.9545454545454546,0.6363636363636364,0.8181818181818182,0.5454545454545455,0.9545454545454546,0.3636363636363636,0.4090909090909091,0.8000000000000002,1.0,7.5,0.7579924581265851,0.6186946514183148,0.24219895784936912,0.22347903499359523,0.12643512704383514,0.07822473685341592,0.55,0.16290579600717123,0.01071946263786453,0.12870513326871155,0.14,0.01723640891606903,0.04,0.011078675170333924,0.05,0.009869817496235849,1.5881657771585607,0.2043,0.32446226827349395,0.2576499352256015,0.13639693653747337,0.07719085996343122,1.5881657771585607,1.0,0.0,0.0,0.0,0.32391830693974405,0.20040652400009565,0.24254325036291727,0.15006021173715015,0.34706242590933184,0.0,0.0
0.2092682926829268,Nico O'Reilly,18,England,DEF,0.48,playing,0.1935483870967742,0.2318840579710145,1.0,10.8,0.1,0.0666666666666666,0.3809523809523809,0.1111111111111111,,Nico O'Reilly,1.0,0.1471,0.0556,Norway,England,False,Norway,0.5627,0.5365,0.781,0.5714,0.3408,0.6592,0.219,0.0,0.0,0.4,0.625,0.7666666666666666,0.5,0.0,0.0588235294117647,0.0,0.1666666666666666,0.0,0.2777777777777778,0.0,0.0,0.0,0.0,0.0,0.0,0.0,1.0,0.0,0.0,0.0,0.0,0.0,0.0,0.0,0.0,1.0,0.0,0.0,0.0,0.25,0.0,0.0,0.0,0.0,0.2666666666666666,0.0,0.0,0.0,0.0,0.0,0.0,1.0,0.0,0.0,0.0,0.2,0.0,0.0,0.0,0.0,0.0,0.0,1.0,0.0,0.0,0.0,0.0,0.0,0.0,1.0,0.0,0.0,0.0,0.375,0.0,0.0,0.0,0.0,0.0,0.0,0.75,0.0,0.0,0.0,0.0,0.0,0.0,0.0,0.0,0.5,0.0,0.0,0.5,0.0,0.0,0.0,0.0,0.0,0.6166666666666667,0.0,1.0,0.0,0.0,0.0,0.0,0.0,0.0,1.0,0.0,0.2,0.0,0.0,0.0,0.0,0.0,Nico O’Reilly,0.0,1.0,0.054054054054054,0.0,0.6947162426614462,1.0,1.0,0.9448160535117056,0.899003322259136,0.6944444444444444,,0.4441325098259403,0.0,0.0,0.0,0.0,0.8466666666666667,0.7666666666666666,0.0,0.0,0.0434782608695652,0.0,0.0,0.0,1.0,0.0222222222222222,0.1148851,0.08405294,0.0,0.0,0.1657608695652173,0.1417322834645669,0.1910054347826087,0.0,0.3333333333333333,0.8466666666666667,0.6348602860286029,0.0951086956521739,-0.36184300059346997,0.0679347826086956,0.0787401574803149,0.0679347826086956,0.1657608695652173,0.1417322834645669,0.1657608695652173,0.0434782608695652,0.0,0.0434782608695652,0.0,0.0,0.0,0.1358695652173913,0.0,0.0,0.0,0.0,0.0,0.1111111111111111,0.2820512820512821,0.2352941176470588,0.2777777777777778,0.3660120453218768,0.35,0.6666666666666667,0.6666666666666667,0.8888888888888888,0.5555555555555556,0.8888888888888888,0.9444444444444444,0.8888888888888888,1.0,0.0,4.7,0.8695137927218675,0.8671893975933603,0.15911297165707328,0.12761183635325707,0.20010061383370784,0.15617261769166327,0.45,0.1779108629875923,0.021256639255756334,0.24947633297995583,0.12,0.014428401082671873,0.08,0.006783114372539952,0.14,0.011040689730752107,1.0764594840269763,0.3408,0.3668573921563935,0.19745355953607674,0.07085025227249835,0.02403879603503145,1.0764594840269763,0.3600538893987516,0.9334942514870131,0.0,0.0,0.23204114064370185,0.0,0.3302969754011277,0.0,0.22306529350686666,0.0,0.0
0.2112195121951219,Marc Guéhi,18,England,DEF,0.6399999999999999,playing,0.2903225806451612,0.3188405797101449,1.0,6.2,0.1,0.4666666666666667,0.3809523809523809,0.1111111111111111,,Marc Guehi,1.0,0.1026,0.0385,Norway,England,False,Norway,0.5627,0.5365,0.781,0.5714,0.3408,0.6592,0.219,0.0,0.0,0.6000000000000001,0.375,0.75625,0.5,0.0,0.0,0.0,0.0,0.0,0.0,0.0,0.0,0.0,0.0,0.0,0.0,0.0,0.0333333333333333,0.0,0.0,0.0,0.0,0.0,0.0,1.0,0.0,0.0,0.0,0.0,0.0,0.0,0.0,0.0,0.0,0.0,1.0,0.0,0.0,0.0,0.0,0.0,0.0,1.0,0.0,0.0,0.0,0.0,0.0,0.0,0.0,0.0,0.0,0.0,1.0,0.0,0.0,0.0,0.0,0.0,0.0,1.0,0.0,0.0,0.0,0.0,0.0,0.0,0.0,0.0,0.0,0.0,0.75,0.0,0.0,0.0,0.0,0.0,0.0,0.0,0.0,0.5,0.0,0.0,0.0,0.0,0.0,0.0,0.0,0.0,0.75,0.0,1.0,0.0,0.0,0.0,0.0,0.0,0.0,1.0,0.0,0.0,0.0,0.0,0.0,0.0,0.0,Marc Guéhi,0.0,1.0,0.037037037037037,0.0,0.6947162426614462,1.0,1.0,0.9448160535117056,0.899003322259136,0.6944444444444444,,0.4441325098259403,0.0,0.0,0.0,0.0,0.9,0.7562499999999999,0.0,0.0,0.0,0.0,0.0,0.0,0.7222222222222223,0.3277777777777778,0.0801306,0.05862564,0.0,0.0,0.0,0.0,0.0,0.0,0.3333333333333333,0.9,0.6748514851485148,0.0578512396694214,-0.360186528777808,0.0,0.0,0.0,0.0,0.0,0.0,0.0,0.0,0.0,0.0,0.0,0.0,0.1377410468319559,0.0,0.0,0.0,0.0,0.0,0.1111111111111111,0.4358974358974359,0.3529411764705882,0.373015873015873,0.4079719802525379,0.35,0.8888888888888888,0.8888888888888888,0.7777777777777779,0.5555555555555556,0.3888888888888889,0.4444444444444445,0.2222222222222222,0.8777777777777779,0.0,5.1,0.8695610602590925,0.8632195134347659,0.10825358544025411,0.09644387802356318,0.1002120007049853,0.07785445903999365,0.45,0.1630819516815769,0.017148584334443544,0.3016123548002678,0.12,0.013549567377912011,0.08,0.007394385062746807,0.14,0.010297973517338844,1.0764594840269763,0.3408,0.3668573921563935,0.19745355953607674,0.07085025227249835,0.02403879603503145,1.0764594840269763,0.3600538893987516,0.9292208320340056,0.0,0.0,0.175911843061125,0.0,0.24018162850292787,0.0,0.2129704729938731,0.0,0.0
0.2117073170731707,Dan Burn,18,England,DEF,0.3999999999999999,playing,0.032258064516129,0.144927536231884,0.2,0.3,0.05,0.0,0.0476190476190476,0.0,,Dan Burn,1.0,0.1026,0.0385,Norway,England,False,Norway,0.5627,0.5365,0.781,0.5714,0.3408,0.6592,0.219,0.0,0.0,0.2,0.0,0.03125,0.0,0.0,0.0,0.0,0.0,0.0,0.0,0.0,0.0,0.0,0.0,0.0,0.0,0.0,0.0,0.0,0.0,0.0,0.0,0.0,0.0,0.0,0.0,0.0,0.0,0.0,0.0,0.0,0.0,0.0,0.0,0.0,0.0,0.0,0.0,0.0,0.0,0.0,0.0,0.0,0.0,0.0,0.0,0.0,0.0,0.0,0.0,0.0,0.0,0.0,0.0,0.0,0.0,0.0,0.0,0.0,0.0,0.0,0.0,0.0,0.0,0.0,0.0,0.0,0.0,0.0,0.0,0.0,0.0,0.0,0.0,0.0,0.0,0.0,0.0,0.0,0.0,0.0,0.0,0.0,0.0,0.0,0.0,0.0,0.0,0.0,0.125,0.0,0.0,0.0,0.0,0.0,0.0,1.0,0.0,0.0,0.0,0.0,0.0,0.0,0.0,0.0,0.0,Dan Burn,0.0,1.0,0.037037037037037,0.0,0.6947162426614462,1.0,1.0,0.9448160535117056,0.899003322259136,0.6944444444444444,,0.4441325098259403,0.0,0.0,0.0,0.0,0.05,0.03125,0.0,0.0,0.0,0.0,0.0,0.0,0.7222222222222223,0.3277777777777778,0.0801306,0.05862564,0.0,0.0,0.0,0.0,0.0,0.0,0.3333333333333333,0.05,0.0374917491749174,0.0,-0.05181014573023655,0.0,0.0,0.0,0.0,0.0,0.0,0.0,0.0,0.0,0.0,0.0,0.0,0.0,0.0,0.0,0.0,0.0,0.0,0.0,0.0256410256410256,0.0196078431372549,0.0238095238095238,0.0,0.0,0.3333333333333333,0.2222222222222222,0.2222222222222222,0.5555555555555556,0.3888888888888889,0.4444444444444445,0.2222222222222222,0.2666666666666667,1.0,4.5,0.23512712228213967,0.12416768872504995,0.10825358544025411,0.012934024804755303,0.09102312509780998,0.010171917957533536,0.45,0.01661692743917576,0.002212615381389681,0.04970597310281625,0.12,0.0016667048113506182,0.08,0.0012116311408926612,0.14,0.0011863665741848578,1.0764594840269763,0.3408,0.3668573921563935,0.19745355953607674,0.07085025227249835,0.02403879603503145,1.0764594840269763,0.3600538893987516,0.13366148613778947,0.0,0.0,0.175911843061125,0.0,0.2101224450720508,0.0,0.18370651540653668,0.0,0.0
0.2121951219512195,Ezri Konsa,18,England,DEF,0.5199999999999998,playing,0.3709677419354839,0.391304347826087,1.0,4.7,0.1,0.6,0.4761904761904761,0.1111111111111111,,Ezri Konsa,1.0,0.0909,0.0333,Norway,England,False,Norway,0.5627,0.5365,0.781,0.5714,0.3408,0.6592,0.219,0.0,0.0,0.4,0.625,0.9375,0.0,0.0,0.0588235294117647,0.5,0.0,0.0,0.1111111111111111,0.0,0.0,0.0,0.0,0.0,0.0,0.0,1.0,0.0,0.0,0.0,0.0,0.0,0.0,0.0,0.0,1.0,0.0,0.0,0.0,0.25,0.0,0.0,0.0,0.0,1.0,0.0,0.0,0.0,0.0,0.0,0.0,1.0,0.0,0.0,0.0,0.2,0.0,0.0,0.0,0.0,1.0,0.0,1.0,0.0,0.0,0.0,0.0,0.0,0.0,1.0,0.0,0.0,0.0,0.125,0.0,0.0,0.0,0.0,1.0,0.0,0.75,0.0,0.0,0.0,0.0,0.0,0.0,0.0,0.0,0.5,0.0,0.0,0.0,0.0,0.0,0.0,0.0,0.0,0.75,0.0,0.0,0.0,0.0,0.0,0.0,0.0,0.0,1.0,0.0,0.0,0.0,0.0,0.0,0.0,0.0,Ezri Konsa,0.0,1.0,0.03125,0.0,0.6947162426614462,1.0,1.0,0.9448160535117056,0.899003322259136,0.6944444444444444,,0.4441325098259403,0.0,0.0,0.0,0.0,0.9,0.9375,0.0,0.0,0.0355555555555555,0.0,0.0,0.0,0.4999999999999999,0.5722222222222223,0.0709929,0.05194026,0.0,0.0,0.0,0.0,0.0,0.0,0.3333333333333333,0.9,0.6748514851485148,0.0777777777777777,-0.37445197402695674,0.0222222222222222,0.0185185185185185,0.0222222222222222,0.0,0.0,0.0,0.0355555555555555,0.0,0.0355555555555555,0.0,0.0,0.0,0.0,0.0,0.0,0.0,0.0,0.0,0.1111111111111111,0.5384615384615385,0.4313725490196078,0.4523809523809523,0.554230866928722,0.45,0.7777777777777779,1.0,1.0,0.5555555555555556,0.8888888888888888,0.4444444444444445,0.6666666666666667,0.7555555555555558,1.0,4.8,0.8940221082034372,0.8974079400499569,0.0953001798543245,0.09109881226329035,0.09962132881606163,0.08046087433007516,0.45,0.12508256511961513,0.016620662026950735,0.2581697178172159,0.12,0.013723926470524693,0.08,0.0070194823796020794,0.14,0.01025978355347381,1.0764594840269763,0.3408,0.3668573921563935,0.19745355953607674,0.07085025227249835,0.02403879603503145,1.0764594840269763,0.3600538893987516,0.9660232881078884,0.0,0.0,0.1926106754552583,0.0,0.2228435963052117,0.0,0.21062775720216914,0.0,0.0
0.2136585365853658,John Stones,18,England,DEF,0.4399999999999997,playing,0.064516129032258,0.144927536231884,0.6000000000000001,1.1,0.1,0.0,0.0476190476190476,0.0555555555555555,,John Stones,1.0,0.0909,0.0333,Norway,England,False,Norway,0.5627,0.5365,0.781,0.5714,0.3408,0.6592,0.219,0.0,0.0,0.2,0.375,0.2520833333333333,0.0,0.0,0.0,0.0,0.0,0.0,0.0555555555555555,0.0,0.0,0.0,0.0,0.0,0.0,0.0,0.9666666666666668,0.0,0.0,0.0,0.0,0.0,0.0,0.0,0.0,1.0,0.0,0.1666666666666666,0.0,0.0,0.0,0.0,0.0,0.0,0.0,0.0,0.0,0.0,0.0,0.0,0.0,0.0,0.0,0.0,0.0,0.0,0.0,0.0,0.0,0.0,0.0,0.0,0.0,0.0,0.0,0.0,0.0,0.0,0.0,0.0,0.0,0.0,0.0,0.0,0.0,0.0,0.0,0.0,0.0,0.0,0.0083333333333333,0.0,0.0,0.0,0.0,0.0,0.0,1.0,0.0,0.0,0.0,0.0,0.0,0.0,0.0,0.0,0.0,0.0,0.275,0.0,0.0,0.0,0.0,0.0,0.0,0.0,0.0,0.5,0.0,0.0,0.0,0.0,0.0,0.0,0.0,John Stones,0.0,1.0,0.03125,0.0,0.6947162426614462,1.0,1.0,0.9448160535117056,0.899003322259136,0.6944444444444444,,0.4441325098259403,0.0,0.0,0.0,0.0,0.1133333333333333,0.2520833333333333,0.0,0.0,0.0,0.0,0.0,0.0,0.4999999999999999,0.5722222222222223,0.0709929,0.05194026,0.0,0.0,0.0,0.0,0.0,0.0,0.3333333333333333,0.1133333333333333,0.0849812981298129,0.1735537190082644,-0.08651979931822316,0.0413223140495867,0.0,0.0413223140495867,0.0,0.0,0.0,0.0,0.0,0.0,0.0,0.0,0.0,0.0,0.0,0.0,0.0,0.0,0.0,0.0555555555555555,0.0512820512820512,0.0588235294117647,0.0634920634920634,0.0735711892777709,0.05,0.5555555555555556,0.3333333333333333,0.4444444444444445,0.5555555555555556,0.3888888888888889,0.4444444444444445,0.4444444444444445,0.5111111111111112,1.0,4.6,0.40001162600227513,0.20735250516829368,0.0953001798543245,0.019886148683449578,0.09178487734658747,0.01712864182894153,0.45,0.02989133177477452,0.003703187742605952,0.0669004723231049,0.12,0.0028999692331242452,0.08,0.0017761927795616602,0.14,0.002077721790833372,1.0764594840269763,0.3408,0.3668573921563935,0.19745355953607674,0.07085025227249835,0.02403879603503145,1.0764594840269763,0.3600538893987516,0.22320657072516237,0.0,0.0,0.20085533970570218,0.0,0.21289623486266016,0.0,0.1857032683403647,0.0,0.0
0.2141463414634146,Djed Spence,18,England,DEF,0.3999999999999999,playing,0.2419354838709677,0.2753623188405797,1.0,0.7,0.1,0.6,0.0952380952380952,0.1111111111111111,,Djed Spence,1.0,0.08,0.0286,Norway,England,False,Norway,0.5627,0.5365,0.781,0.5714,0.3408,0.6592,0.219,0.0,0.0,0.8,0.125,0.39375,0.0,0.0,0.0588235294117647,0.25,0.0,0.0,0.3888888888888888,0.0,0.0,0.0,0.0,0.0,0.0,0.0,0.1111111111111111,0.0,0.0,0.0,0.0,0.0,0.0,1.0,0.0,0.0,0.0,0.1666666666666666,0.0,0.25,0.0,0.0,0.0,0.0,0.7333333333333334,0.0,0.0,0.0,0.0,0.0,0.0,1.0,0.0,0.0,0.0,0.2,0.0,0.0,0.0,0.0,1.0,0.0,0.3,0.0,0.0,0.0,0.0,0.0,0.0,1.0,0.0,0.0,0.0,0.125,0.0,0.0,0.0,0.0,0.0,0.0,0.5833333333333334,0.0,0.0,0.0,0.0,0.0,0.0,0.0,0.0,0.5,0.0,0.8,0.0,0.0,0.0,0.0,0.0,0.0,0.1333333333333333,0.0,0.0,0.0,0.0,0.0,0.0,1.0,0.0,0.0,0.0,0.0,0.0,0.0,0.0,0.0,0.0,Djed Spence,0.0,1.0,0.0285714285714285,0.0,0.6947162426614462,1.0,1.0,0.9448160535117056,0.899003322259136,0.6944444444444444,,0.4441325098259403,0.0,0.0,0.0,0.0,0.3766666666666666,0.3937499999999999,0.0,0.0,0.0846560846560846,0.0,0.0,0.0,0.3333333333333333,0.7555555555555556,0.06248,0.045712,0.0,0.0,0.0,0.0,0.0,0.0,0.6666666666666666,0.3766666666666666,0.2824378437843783,0.037037037037037,-0.21075508398444315,0.1851851851851851,0.2212389380530973,0.1851851851851851,0.0,0.0,0.0,0.0846560846560846,0.0,0.0846560846560846,0.0,0.0,0.0,0.0,0.0,0.0,0.0,0.0,0.0,0.1111111111111111,0.3333333333333333,0.2745098039215686,0.2619047619047618,0.4921577137012236,0.45,0.3333333333333333,0.7777777777777779,0.6666666666666667,0.5555555555555556,0.8888888888888888,0.4444444444444445,1.0,0.3888888888888889,1.0,4.5,0.533595140483197,0.5050935737887687,0.08338160893905101,0.0449397500732188,0.09453485295593386,0.04297405205439754,0.45,0.09097886789472656,0.008726463467065232,0.21043260518480456,0.12,0.00825960388354636,0.08,0.004723178373362385,0.14,0.0060910770525145486,1.0764594840269763,0.3408,0.3668573921563935,0.19745355953607674,0.07085025227249835,0.02403879603503145,1.0764594840269763,0.3600538893987516,0.5437127678259995,0.0,0.0,0.33839520774012954,0.0,0.2059484874251109,0.0,0.21434441455059988,0.0,0.0
0.2146341463414634,Harry Kane,18,England,FWD,1.0,playing,0.7419354838709677,0.7246376811594203,1.0,43.0,0.7000000000000001,0.1333333333333333,0.4285714285714285,0.7222222222222222,,Harry Kane,1.0,0.5556,0.2703,Norway,England,False,Norway,0.5627,0.5365,0.781,0.5714,0.3408,0.6592,0.219,0.75,0.2,0.4,0.625,0.9229166666666666,0.0,0.0,0.5882352941176471,0.0,0.1666666666666666,0.0,0.1111111111111111,0.0,0.0,0.0,1.0,0.0,0.0,0.0,1.0,0.0,0.0,0.0,0.0,0.0,0.0,0.0,0.6666666666666666,1.0,0.0,0.1666666666666666,0.0,0.75,0.0,0.0,0.0,0.0,1.0,0.0,0.0,0.0,0.0,0.0,0.0,1.0,0.0,0.0,0.0,0.0,0.0,0.25,0.0,0.0,0.0,0.0,0.9333333333333332,0.0,0.0,0.0,0.0,0.0,0.0,1.0,0.3333333333333333,0.0,0.0,0.0,0.0,0.6666666666666666,0.0,0.0,0.0,0.0,0.75,0.0,0.0,0.0,0.0,0.0,0.0,0.0,1.0,0.5,0.0,0.0,0.0,0.5,0.0,0.0,0.0,0.0,0.7416666666666667,0.5,0.0,0.0,0.0,0.0,1.0,0.0,0.5,1.0,0.0,0.2,0.5,0.25,0.0,0.0,0.0,Harry Kane,0.0,1.0,0.2702702702702702,0.0,0.6947162426614462,1.0,1.0,0.9448160535117056,0.899003322259136,0.6944444444444444,,0.4441325098259403,0.0,0.0,0.0,0.0,0.8766666666666667,0.9229166666666666,0.6941309255079007,0.0,0.3611738148984199,0.6,1.0,0.6000000000000001,1.0,0.175,0.4339236,0.31746984,0.1376975169300225,0.3333333333333333,0.1376975169300225,0.1368821292775665,0.158668171557562,0.0,0.3333333333333333,0.8766666666666667,0.6573553355335533,0.0790067720090293,0.0,0.0225733634311512,0.0190114068441064,0.0225733634311512,0.1376975169300225,0.1368821292775665,0.1376975169300225,0.3611738148984199,0.4334600760456273,0.3611738148984199,0.0,0.0,0.0,0.0,0.0,0.2573363431151241,0.0,0.0,0.0,0.7222222222222222,0.6153846153846154,0.7254901960784313,0.7619047619047619,0.666215453981022,0.65,1.0,1.0,1.0,0.625,1.0,0.75,0.75,1.0,0.0,10.5,0.9191794421986301,0.9021747046576001,0.8110302212166621,1.1009611234841916,0.36878312804279806,0.33270680962471727,0.35,0.11680441721088415,0.04473518045559779,0.0,0.08,0.013448890624104707,0.02,0.00644892810569121,0.01,0.010753055075345014,1.0764594840269763,0.3408,0.3668573921563935,0.19745355953607674,0.07085025227249835,0.02403879603503145,1.0764594840269763,0.3600538893987516,0.0,0.0,0.0,0.1929132223544978,0.0,0.4998068852927009,0.0,0.8149325942889333,0.7352115725684703,0.0
0.2151219512195122,Bukayo Saka,18,England,MID,0.9056603773584904,playing,0.3548387096774193,0.3768115942028985,1.0,4.2,0.25,0.0666666666666666,0.4285714285714285,0.0555555555555555,,Bukayo Saka,1.0,0.2985,0.1212,Norway,England,False,Norway,0.5627,0.5365,0.781,0.5714,0.3408,0.6592,0.219,0.0,0.6000000000000001,0.8,0.125,0.4,0.0,0.0,0.0588235294117647,0.5,0.3333333333333333,0.0,0.3888888888888888,0.0,0.0,0.0,0.0,0.0,0.0,0.0,0.2,1.0,0.0,0.0,0.0,0.0,0.0,1.0,0.0,0.0,0.0,0.0,0.0,0.0,0.0,0.0,0.0,0.0,0.2777777777777778,0.0,0.0,0.0,0.0,0.0,0.0,1.0,0.0,0.0,0.0,0.0,0.0,0.25,0.0,0.0,0.0,0.0,0.7000000000000001,0.5,0.0,0.0,0.0,0.0,0.0,1.0,0.0,0.0,0.0,0.25,0.5,0.0,0.0,0.0,1.0,0.0,0.2416666666666666,0.0,0.0,0.0,0.0,0.0,0.0,1.0,0.0,0.0,0.0,0.4,0.0,0.0,0.0,0.0,0.0,0.0,0.475,0.5,0.0,0.0,0.0,0.0,0.0,0.0,0.0,0.5,0.0,0.6000000000000001,0.5,0.0,0.0,0.0,1.0,Bukayo Saka,0.0,1.0,0.1212121212121212,0.0,0.6947162426614462,1.0,1.0,0.9448160535117056,0.899003322259136,0.6944444444444444,,0.4441325098259403,0.0,0.0,0.0,0.0,0.4966666666666666,0.3999999999999999,0.0,0.0,0.0833333333333333,0.0,0.0,0.0,0.7999999999999999,0.23,0.2331285,0.1705629,0.953125,0.6666666666666666,0.6354166666666666,0.4832214765100671,0.7321875,0.0,0.6666666666666666,0.4966666666666666,0.3724180418041803,0.0364583333333333,0.0,0.1822916666666666,0.2348993288590604,0.1822916666666666,0.6354166666666666,0.4832214765100671,0.6354166666666666,0.0833333333333333,0.0,0.0833333333333333,0.0,0.0,0.0,0.0,0.0,0.0,0.0,0.0,0.0,0.0555555555555555,0.2820512820512821,0.2941176470588235,0.2936507936507936,0.4226343057864621,0.4,1.0,0.85,0.6,0.5499999999999999,0.6,0.7999999999999999,0.7999999999999999,0.78,1.0,9.5,0.7043293692555267,0.506124693640785,0.3545343794396214,0.21994639559301704,0.9434704590588932,0.47751369705031316,0.55,0.09585972273079027,0.02477168649679139,0.21086219140006754,0.14,0.008373362495443607,0.04,0.004476215922367945,0.05,0.00568256617780358,1.0764594840269763,0.3408,0.3668573921563935,0.19745355953607674,0.07085025227249835,0.02403879603503145,1.0764594840269763,0.3600538893987516,0.0,0.0,0.0,0.3392404069727052,0.17169794704963565,0.6417029039445135,0.32478168566731896,0.33789904018500533,0.0,0.0
0.2160975609756097,Marcus Rashford,18,England,MID,0.5283018867924528,playing,0.2580645161290322,0.3478260869565217,0.8,2.1,0.5,0.0666666666666666,0.1904761904761904,0.1111111111111111,,Marcus Rashford,1.0,0.303,0.125,Norway,England,False,Norway,0.5627,0.5365,0.781,0.5714,0.3408,0.6592,0.219,0.125,0.0,0.6000000000000001,0.125,0.3666666666666666,0.0,0.0,0.1764705882352941,0.25,0.0,0.0,0.1111111111111111,0.0,0.0,0.0,0.0,0.0,0.0,0.0,0.2,0.0,0.0,0.0,0.0,0.0,0.0,1.0,0.3333333333333333,0.0,0.0,0.0,0.0,0.25,0.0,0.0,1.0,0.0,0.0777777777777777,0.0,0.0,0.0,0.0,0.0,0.0,1.0,0.0,0.0,0.0,0.0,0.0,0.0,0.0,0.0,0.0,0.0,1.0,0.0,0.0,0.0,0.0,0.0,0.0,1.0,0.0,0.0,0.0,0.125,0.0,0.3333333333333333,0.0,0.0,0.0,0.0,0.5083333333333333,0.0,0.0,0.0,0.0,0.0,0.0,0.0,0.0,0.5,0.0,0.2,0.0,0.1666666666666666,0.0,0.0,0.0,0.0,0.0,0.0,0.0,0.0,0.0,0.0,0.0,0.0,0.0,0.0,0.0,0.0,0.0,0.0,0.0,0.0,0.0,Marcus Rashford,0.0,1.0,0.125,0.0,0.6947162426614462,1.0,1.0,0.9448160535117056,0.899003322259136,0.6944444444444444,,0.4441325098259403,0.0,0.0,0.0,0.0,0.5033333333333334,0.3666666666666667,0.2911931818181818,0.0,0.2727272727272727,0.3333333333333333,0.0,0.0,0.9,0.12,0.236643,0.1731342,0.0,0.0,0.0,0.0,0.0,0.0,0.3333333333333333,0.5033333333333334,0.3774169416941694,0.0397727272727272,0.0,0.0568181818181818,0.0662251655629139,0.0568181818181818,0.0,0.0,0.0,0.2727272727272727,0.2516556291390729,0.2727272727272727,0.0,0.0,0.0,0.0,0.0,0.0,0.0,0.0,0.0,0.1111111111111111,0.1794871794871795,0.3137254901960784,0.246031746031746,0.4579769599064368,0.45,0.7,0.6,0.5,0.5499999999999999,0.85,0.25,0.4499999999999999,0.56,1.0,7.5,0.6049181019632077,0.5231085254890889,0.3609698682216131,0.2364028076197095,0.1158040609763554,0.06057809158298982,0.55,0.0826673881972331,0.01291790985570838,0.2103498237650229,0.14,0.007884818213299762,0.04,0.004626422579931573,0.05,0.005306109534297111,1.0764594840269763,0.3408,0.3668573921563935,0.19745355953607674,0.07085025227249835,0.02403879603503145,1.0764594840269763,0.3600538893987516,0.0,0.0,0.0,0.22270733291296835,0.11650010453571051,0.2644932744848378,0.13835868681754435,0.4078700989823926,0.0,0.0
0.2175609756097561,Anthony Gordon,18,England,MID,0.4339622641509434,playing,0.3548387096774193,0.4565217391304347,0.8,2.2,0.15,0.2,0.0476190476190476,0.5,,Anthony Gordon,1.0,0.2857,0.1176,Norway,England,False,Norway,0.5627,0.5365,0.781,0.5714,0.3408,0.6592,0.219,0.0,0.4,0.4,0.5,0.5333333333333333,0.0,0.0,0.1764705882352941,0.5,0.1666666666666666,0.0,0.2222222222222222,0.0,0.0,0.0,0.0,1.0,0.0,0.0,0.8,0.0,0.0,0.0,0.0,0.0,0.0,0.0,0.0,1.0,0.0,0.0,0.0,0.25,0.0,0.0,0.0,0.0,0.7222222222222222,0.0,0.0,0.0,0.0,0.0,0.0,1.0,0.0,0.0,0.0,0.2,0.0,0.25,0.0,0.0,0.0,0.0,0.0,0.0,0.0,0.0,0.0,0.0,0.0,0.0,0.0,0.0,0.0,0.0,0.0,0.0,0.0,0.0,0.0,0.0,0.2416666666666666,1.0,0.0,0.0,0.0,0.0,0.0,1.0,0.0,0.0,0.0,0.0,0.5,0.0,0.0,0.0,1.0,0.0,0.75,0.0,0.0,0.0,0.0,1.0,0.0,0.0,0.0,1.0,0.0,0.6000000000000001,0.0,0.25,0.0,0.0,1.0,Anthony Gordon,0.0,1.0,0.1142857142857142,0.0,0.6947162426614462,1.0,1.0,0.9448160535117056,0.899003322259136,0.6944444444444444,,0.4441325098259403,0.0,0.0,0.0,0.0,0.3966666666666666,0.5333333333333333,0.0,0.0,0.1875,0.0,0.0,0.0,0.65,0.395,0.2231317,0.16324898,0.4765625,0.6666666666666666,0.2382812499999999,0.3025210084033614,0.2745703125,0.0,0.3333333333333333,0.3966666666666666,0.2974345434543454,0.109375,0.0,0.078125,0.1260504201680672,0.078125,0.2382812499999999,0.3025210084033614,0.2382812499999999,0.1875,0.1596638655462185,0.1875,0.0,0.0,0.0,0.0,0.0,0.0,0.0,0.3515625,1.0,0.5,0.3333333333333333,0.2941176470588235,0.373015873015873,0.4935305412317985,0.45,0.4499999999999999,0.85,0.7,0.5499999999999999,0.85,0.6,0.7,0.67,1.0,7.0,0.6276153141530624,0.49787501279417834,0.33645223682121034,0.2007334690468009,0.40433607855897746,0.2013088302856988,0.55,0.08133174284969623,0.022222604697086822,0.15497660991641346,0.14,0.007596135708836563,0.04,0.003844184086702427,0.05,0.005110624529478592,1.0764594840269763,0.3408,0.3668573921563935,0.19745355953607674,0.07085025227249835,0.02403879603503145,1.0764594840269763,0.3600538893987516,0.0,0.0,0.0,0.24753633397793945,0.12324215544629061,0.41199610649896207,0.2051225667943224,0.31946342701066827,0.0,0.0
0.2180487804878048,Morgan Rogers,18,England,MID,0.4716981132075472,playing,0.1129032258064516,0.1811594202898551,0.8,0.5,0.1,0.0666666666666666,0.1904761904761904,0.0,,Morgan Rogers,1.0,0.2857,0.1176,Norway,England,False,Norway,0.5627,0.5365,0.781,0.5714,0.3408,0.6592,0.219,0.0,0.0,0.8,0.0,0.2625,0.0,0.0,0.0,0.0,0.1666666666666666,0.0,0.1666666666666666,0.0,0.0,0.0,0.0,0.0,0.0,0.0,0.2,0.0,0.0,0.0,0.0,0.0,0.0,1.0,0.0,0.0,0.0,0.1666666666666666,0.5,0.0,0.0,0.0,0.0,0.0,0.1888888888888888,0.0,0.0,0.0,0.0,0.0,0.0,1.0,0.0,0.0,0.0,0.0,0.0,0.0,0.0,0.0,0.0,0.0,1.0,0.0,0.0,0.0,0.0,0.0,0.0,1.0,0.0,0.0,0.0,0.25,0.0,0.0,0.0,0.0,0.0,0.0,0.0,0.0,0.0,0.0,0.0,0.0,0.0,0.0,0.0,0.0,0.0,0.0,0.0,0.0,0.0,0.0,0.0,0.0,0.0083333333333333,0.0,0.0,0.0,0.0,0.0,0.0,1.0,0.0,0.0,0.0,0.0,0.0,0.0,0.0,0.0,0.0,Morgan Rogers,0.0,1.0,0.1142857142857142,0.0,0.6947162426614462,1.0,1.0,0.9448160535117056,0.899003322259136,0.6944444444444444,,0.4441325098259403,0.0,0.0,0.0,0.0,0.3033333333333333,0.2624999999999999,0.0,0.0,0.0,0.0,0.0,0.0,0.65,0.395,0.2231317,0.16324898,0.0,0.0,0.4841269841269841,0.0,0.5578571428571429,0.0,0.6666666666666666,0.3033333333333333,0.2274499449944994,0.0,0.0,0.119047619047619,0.1098901098901098,0.119047619047619,0.4841269841269841,0.0,0.4841269841269841,0.0,0.0,0.0,0.0,0.0,0.0,0.0,0.0,0.0,0.0,0.0,0.0,0.0,0.1282051282051282,0.1176470588235294,0.119047619047619,0.1603446896089533,0.15,0.6,0.4,0.4,0.5499999999999999,0.25,0.6,0.6,0.2299999999999999,1.0,7.2,0.4220167216620923,0.25583120739127935,0.33645223682121034,0.10019456903351495,0.4121770060350778,0.10544774111287658,0.55,0.044409331682120634,0.008555936291613763,0.11363855523841442,0.14,0.003852379211554318,0.04,0.0023635817459565053,0.05,0.0025493972405103,1.0764594840269763,0.3408,0.3668573921563935,0.19745355953607674,0.07085025227249835,0.02403879603503145,1.0764594840269763,0.3600538893987516,0.0,0.0,0.0,0.2709107137883503,0.06930741500370696,0.30899625163002103,0.07905088413388785,0.2377621483786153,0.0,0.0
0.2185365853658536,Noni Madueke,18,England,FWD,0.323076923076923,playing,0.1612903225806451,0.2391304347826087,0.8,0.4,0.25,0.1333333333333333,0.0952380952380952,0.1111111111111111,,Noni Madueke,1.0,0.2667,0.1081,Norway,England,False,Norway,0.5627,0.5365,0.781,0.5714,0.3408,0.6592,0.219,0.0,0.0,0.4,0.375,0.50625,0.0,0.0,0.0588235294117647,0.0,0.5,0.0,0.2222222222222222,0.0,0.0,0.0,0.0,1.0,0.0,0.0,0.8,0.0,0.0,0.0,0.0,1.0,0.0,0.0,0.0,1.0,0.0,0.0,0.5,0.0,0.0,0.0,0.0,0.0,0.9222222222222224,0.0,0.0,0.0,0.0,0.0,0.0,1.0,0.0,0.0,0.0,0.2,0.0,0.0,0.0,0.0,0.0,0.0,0.3,0.0,0.0,0.0,0.0,0.0,0.0,1.0,0.0,0.0,0.0,0.125,0.0,0.3333333333333333,0.0,0.0,0.0,0.0,0.5083333333333333,0.0,0.0,0.0,0.0,0.0,0.0,0.0,0.0,0.5,0.0,0.4,1.0,0.0,0.0,0.0,0.0,0.0,0.0,0.0,0.0,0.0,0.0,0.0,0.0,0.0,0.0,0.0,0.0,0.0,0.0,0.0,0.0,0.0,0.0,Noni Madueke,0.0,1.0,0.1052631578947368,0.0,0.6947162426614462,1.0,1.0,0.9448160535117056,0.899003322259136,0.6944444444444444,,0.4441325098259403,0.0,0.0,0.0,0.0,0.2933333333333333,0.50625,0.0,0.0,0.0658436213991769,0.0,0.0,0.0,0.25,1.0,0.2082927,0.15239238,0.0,0.0,0.7530864197530863,0.8181818181818182,0.8677777777777779,0.0,0.3333333333333333,0.2933333333333333,0.2199515951595159,0.0864197530864197,0.0,0.0823045267489711,0.1704545454545454,0.0823045267489711,0.7530864197530863,0.8181818181818182,0.7530864197530863,0.0658436213991769,0.2159090909090909,0.0658436213991769,0.0,0.0,0.0,0.0,0.0,0.0,0.0,0.3703703703703703,0.0,0.1111111111111111,0.1538461538461538,0.196078431372549,0.1746031746031746,0.1603446896089533,0.2,0.25,0.75,0.75,0.625,0.75,1.0,1.0,0.45,1.0,6.1,0.5563224469552197,0.5035311912895422,0.31020038388238313,0.18217890895361427,0.6548328410620875,0.3297287605555083,0.35,0.07271123014835583,0.03251821973199252,0.0,0.08,0.007440569460136004,0.02,0.003953172922499933,0.01,0.004939103637802971,1.0764594840269763,0.3408,0.3668573921563935,0.19745355953607674,0.07085025227249835,0.02403879603503145,1.0764594840269763,0.3600538893987516,0.0,0.0,0.0,0.2588076837884726,0.0,0.7678344059783057,0.0,0.24333727882179806,0.12252790989029545,0.0
0.2190243902439024,Jordan Pickford,18,England,GK,0.8666666666666667,playing,0.3387096774193548,0.3623188405797101,1.0,16.1,0.15,0.4666666666666667,0.3809523809523809,0.1111111111111111,,,,0.0067,0.0067,Norway,England,False,Norway,0.5627,0.5365,0.781,0.5714,0.3408,0.6592,0.219,0.0,0.0,0.4,0.625,0.9375,0.0,0.0,0.0,0.0,0.0,0.0,0.0,0.5625,0.0,0.0,0.0,0.0,0.0,0.0,1.0,0.0,0.0,0.0,0.0,0.0,0.0,0.0,0.0,1.0,0.0,0.0,0.0,0.0,0.0,0.75,0.0,0.0,1.0,0.0,0.0,0.0,0.0,0.0,0.0,1.0,0.0,0.0,0.0,0.0,0.0,0.0,0.0,0.0,0.0,0.0,1.0,0.0,0.0,0.0,0.0,0.0,0.0,1.0,0.0,0.0,0.0,0.0,0.0,0.0,0.0,0.3333333333333333,0.0,0.0,0.75,0.0,0.0,0.0,0.0,0.0,0.0,0.0,0.0,0.5,0.0,0.0,0.0,0.0,0.0,0.25,0.0,0.0,0.75,0.0,0.0,0.0,0.0,0.0,0.0,0.0,0.0,1.0,0.0,0.0,0.0,0.0,0.0,0.75,0.0,Jordan Pickford,0.0,0.0,0.0066666666666666,0.0,0.6947162426614462,1.0,1.0,0.9448160535117056,0.899003322259136,0.6944444444444444,,0.4441325098259403,0.0,0.0,0.0,0.0,0.9,0.9375,0.0,0.0,0.0,0.0,0.0,0.0,0.6666666666666667,0.6333333333333334,0.0052327,0.00382838,0.0,0.0,0.0,0.0,0.0,0.0,0.3333333333333333,0.9,0.6748514851485148,0.0777777777777777,-0.36790299257460035,0.0,0.0,0.0,0.0,0.0,0.0,0.0,0.0,0.0,0.36,0.4,0.36,0.0,0.0,0.0,0.0,0.0,0.0,0.1111111111111111,0.4358974358974359,0.3725490196078431,0.3809523809523809,0.3678559463888548,0.35,1.0,1.0,1.0,0.6666666666666667,0.6666666666666667,0.6666666666666667,0.6666666666666667,1.0,0.0,4.8,0.8712997494160509,0.8817127151286392,0.006722545760826811,0.0,0.08960747120067337,0.007900804672815709,0.15,0.09154514695003498,0.01704038472358311,0.25365445601912134,0.04,0.012395949260034376,0.05,0.006595222425966408,0.08,0.008966430486423961,1.0764594840269763,0.3408,0.3668573921563935,0.19745355953607674,0.07085025227249835,0.02403879603503145,1.0764594840269763,0.3600538893987516,0.9491280143873994,1.5703258221427339,0.02482782752097474,0.175911843061125,0.0,0.2507674350518401,0.0,0.21729402652531823,0.0,0.0
0.2195121951219512,Dean Henderson,18,England,GK,0.4666666666666668,playing,0.0161290322580645,0.072463768115942,0.0,0.3,0.05,0.0,0.0476190476190476,0.0,,,,0.0067,0.0067,Norway,England,False,Norway,0.5627,0.5365,0.781,0.5714,0.3408,0.6592,0.219,0.0,0.0,0.0,0.0,0.0,0.0,0.0,0.0,0.0,0.0,0.0,0.0,0.0,0.0,0.0,0.0,0.0,0.0,0.0,0.0,0.0,0.0,0.0,0.0,0.0,0.0,0.0,0.0,0.0,0.0,0.0,0.0,0.0,0.0,0.0,0.0,0.0,0.0,0.0,0.0,0.0,0.0,0.0,0.0,0.0,0.0,0.0,0.0,0.0,0.0,0.0,0.0,0.0,0.0,0.0,0.0,0.0,0.0,0.0,0.0,0.0,0.0,0.0,0.0,0.0,0.0,0.0,0.0,0.0,0.0,0.0,0.0,0.0,0.0,0.0,0.0,0.0,0.0,0.0,0.0,0.0,0.0,0.0,0.0,0.0,0.0,0.0,0.0,0.0,0.0,0.0,0.0,0.0,0.0,0.0,0.0,0.0,0.0,0.0,0.0,0.0,0.0,0.0,0.0,0.0,0.0,0.0,0.0,Dean Henderson,0.0,0.0,0.0066666666666666,0.0,0.6947162426614462,1.0,1.0,0.9448160535117056,0.899003322259136,0.6944444444444444,,0.4441325098259403,0.0,0.0,0.0,0.0,0.0,0.0,0.0,0.0,0.0,0.0,0.0,0.0,0.6666666666666667,0.6333333333333334,0.0052327,0.00382838,0.0,0.0,0.0,0.0,0.0,0.0,0.0,0.0,0.0,0.0,-0.0467526894950405,0.0,0.0,0.0,0.0,0.0,0.0,0.0,0.0,0.0,0.0,0.0,0.0,0.0,0.0,0.0,0.0,0.0,0.0,0.0,0.0256410256410256,0.0196078431372549,0.0238095238095238,0.0,0.0,0.6666666666666667,0.4999999999999999,0.4999999999999999,0.6666666666666667,0.6666666666666667,0.6666666666666667,0.6666666666666667,0.2666666666666667,1.0,4.2,0.22443598573092652,0.11204703855699032,0.006722545760826811,0.0,0.08960747120067337,0.0010040251780616249,0.15,0.011633452068930858,0.0018045482401144361,0.043250092052369266,0.04,0.0014448240352543569,0.05,0.0010495663638125906,0.08,0.0010074511176857745,1.0764594840269763,0.3408,0.3668573921563935,0.19745355953607674,0.07085025227249835,0.02403879603503145,1.0764594840269763,0.3600538893987516,0.12061409731180851,0.07017796178919725,0.0022402868183246934,0.175911843061125,0.0,0.20064439951159646,0.0,0.16878163662819912,0.0,0.0
0.22,James Trafford,18,England,GK,0.3333333333333335,playing,0.0161290322580645,0.072463768115942,0.0,0.4,0.05,0.0,0.0476190476190476,0.0,,,,0.0067,0.0067,Norway,England,False,Norway,0.5627,0.5365,0.781,0.5714,0.3408,0.6592,0.219,0.0,0.0,0.0,0.0,0.0,0.0,0.0,0.0,0.0,0.0,0.0,0.0,0.0,0.0,0.0,0.0,0.0,0.0,0.0,0.0,0.0,0.0,0.0,0.0,0.0,0.0,0.0,0.0,0.0,0.0,0.0,0.0,0.0,0.0,0.0,0.0,0.0,0.0,0.0,0.0,0.0,0.0,0.0,0.0,0.0,0.0,0.0,0.0,0.0,0.0,0.0,0.0,0.0,0.0,0.0,0.0,0.0,0.0,0.0,0.0,0.0,0.0,0.0,0.0,0.0,0.0,0.0,0.0,0.0,0.0,0.0,0.0,0.0,0.0,0.0,0.0,0.0,0.0,0.0,0.0,0.0,0.0,0.0,0.0,0.0,0.0,0.0,0.0,0.0,0.0,0.0,0.0,0.0,0.0,0.0,0.0,0.0,0.0,0.0,0.0,0.0,0.0,0.0,0.0,0.0,0.0,0.0,0.0,James Trafford,0.0,0.0,0.0066666666666666,0.0,0.6947162426614462,1.0,1.0,0.9448160535117056,0.899003322259136,0.6944444444444444,,0.4441325098259403,0.0,0.0,0.0,0.0,0.0,0.0,0.0,0.0,0.0,0.0,0.0,0.0,0.6666666666666667,0.6333333333333334,0.0052327,0.00382838,0.0,0.0,0.0,0.0,0.0,0.0,0.0,0.0,0.0,0.0,-0.05151779656139951,0.0,0.0,0.0,0.0,0.0,0.0,0.0,0.0,0.0,0.0,0.0,0.0,0.0,0.0,0.0,0.0,0.0,0.0,0.0,0.0256410256410256,0.0196078431372549,0.0238095238095238,0.0,0.0,0.3333333333333333,0.4999999999999999,0.4999999999999999,0.6666666666666667,0.6666666666666667,0.6666666666666667,0.6666666666666667,0.6333333333333335,1.0,4.0,0.22793645057321624,0.12346704756522399,0.006722545760826811,0.0,0.08960747120067337,0.001106356990893298,0.15,0.012819151656666698,0.001869939469420816,0.0476582089219086,0.04,0.0015941392768298644,0.05,0.0011565398053585928,0.08,0.0011121783548061004,1.0764594840269763,0.3408,0.3668573921563935,0.19745355953607674,0.07085025227249835,0.02403879603503145,1.0764594840269763,0.3600538893987516,0.13290727431639515,0.06745856826781338,0.002150975544066415,0.175911843061125,0.0,0.18447988430796994,0.0,0.15312009994606884,0.0,0.0
0.2214634146341463,Jordan Henderson,18,England,MID,0.0754716981132074,playing,0.032258064516129,0.144927536231884,0.2,0.2,0.05,0.0,0.0952380952380952,0.0,,,,0.0067,0.0067,Norway,England,False,Norway,0.5627,0.5365,0.781,0.5714,0.3408,0.6592,0.219,0.0,0.0,0.2,0.0,0.0125,0.0,0.0,0.0,0.0,0.0,0.0,0.0555555555555555,0.0,0.0,0.0,0.0,0.0,0.0,0.0,0.0,0.0,0.0,0.0,0.0,0.0,0.0,0.0,0.0,0.0,0.0,0.0,0.0,0.0,0.0,0.0,0.0,0.0,0.0,0.0,0.0,0.0,0.0,0.0,0.0,0.0,0.0,0.0,0.0,0.0,0.0,0.0,0.0,0.0,0.0,0.0,0.0666666666666666,0.0,0.0,0.0,0.0,0.0,0.0,1.0,0.0,0.0,0.0,0.125,0.0,0.0,0.0,0.0,0.0,0.0,0.0,0.0,0.0,0.0,0.0,0.0,0.0,0.0,0.0,0.0,0.0,0.0,0.0,0.0,0.0,0.0,0.0,0.0,0.0,0.0,0.0,0.0,0.0,0.0,0.0,0.0,0.0,0.0,0.0,0.0,0.0,0.0,0.0,0.0,0.0,Jordan Henderson,0.0,0.0,0.0066666666666666,0.0,0.6947162426614462,1.0,1.0,0.9448160535117056,0.899003322259136,0.6944444444444444,,0.4441325098259403,0.0,0.0,0.0,0.0,0.02,0.0124999999999999,0.0,0.0,0.0,0.0,0.0,0.0,0.1,1.0,0.0052327,0.00382838,0.0,0.0,0.0,0.0,0.0,0.0,0.3333333333333333,0.02,0.0149966996699669,0.0,0.0,0.8333333333333333,0.8333333333333333,0.8333333333333333,0.0,0.0,0.0,0.0,0.0,0.0,0.0,0.0,0.0,0.0,0.0,0.0,0.0,0.0,0.0,0.0,0.0512820512820512,0.0392156862745098,0.0476190476190476,0.0637145189011829,0.05,0.1,0.1999999999999999,0.1999999999999999,0.5499999999999999,0.25,0.25,0.2999999999999999,0.01,1.0,5.1,0.10326147096656409,0.08063503083263159,0.006722545760826811,0.002225276839161649,0.08985088933786409,0.007245129232098039,0.55,0.028396419177310735,0.0010834350349194692,0.032279272610016375,0.14,0.001846011981797341,0.04,0.0007449735663763461,0.05,0.0012334181545665996,1.0764594840269763,0.3408,0.3668573921563935,0.19745355953607674,0.07085025227249835,0.02403879603503145,1.0764594840269763,0.3600538893987516,0.0,0.0,0.0,1.2139381272156313,0.09788593831693948,0.15394073331411073,0.012413015777181235,0.12350996931836486,0.0,0.0
0.2229268292682926,Kobbie Mainoo,18,England,MID,0.2641509433962262,playing,0.0161290322580645,0.072463768115942,0.0,0.4,0.05,0.0,0.0476190476190476,0.0,,Kobbie Mainoo,1.0,0.1471,0.0556,Norway,England,False,Norway,0.5627,0.5365,0.781,0.5714,0.3408,0.6592,0.219,0.0,0.0,0.0,0.0,0.0,0.0,0.0,0.0,0.0,0.0,0.0,0.0,0.0,0.0,0.0,0.0,0.0,0.0,0.0,0.0,0.0,0.0,0.0,0.0,0.0,0.0,0.0,0.0,0.0,0.0,0.0,0.0,0.0,0.0,0.0,0.0,0.0,0.0,0.0,0.0,0.0,0.0,0.0,0.0,0.0,0.0,0.0,0.0,0.0,0.0,0.0,0.0,0.0,0.0,0.0,0.0,0.0,0.0,0.0,0.0,0.0,0.0,0.0,0.0,0.0,0.0,0.0,0.0,0.0,0.0,0.0,0.0,0.0,0.0,0.0,0.0,0.0,0.0,0.0,0.0,0.0,0.0,0.0,0.0,0.0,0.0,0.0,0.0,0.0,0.0,0.0,0.0,0.0,0.0,0.0,0.0,0.0,0.0,0.0,0.0,0.0,0.0,0.0,0.0,0.0,0.0,0.0,0.0,Kobbie Mainoo,0.0,1.0,0.054054054054054,0.0,0.6947162426614462,1.0,1.0,0.9448160535117056,0.899003322259136,0.6944444444444444,,0.4441325098259403,0.0,0.0,0.0,0.0,0.0,0.0,0.0,0.0,0.0,0.0,0.0,0.0,0.2999999999999999,0.7800000000000001,0.1148851,0.08405294,0.0,0.0,0.0,0.0,0.0,0.0,0.0,0.0,0.0,0.0,0.0,0.0,0.0,0.0,0.0,0.0,0.0,0.0,0.0,0.0,0.0,0.0,0.0,0.0,0.0,0.0,0.0,0.0,0.0,0.0,0.0256410256410256,0.0196078431372549,0.0238095238095238,0.0,0.0,0.1999999999999999,0.1,0.1,0.5499999999999999,0.25,0.25,0.15,0.12,1.0,6.1,0.16896223649627584,0.0958682706194227,0.15911297165707328,0.018799519827797852,0.09166577589994815,0.008787839410515584,0.55,0.013788398012643583,0.001706504963059099,0.03700509698953398,0.14,0.001294060300556897,0.04,0.0008857109215214915,0.05,0.0008421179137406461,1.0764594840269763,0.3408,0.3668573921563935,0.19745355953607674,0.07085025227249835,0.02403879603503145,1.0764594840269763,0.3600538893987516,0.0,0.0,0.0,0.175911843061125,0.01686436417574535,0.20163294024185205,0.019330201280895756,0.17809262455372984,0.0,0.0
0.2234146341463414,Elliot Anderson,18,England,MID,0.339622641509434,playing,0.3225806451612903,0.3478260869565217,1.0,1.2,0.4,0.2666666666666666,0.1904761904761904,0.1111111111111111,,Elliot Anderson,1.0,0.1389,0.0526,Norway,England,False,Norway,0.5627,0.5365,0.781,0.5714,0.3408,0.6592,0.219,0.0,0.2,0.4,0.625,0.8604166666666666,0.0,0.0,0.0588235294117647,0.25,0.1666666666666666,0.0,0.7777777777777777,0.0,0.0,0.0,0.0,0.0,0.0,0.0,1.0,1.0,0.0,0.0,0.0,0.0,0.0,0.0,0.0,1.0,0.0,0.3333333333333333,0.5,0.0,0.0,0.0,1.0,0.0,0.8222222222222223,0.0,0.0,0.0,0.0,0.0,0.0,1.0,0.0,0.0,0.0,0.6000000000000001,0.0,0.0,0.0,0.0,0.0,0.0,0.9333333333333332,0.0,0.0,0.0,0.0,0.0,0.0,1.0,0.0,0.0,0.0,0.25,0.0,0.3333333333333333,0.0,0.0,0.0,0.0,0.75,0.0,0.0,0.0,0.0,0.0,0.0,0.0,0.0,0.5,0.0,0.4,0.0,0.0,0.0,0.0,0.0,0.0,0.625,0.0,0.0,0.0,0.0,0.0,0.0,0.0,0.0,1.0,0.0,1.0,0.0,0.0,0.0,0.0,0.0,Elliot Anderson,0.0,1.0,0.0512820512820512,0.0,0.6947162426614462,1.0,1.0,0.9448160535117056,0.899003322259136,0.6944444444444444,,0.4441325098259403,0.0,0.0,0.0,0.0,0.8300000000000001,0.8604166666666666,0.0,0.0,0.0387409200968523,0.0,0.0,0.0,0.1999999999999999,0.8900000000000001,0.1084809,0.07936746,0.1476997578692494,0.0,0.1476997578692493,0.0,0.1701937046004842,0.0,0.3333333333333333,0.8300000000000001,0.6223630363036303,0.0847457627118644,0.0,0.1694915254237288,0.180722891566265,0.1694915254237288,0.1476997578692493,0.0,0.1476997578692493,0.0387409200968523,0.0763052208835341,0.0387409200968523,0.0,0.0,0.0,0.0,0.0,0.0,0.0,0.0,0.0,0.1111111111111111,0.2564102564102564,0.3333333333333333,0.2777777777777778,0.2752781838149155,0.35,0.2999999999999999,0.7,1.0,0.5499999999999999,0.6,0.6,1.0,0.45,1.0,6.5,0.8185047919623202,0.8649906894342365,0.14954463728001757,0.16768592966718396,0.24987061810439812,0.21613575822348216,0.55,0.16106073295116552,0.01955806880205066,0.24884380028253864,0.14,0.015189954849178728,0.04,0.006373490886442741,0.05,0.010617446325948857,1.0764594840269763,0.3408,0.3668573921563935,0.19745355953607674,0.07085025227249835,0.02403879603503145,1.0764594840269763,0.3600538893987516,0.0,0.0,0.0,0.31905204487536665,0.27597704826214636,0.2621299019954139,0.22673992464834195,0.2016286483784841,0.0,0.0
0.224390243902439,Declan Rice,18,England,MID,0.4339622641509434,playing,0.1935483870967742,0.2753623188405797,0.8,5.8,0.3,0.1333333333333333,0.0476190476190476,0.1666666666666666,,Declan Rice,1.0,0.1639,0.0625,Norway,England,False,Norway,0.5627,0.5365,0.781,0.5714,0.3408,0.6592,0.219,0.0,0.2,0.2,0.625,0.7104166666666667,1.0,0.0,0.0588235294117647,0.0,0.5,0.0,0.1111111111111111,0.0,0.0,0.0,0.0,0.0,0.0,0.0,0.8,1.0,0.0,0.0,0.0,0.0,0.0,0.0,0.0,1.0,0.0,0.0,0.5,0.25,0.0,0.0,0.0,0.0,1.0,0.0,1.0,0.0,0.0,0.0,0.0,1.0,0.0,0.0,0.0,0.4,0.0,0.0,0.0,0.0,0.0,0.0,0.0,0.0,0.0,0.0,0.0,0.0,0.0,0.0,0.0,0.0,0.0,0.0,0.0,0.0,0.0,0.0,0.0,0.0,0.7416666666666667,0.0,0.0,0.0,0.0,0.0,0.0,0.0,0.0,0.5,0.0,0.0,1.0,0.0,0.0,0.0,0.0,0.0,0.75,0.0,1.0,0.0,0.0,0.0,0.0,0.0,0.0,1.0,0.0,0.0,0.0,0.0,0.0,0.0,0.0,Declan Rice,0.0,1.0,0.0625,0.0,0.6947162426614462,1.0,1.0,0.9448160535117056,0.899003322259136,0.6944444444444444,,0.4441325098259403,0.0,0.0,0.0,0.0,0.5966666666666667,0.7104166666666667,0.0,0.0,0.0469208211143695,0.0,0.0,0.0,0.4,0.67,0.1280059,0.0936524599999999,0.1788856304985337,0.0,0.5366568914956011,0.4022346368715084,0.6183870967741936,0.0,0.0,0.5966666666666667,0.4474015401540153,0.1026392961876832,0.0,0.0293255131964809,0.0,0.0293255131964809,0.5366568914956011,0.4022346368715084,0.5366568914956011,0.0469208211143695,0.0,0.0469208211143695,0.0,0.0,0.0,0.2932551319648094,0.0,0.0,0.0,0.0,0.0,0.1666666666666666,0.1538461538461538,0.2156862745098039,0.1904761904761904,0.2652646953378696,0.25,0.4499999999999999,0.5,0.7999999999999999,0.5499999999999999,0.6,0.95,0.4499999999999999,0.8900000000000001,0.0,7.0,0.764992751451653,0.764385455301809,0.17900705582612475,0.1750744435405641,0.5437525697512116,0.41563655560080853,0.55,0.2052068681548948,0.02910715607295362,0.21062391677890577,0.14,0.012879508375272073,0.04,0.005632203667165435,0.05,0.009163324667106608,1.0764594840269763,0.3408,0.3668573921563935,0.19745355953607674,0.07085025227249835,0.02403879603503145,1.0764594840269763,0.3600538893987516,0.0,0.0,0.0,0.1935493613590766,0.14794631670583214,0.5580305948757927,0.4265504703364721,0.2230167016163775,0.0,0.0
0.2258536585365853,Jude Bellingham,18,England,MID,0.6792452830188681,playing,0.6935483870967741,0.6811594202898551,1.0,28.3,0.5,0.2,0.7142857142857142,0.0555555555555555,,Jude Bellingham,1.0,0.339,0.1429,Norway,England,False,Norway,0.5627,0.5365,0.781,0.5714,0.3408,0.6592,0.219,0.5,0.2,0.4,0.625,0.8416666666666667,0.5,0.0,0.5294117647058824,0.0,0.5,0.0,0.6666666666666666,0.0,0.0,0.0,0.0,0.0,0.0,0.0,0.888888888888889,0.0,0.0,0.0,0.0,0.0,0.0,0.0,0.3333333333333333,1.0,0.0,0.5,0.0,0.5,0.0,0.0,0.0,0.0,0.8111111111111111,0.0,0.0,0.0,0.0,0.0,0.0,1.0,0.0,0.0,0.0,0.4,0.0,0.0,0.0,0.0,0.0,0.0,0.788888888888889,0.5,0.0,0.0,0.0,0.0,0.0,1.0,0.3333333333333333,0.0,0.0,0.5,1.0,0.3333333333333333,0.0,0.0,0.0,0.0,0.75,0.0,1.0,0.0,0.0,0.0,0.0,0.0,0.0,0.5,0.0,0.0,0.5,0.5,0.0,0.0,0.0,0.0,0.75,0.0,0.0,0.0,0.0,0.0,0.0,0.0,1.0,1.0,0.0,0.6000000000000001,0.0,0.75,0.0,0.0,0.0,Jude Bellingham,0.0,1.0,0.1428571428571428,0.0,0.6947162426614462,1.0,1.0,0.9448160535117056,0.899003322259136,0.6944444444444444,,0.4441325098259403,0.0,0.0,0.0,0.0,0.8366666666666668,0.8416666666666666,0.5074257425742574,0.0,0.3564356435643565,0.4444444444444444,0.75,0.2,1.0,0.01,0.264759,0.1937046,0.1509900990099009,0.3333333333333333,0.4529702970297029,0.4302788844621514,0.5219554455445545,0.0,0.3333333333333333,0.8366666666666668,0.6273619361936194,0.0866336633663366,0.0,0.1485148514851485,0.1394422310756972,0.1485148514851485,0.4529702970297029,0.4302788844621514,0.4529702970297029,0.3564356435643565,0.5298804780876495,0.3564356435643565,0.0,0.0,0.0,0.1237623762376237,0.0,0.0,0.0,0.0,0.0,0.0555555555555555,0.4871794871794872,0.5490196078431373,0.5079365079365079,0.7529823428609409,0.7000000000000001,0.9,1.0,0.9,0.5499999999999999,1.0,0.95,0.9,1.0,0.0,8.3,0.8884494598171038,0.8731940671135383,0.41400143913045073,0.6196319844348921,0.5434475752712293,0.4745351985140755,0.55,0.2012364490734925,0.04348377607246647,0.25120377906821273,0.14,0.015774861166831595,0.04,0.0064339356444218995,0.05,0.011222751748574712,1.0764594840269763,0.3408,0.3668573921563935,0.19745355953607674,0.07085025227249835,0.02403879603503145,1.0764594840269763,0.3600538893987516,0.0,0.0,0.0,0.29636209349271936,0.2587816217551903,0.6644999575979003,0.5802374205716843,0.5847897664805549,0.0,0.0
0.2263414634146341,Theo Hernández,19,France,DEF,0.5999999999999999,playing,0.0806451612903225,0.1666666666666666,0.6000000000000001,2.6,0.15,0.0,0.0952380952380952,0.0555555555555555,,Theo Hernández,1.0,0.1351,0.0556,France,Morocco,True,Morocco,0.4859,0.493,0.7885,0.5882,0.4384,0.5616,0.2115,0.0,0.0,0.2,0.25,0.4,0.0,0.0,0.0,0.0,0.0,0.0,0.1111111111111111,0.0,0.0,0.0,1.0,0.0,0.0,0.0,1.0,0.0,0.0,0.0,0.0,0.0,0.0,0.0,0.0,0.5,0.0,0.3333333333333333,0.0,0.0,0.0,0.0,0.0,0.0,0.0,0.0,0.0,0.0,0.0,0.0,0.0,0.0,0.0,0.0,0.0,0.0,0.0,0.0,0.0,0.0,0.0,0.0,1.0,0.0,0.0,0.0,0.0,0.0,1.0,0.0,0.0,0.25,0.0,0.0,0.0,0.0,0.0,0.0,0.0,0.0,0.1,0.0,0.0,0.0,0.0,0.0,0.0,1.0,0.0,0.0,0.0,0.0,0.0,0.0,0.0,0.0,0.0,0.0,0.0,0.0,0.0,0.0,0.0,0.0,0.0,0.0,0.0,0.0,0.0,0.0,0.0,0.0,0.0,0.0,0.0,,,1.0,0.054054054054054,1.0,0.0,0.0,0.4559409307296223,0.972165991902834,0.948016415868673,0.7874015748031495,,0.0679086538461537,0.0,0.0,0.0,0.0,0.34,0.3999999999999999,0.0,0.0,0.0,0.0,0.0,0.0,1.0,0.0222222222222222,0.1065263499999999,0.0794658199999999,0.0,0.0,0.0,0.0,0.0,0.0,0.3333333333333333,0.34,0.3279559955995599,0.0729166666666666,-0.0962716391891013,0.0520833333333333,0.0,0.0520833333333333,0.0,0.0,0.0,0.0,0.0,0.0,0.0,0.0,0.0,0.0,0.0,0.59375,0.0,0.0,0.0,0.0555555555555555,0.0769230769230769,0.0980392156862745,0.0952380952380952,0.1040453736765417,0.1,0.3888888888888889,0.5555555555555556,0.5555555555555556,0.5555555555555556,0.4999999999999999,0.4444444444444445,0.5555555555555556,0.5111111111111112,1.0,5.0,0.514162876988508,0.3660190945781816,0.14514138566967086,0.050485423095523396,0.09791997890987073,0.03225652381953497,0.45,0.026207905682296712,0.007575078511675367,0.1683381123540436,0.12,0.003386270036211088,0.08,0.0015639948995497621,0.14,0.004229649477017715,0.8246235433483312,0.4384,0.36151496140390843,0.14905687422316308,0.04097193592744376,0.010056228445484705,0.8246235433483312,0.04510480061460542,0.3018279627042081,0.0,0.0,0.14088106312993834,0.0,0.2275469822010793,0.0,0.20532819144420833,0.0,0.0
0.2268292682926829,Maxence Lacroix,19,France,DEF,0.3999999999999999,playing,0.0483870967741935,0.2173913043478261,0.2,0.3,0.05,0.0,0.1428571428571428,0.0,,Maxence Lacroix,1.0,0.0909,0.037,France,Morocco,True,Morocco,0.4859,0.493,0.7885,0.5882,0.4384,0.5616,0.2115,0.0,0.0,0.0,0.125,0.1875,0.0,0.0,0.0,0.0,0.0,0.0,0.1111111111111111,0.0,0.0,0.0,0.0,0.0,0.0,0.0,0.0,0.0,0.0,0.0,0.0,0.0,0.0,0.0,0.0,0.0,0.0,0.0,0.0,0.0,0.0,0.0,0.0,0.0,0.0,0.0,0.0,0.0,0.0,0.0,0.0,0.0,0.0,0.0,0.0,0.0,0.0,0.0,0.0,0.0,0.0,0.0,1.0,0.0,0.0,0.0,0.0,0.0,0.0,0.0,0.0,0.25,0.0,0.25,0.0,0.0,0.0,0.0,0.0,0.0,0.0,0.0,0.0,0.0,0.0,0.0,0.0,0.0,0.0,0.0,0.0,0.0,0.0,0.0,0.0,0.0,0.0,0.0,0.0,0.0,0.0,0.0,0.0,0.0,0.0,0.0,0.0,0.0,0.0,0.0,0.0,0.0,0.0,0.0,0.0,Maxence Lacroix,0.0,1.0,0.0344827586206896,1.0,0.0,0.0,0.4559409307296223,0.972165991902834,0.948016415868673,0.7874015748031495,,0.0679086538461537,0.0,0.0,0.0,0.0,0.3,0.1875,0.0,0.0,0.0,0.0,0.0,0.0,0.5555555555555556,0.5111111111111112,0.0716746499999999,0.0534673799999999,0.0,0.0,0.0,0.0,0.0,0.0,0.0,0.3,0.2893729372937293,0.0777777777777777,-0.06271539360413966,0.1111111111111111,0.1111111111111111,0.1111111111111111,0.0,0.0,0.0,0.0,0.0,0.0,0.0,0.0,0.0,0.0,0.0,0.0,0.0,0.0,0.0,0.0,0.0769230769230769,0.0588235294117647,0.0714285714285714,0.1274290378023659,0.1,0.1111111111111111,0.3333333333333333,0.4444444444444445,0.5555555555555556,0.4999999999999999,0.4444444444444445,0.5555555555555556,0.0222222222222222,1.0,4.5,0.3264761152592889,0.23844022784334362,0.0953001798543245,0.022651304752705593,0.09485492697042126,0.020355507359001872,0.45,0.020591580894387892,0.004246001550096636,0.11277777957407473,0.12,0.0022816697176172916,0.08,0.001074690101709188,0.14,0.001920478881558302,0.8246235433483312,0.4384,0.36151496140390843,0.14905687422316308,0.04097193592744376,0.010056228445484705,0.8246235433483312,0.04510480061460542,0.19662342556096143,0.0,0.0,0.19551372280604745,0.0,0.19465935538147183,0.0,0.17052738231124875,0.0,0.0
0.2273170731707317,Dayot Upamecano,19,France,DEF,0.72,playing,0.4516129032258064,0.463768115942029,1.0,10.6,0.15,0.6,0.1428571428571428,0.3888888888888888,,Dayot Upamecano,1.0,0.1026,0.0417,France,Morocco,True,Morocco,0.4859,0.493,0.7885,0.5882,0.4384,0.5616,0.2115,0.0,0.0,0.6000000000000001,0.25,0.9083333333333332,0.0,0.0,0.0,0.25,0.1666666666666666,0.0,0.611111111111111,0.0,0.0,0.0,0.0,0.0,0.0,0.0,1.0,0.0,0.0,0.0,0.0,0.0,0.0,0.0,0.0,0.5,0.0,1.0,0.0,0.0,0.0,0.0,0.0,0.0,1.0,0.0,0.0,0.0,0.0,0.0,0.0,1.0,0.0,0.0,0.0,0.2,0.5,0.0,0.0,0.0,1.0,0.0,0.8444444444444444,0.0,0.0,0.0,0.0,0.0,0.0,0.0,0.0,0.25,0.0,0.0,0.0,0.0,0.0,0.0,0.0,0.0,0.75,0.0,0.0,0.0,0.0,0.0,0.0,1.0,0.0,0.0,0.0,0.0,0.0,0.0,0.0,0.0,0.0,0.0,0.75,0.0,0.0,0.0,0.0,0.0,0.0,1.0,0.0,0.0,0.0,0.8,0.0,0.0,0.0,0.0,0.0,Dayot Upamecano,0.0,1.0,0.04,1.0,0.0,0.0,0.4559409307296223,0.972165991902834,0.948016415868673,0.7874015748031495,,0.0679086538461537,0.0,0.0,0.0,0.0,0.8533333333333333,0.9083333333333332,0.0,0.0,0.0,0.0,0.0,0.0,0.8888888888888888,0.1444444444444444,0.0809000999999999,0.0603493199999999,0.0,0.0,0.1399082568807339,0.0,0.1627637614678899,0.0,0.6666666666666666,0.8533333333333333,0.8231052438577191,0.0321100917431192,-0.233843489807583,0.1261467889908256,0.078125,0.1261467889908256,0.1399082568807339,0.0,0.1399082568807339,0.0,0.0,0.0,0.0,0.0,0.0,0.0,0.0,0.0,0.0,0.0,0.0,0.3888888888888888,0.4871794871794872,0.4117647058823529,0.4523809523809523,0.4535232693989723,0.45,0.8333333333333333,0.9444444444444444,1.0,0.5555555555555556,0.4999999999999999,0.8888888888888888,0.8888888888888888,0.8777777777777779,0.0,5.3,0.8958244179061498,0.8890591573313873,0.10825358544025411,0.10188492167693065,0.18437079978852244,0.1475248931068479,0.45,0.08012061367276742,0.022908779974695266,0.43548909373113176,0.12,0.009190000009527893,0.08,0.003798938383438059,0.14,0.007939309334234826,0.8246235433483312,0.4384,0.36151496140390843,0.14905687422316308,0.04097193592744376,0.010056228445484705,0.8246235433483312,0.04510480061460542,0.7331391125648901,0.0,0.0,0.19864347504752725,0.0,0.2907623672480174,0.0,0.21210470419899335,0.0,0.0
0.2278048780487804,Ibrahima Konaté,19,France,DEF,0.56,playing,0.032258064516129,0.144927536231884,0.2,1.5,0.05,0.0,0.0952380952380952,0.0,,Ibrahima Konaté,1.0,0.0769,0.0286,France,Morocco,True,Morocco,0.4859,0.493,0.7885,0.5882,0.4384,0.5616,0.2115,0.0,0.0,0.2,0.0,0.0291666666666666,0.0,0.0,0.0,0.0,0.0,0.0,0.0,0.0,0.0,0.0,0.0,0.0,0.0,0.0,0.0,0.0,0.0,0.0,0.0,0.0,0.0,0.0,0.0,0.0,0.0,0.0,0.0,0.0,0.0,0.0,0.0,0.0,0.0,0.0,0.0,0.0,0.0,0.0,0.0,0.0,0.0,0.0,0.0,0.0,0.0,0.0,0.0,0.0,0.0,0.0,0.1555555555555555,0.0,0.0,0.0,0.0,0.0,0.0,1.0,0.0,0.0,0.0,0.0,0.0,0.0,0.0,0.0,0.0,0.0,0.0,0.0,0.0,0.0,0.0,0.0,0.0,0.0,0.0,0.0,0.0,0.0,0.0,0.0,0.0,0.0,0.0,0.0,0.0,0.0,0.0,0.0,0.0,0.0,0.0,0.0,0.0,0.0,0.0,0.0,0.0,0.0,0.0,0.0,0.0,Ibrahima Konaté,0.0,1.0,0.0285714285714285,1.0,0.0,0.0,0.4559409307296223,0.972165991902834,0.948016415868673,0.7874015748031495,,0.0679086538461537,0.0,0.0,0.0,0.0,0.0466666666666666,0.0291666666666666,0.0,0.0,0.0,0.0,0.0,0.0,0.1666666666666666,0.938888888888889,0.0606356499999999,0.0452325799999999,0.0,0.0,0.0,0.0,0.0,0.0,0.3333333333333333,0.0466666666666666,0.045013568023469,0.0,-0.03346231219200403,0.0,0.0,0.0,0.0,0.0,0.0,0.0,0.0,0.0,0.0,0.0,0.0,0.0,0.0,0.0,0.0,0.0,0.0,0.0,0.0512820512820512,0.0392156862745098,0.0476190476190476,0.0637145189011829,0.05,0.2222222222222222,0.2222222222222222,0.2222222222222222,0.5555555555555556,0.4999999999999999,0.4444444444444445,0.1666666666666666,0.3888888888888889,1.0,4.9,0.2352020648681004,0.12722173751453392,0.08001770798603118,0.01129795379968981,0.09360740526605431,0.010718007067957105,0.45,0.007452869575070169,0.0023902403767180405,0.06565588931363762,0.12,0.0011119223392136298,0.08,0.0006045337822372267,0.14,0.0009307809197884139,0.8246235433483312,0.4384,0.36151496140390843,0.14905687422316308,0.04097193592744376,0.010056228445484705,0.8246235433483312,0.04510480061460542,0.10491003998016628,0.0,0.0,0.11134027001888536,0.0,0.21169063703385618,0.0,0.18630548209626455,0.0,0.0
0.2282926829268292,Lucas Hernández,19,France,DEF,0.6799999999999999,playing,0.0161290322580645,0.072463768115942,0.0,1.4,0.05,0.0,0.0476190476190476,0.0,,Lucas Hernández,1.0,0.0909,0.037,France,Morocco,True,Morocco,0.4859,0.493,0.7885,0.5882,0.4384,0.5616,0.2115,0.0,0.0,0.0,0.0,0.0,0.0,0.0,0.0,0.0,0.0,0.0,0.0,0.0,0.0,0.0,0.0,0.0,0.0,0.0,0.0,0.0,0.0,0.0,0.0,0.0,0.0,0.0,0.0,0.0,0.0,0.0,0.0,0.0,0.0,0.0,0.0,0.0,0.0,0.0,0.0,0.0,0.0,0.0,0.0,0.0,0.0,0.0,0.0,0.0,0.0,0.0,0.0,0.0,0.0,0.0,0.0,0.0,0.0,0.0,0.0,0.0,0.0,0.0,0.0,0.0,0.0,0.0,0.0,0.0,0.0,0.0,0.0,0.0,0.0,0.0,0.0,0.0,0.0,0.0,0.0,0.0,0.0,0.0,0.0,0.0,0.0,0.0,0.0,0.0,0.0,0.0,0.0,0.0,0.0,0.0,0.0,0.0,0.0,0.0,0.0,0.0,0.0,0.0,0.0,0.0,0.0,0.0,0.0,Lucas Hernández,0.0,1.0,0.0344827586206896,1.0,0.0,0.0,0.4559409307296223,0.972165991902834,0.948016415868673,0.7874015748031495,,0.0679086538461537,0.0,0.0,0.0,0.0,0.0,0.0,0.0,0.0,0.0,0.0,0.0,0.0,0.5555555555555556,0.5111111111111112,0.0716746499999999,0.0534673799999999,0.0,0.0,0.0,0.0,0.0,0.0,0.0,0.0,0.0,0.0,-0.026553340074125412,0.0,0.0,0.0,0.0,0.0,0.0,0.0,0.0,0.0,0.0,0.0,0.0,0.0,0.0,0.0,0.0,0.0,0.0,0.0,0.0256410256410256,0.0196078431372549,0.0238095238095238,0.0,0.0,0.6666666666666667,0.1111111111111111,0.1111111111111111,0.5555555555555556,0.4999999999999999,0.4444444444444445,0.1666666666666666,0.2666666666666667,1.0,5.2,0.23029137721584192,0.10095423297890828,0.0953001798543245,0.010480849618570109,0.0935176807491283,0.008496905156995199,0.45,0.005914073696384601,0.0020405821423446183,0.05058614689150734,0.12,0.0008807958307578225,0.08,0.00047971553830276404,0.14,0.0007367972535323756,0.8246235433483312,0.4384,0.36151496140390843,0.14905687422316308,0.04097193592744376,0.010056228445484705,0.8246235433483312,0.04510480061460542,0.0832492373150803,0.0,0.0,0.11134027001888536,0.0,0.22926852070114856,0.0,0.2042972635178498,0.0,0.0
0.2292682926829268,Lucas Digne,19,France,DEF,0.5999999999999999,playing,0.4516129032258064,0.7246376811594203,0.6000000000000001,3.3,0.05,0.6,0.0476190476190476,0.5,,Lucas Digne,1.0,0.0909,0.037,France,Morocco,True,Morocco,0.4859,0.493,0.7885,0.5882,0.4384,0.5616,0.2115,0.0,0.0,0.6000000000000001,0.0,0.5375,0.0,0.0,0.0588235294117647,0.75,0.0,0.0,0.2222222222222222,0.0,0.0,0.0,0.0,0.0,0.0,0.0,0.0,0.0,0.0,0.0,0.0,0.0,0.0,0.0,0.0,0.0,0.0,0.0,0.0,0.0,0.0,0.0,0.0,0.0,1.0,0.0,0.0,0.0,0.0,0.0,0.0,1.0,0.0,0.0,0.0,0.0,0.0,0.0,0.0,0.0,1.0,0.0,0.0,0.0,0.0,0.0,0.0,0.0,0.0,0.0,0.0,0.0,0.0,0.0,0.0,0.0,0.0,0.0,0.0,0.0,0.65,0.0,0.0,0.0,0.0,0.0,0.0,1.0,0.0,0.0,0.0,0.2,0.0,0.1666666666666666,0.0,0.0,1.0,0.0,0.75,0.0,0.0,0.0,0.0,0.0,0.0,1.0,0.0,0.0,0.0,0.6000000000000001,0.0,0.0,0.0,0.0,1.0,Lucas Digne,0.0,1.0,0.0344827586206896,1.0,0.0,0.0,0.4559409307296223,0.972165991902834,0.948016415868673,0.7874015748031495,,0.0679086538461537,0.0,0.0,0.0,0.0,0.56,0.5375,0.0,0.0,0.062015503875969,0.0,0.0,0.0,0.5555555555555556,0.5111111111111112,0.0716746499999999,0.0534673799999999,0.0,0.0,0.0,0.0,0.0,0.0,0.6666666666666666,0.56,0.5401628162816281,0.0,-0.1738779871552064,0.0775193798449612,0.119047619047619,0.0775193798449612,0.0,0.0,0.0,0.062015503875969,0.1130952380952381,0.062015503875969,0.0,0.0,0.0,0.0,0.0,0.0,0.0,0.0,0.0,0.5,0.4871794871794872,0.3725490196078431,0.4523809523809523,0.6621407034999387,0.45,0.3888888888888889,0.9444444444444444,0.6666666666666667,0.5555555555555556,1.0,0.4444444444444445,0.7777777777777779,0.6333333333333335,1.0,5.0,0.6628081070314101,0.6610738527118606,0.0953001798543245,0.06900689980310187,0.09996475452819051,0.05947567687021168,0.45,0.051538359231629985,0.012889384877921567,0.3609132580360743,0.12,0.006403503953108229,0.08,0.0031412986831152265,0.14,0.005464815092833292,0.8246235433483312,0.4384,0.36151496140390843,0.14905687422316308,0.04097193592744376,0.010056228445484705,0.8246235433483312,0.04510480061460542,0.5451370628381873,0.0,0.0,0.17671635875475095,0.0,0.21925736233793897,0.0,0.22125212413662618,0.0,0.0
0.2297560975609756,Malo Gusto,19,France,DEF,0.6399999999999999,playing,0.064516129032258,0.144927536231884,0.6000000000000001,0.4,0.05,0.0666666666666666,0.0952380952380952,0.0555555555555555,,Malo Gusto,1.0,0.0909,0.037,France,Morocco,True,Morocco,0.4859,0.493,0.7885,0.5882,0.4384,0.5616,0.2115,0.0,0.0,0.6000000000000001,0.0,0.0520833333333333,0.0,0.0,0.0,0.0,0.0,0.0,0.0555555555555555,0.0,0.0,0.0,0.0,0.0,0.0,0.0,0.0,0.0,0.0,0.0,0.0,0.0,0.0,0.0,0.0,0.0,0.0,0.0,0.0,0.0,0.0,0.0,0.0,0.0,0.0777777777777777,0.0,0.0,0.0,0.0,0.0,0.0,1.0,0.0,0.0,0.0,0.0,0.0,0.0,0.0,0.0,0.0,0.0,0.0333333333333333,0.0,0.0,0.0,0.0,0.0,0.0,1.0,0.0,0.0,0.0,0.0,0.0,0.0,0.0,0.0,0.0,0.0,0.125,0.0,0.0,0.0,0.0,0.0,0.0,1.0,0.0,0.0,0.0,0.2,0.0,0.0,0.0,0.0,0.0,0.0,0.0,0.0,0.0,0.0,0.0,0.0,0.0,0.0,0.0,0.0,0.0,0.0,0.0,0.0,0.0,0.0,0.0,Malo Gusto,0.0,1.0,0.0344827586206896,1.0,0.0,0.0,0.4559409307296223,0.972165991902834,0.948016415868673,0.7874015748031495,,0.0679086538461537,0.0,0.0,0.0,0.0,0.06,0.0520833333333333,0.0,0.0,0.0,0.0,0.0,0.0,0.5555555555555556,0.5111111111111112,0.0716746499999999,0.0534673799999999,0.0,0.0,0.0,0.0,0.0,0.0,0.6666666666666666,0.06,0.0578745874587458,0.0,-0.03934107574820694,0.1999999999999999,0.2777777777777778,0.1999999999999999,0.0,0.0,0.0,0.0,0.0,0.0,0.0,0.0,0.0,0.0,0.0,0.0,0.0,0.0,0.0,0.0555555555555555,0.1025641025641025,0.0784313725490196,0.0952380952380952,0.0637145189011829,0.05,0.5555555555555556,0.4444444444444445,0.3333333333333333,0.5555555555555556,0.4999999999999999,0.4444444444444445,0.3333333333333333,0.1444444444444445,1.0,5.1,0.27712853548867317,0.14957244985520624,0.0953001798543245,0.015339826212935451,0.09405135334234835,0.012660742198451414,0.45,0.016240835480672264,0.0029693764049714987,0.08165907631686203,0.12,0.0015125153263731439,0.08,0.0007107401659179975,0.14,0.0012702120927813201,0.8246235433483312,0.4384,0.36151496140390843,0.14905687422316308,0.04097193592744376,0.010056228445484705,0.8246235433483312,0.04510480061460542,0.12334096358689076,0.0,0.0,0.2837330624111406,0.0,0.22425041366038795,0.0,0.19940261093241202,0.0,0.0
0.2302439024390243,Kylian Mbappé,19,France,FWD,1.0,playing,0.9677419354838708,0.927536231884058,1.0,69.4,0.7500000000000001,0.8666666666666667,0.4761904761904761,0.7777777777777777,,Kylian Mbappe,1.0,0.5882,0.3125,France,Morocco,True,Morocco,0.4859,0.493,0.7885,0.5882,0.4384,0.5616,0.2115,0.875,0.4,0.6000000000000001,0.25,0.91875,0.0,0.0,1.0,0.0,0.1666666666666666,0.0,0.0555555555555555,0.0,0.0,0.0,0.0,0.0,0.0,0.0,1.0,0.0,0.0,0.0,0.0,0.0,0.0,0.0,0.6666666666666666,0.5,0.0,0.0,0.0,1.0,0.0,0.0,0.0,0.0,0.9888888888888888,0.0,0.0,0.0,0.0,0.0,0.0,1.0,1.0,0.0,0.0,0.2,0.0,0.75,0.0,0.0,0.0,0.0,0.9666666666666668,1.0,0.0,0.0,0.0,0.0,0.0,0.0,0.0,0.25,0.0,0.0,0.0,0.6666666666666666,0.0,0.0,0.0,0.0,0.7083333333333334,0.0,0.0,0.0,0.0,0.0,0.0,1.0,1.0,0.0,0.0,0.0,0.5,0.6666666666666666,0.0,0.0,0.0,0.0,0.75,0.0,0.0,0.0,0.0,0.0,0.0,1.0,0.5,0.0,0.0,0.0,0.0,1.0,0.0,0.0,0.0,Kylian Mbappé,0.0,1.0,0.3125,1.0,0.0,0.0,0.4559409307296223,0.972165991902834,0.948016415868673,0.7874015748031495,,0.0679086538461537,0.0,0.0,0.0,0.0,0.8733333333333333,0.91875,0.8134920634920635,0.0,0.6167800453514739,0.4117647058823529,0.75,0.4,1.0,0.2666666666666667,0.4637956999999999,0.3459792399999999,0.2766439909297052,0.6666666666666666,0.1383219954648526,0.1374045801526717,0.1609183673469387,0.0,0.6666666666666666,0.8733333333333333,0.8423967730106342,0.0317460317460317,0.0,0.0113378684807256,0.0,0.0113378684807256,0.1383219954648526,0.1374045801526717,0.1383219954648526,0.6167800453514739,0.7251908396946566,0.6167800453514739,0.0,0.0,0.0,0.0,0.0,0.0,0.0,0.0,0.0,0.7777777777777777,0.9487179487179488,1.0,1.0,0.3033417843945591,0.7000000000000001,1.0,1.0,1.0,0.6666666666666667,1.0,1.0,1.0,1.0,0.0,10.5,0.9213802588836832,0.9001034904052433,0.8872174843884478,1.1818128029955297,0.45135724209834877,0.40626822903240817,0.35,0.04627989918362657,0.046884957140478474,0.0,0.08,0.008136933833824552,0.02,0.0034670531270584682,0.01,0.0062718877810073815,0.8246235433483312,0.4384,0.36151496140390843,0.14905687422316308,0.04097193592744376,0.010056228445484705,0.8246235433483312,0.04510480061460542,0.0,0.0,0.0,0.11769702547948764,0.0,0.49020276384283645,0.0,1.0887501276612412,0.9799877900870375,0.0
0.2307317073170731,Ousmane Dembélé,19,France,MID,1.0,playing,0.7258064516129032,0.7101449275362319,1.0,42.0,0.2,0.8,1.0,0.3333333333333333,,Ousmane Dembélé,1.0,0.4,0.1887,France,Morocco,True,Morocco,0.4859,0.493,0.7885,0.5882,0.4384,0.5616,0.2115,0.5,0.4,0.8,0.125,0.775,0.0,0.0,0.2941176470588235,0.0,0.1666666666666666,0.0,0.1666666666666666,0.0,0.0,0.0,0.0,0.0,0.0,0.0,0.888888888888889,0.0,0.0,0.0,0.0,0.0,0.0,1.0,0.0,0.0,0.0,0.1666666666666666,0.0,0.0,0.0,0.0,0.0,0.0,0.7555555555555555,0.5,0.0,0.0,0.0,0.0,0.0,1.0,0.5,0.0,0.0,0.2,0.5,0.5,0.0,0.0,0.0,0.0,0.7222222222222222,0.0,0.0,0.0,0.0,0.0,0.0,0.0,1.0,0.25,0.0,0.0,0.0,1.0,0.0,0.0,0.0,0.0,0.625,0.5,0.0,0.0,0.0,0.0,0.0,1.0,0.0,0.0,0.0,0.2,0.0,0.0,0.0,0.0,0.0,0.0,0.7,0.0,0.0,0.0,0.0,0.0,0.0,1.0,0.0,0.0,0.0,0.0,0.0,0.0,0.0,0.0,0.0,Ousmane Dembélé,0.0,1.0,0.1851851851851851,1.0,0.0,0.0,0.4559409307296223,0.972165991902834,0.948016415868673,0.7874015748031495,,0.0679086538461537,0.0,0.0,0.0,0.0,0.7466666666666667,0.775,0.5510752688172044,0.0,0.2150537634408602,0.8,0.75,0.0,1.0,0.0,0.3154,0.23528,0.3279569892473118,0.3333333333333333,0.1639784946236559,0.0,0.190766129032258,0.0,0.6666666666666666,0.7466666666666667,0.7202170883755042,0.0188172043010752,0.0,0.0403225806451612,0.0223214285714285,0.0403225806451612,0.1639784946236559,0.0,0.1639784946236559,0.2150537634408602,0.2544642857142857,0.2150537634408602,0.0,0.0,0.0,0.0,0.0,0.0,0.0,0.0,0.0,0.3333333333333333,1.0,0.823529411764706,0.9047619047619048,0.9557177835177444,1.0,1.0,1.0,0.9090909090909092,0.5454545454545455,0.9090909090909092,0.7272727272727273,0.5454545454545455,0.9,0.0,10.0,0.8706612649678315,0.8239663534379432,0.5108256237659907,0.6662358986117307,0.399938213712452,0.32953563155313387,0.55,0.06481515104823607,0.03492977946601359,0.43909773622277515,0.14,0.007971987733581343,0.04,0.0034682894689535386,0.05,0.0062545429382197424,0.8246235433483312,0.4384,0.36151496140390843,0.14905687422316308,0.04097193592744376,0.010056228445484705,0.8246235433483312,0.04510480061460542,0.0,0.0,0.0,0.13797005716636085,0.11368268488699092,0.3929191389396461,0.32375215010807673,0.5601363535137022,0.0,0.0
0.2312195121951219,Marcus Thuram,19,France,FWD,0.5384615384615385,playing,0.032258064516129,0.144927536231884,0.2,0.4,0.05,0.0666666666666666,0.0476190476190476,0.0,,,,0.0067,0.0067,France,Morocco,True,Morocco,0.4859,0.493,0.7885,0.5882,0.4384,0.5616,0.2115,0.0,0.0,0.2,0.0,0.0020833333333333,0.0,0.0,0.0,0.0,0.0,0.0,0.0,0.0,0.0,0.0,0.0,0.0,0.0,0.0,0.0,0.0,0.0,0.0,0.0,0.0,0.0,0.0,0.0,0.0,0.0,0.0,0.0,0.0,0.0,0.0,0.0,0.0,0.0111111111111111,0.0,0.0,0.0,0.0,0.0,0.0,1.0,0.0,0.0,0.0,0.0,0.0,0.0,0.0,0.0,0.0,0.0,0.0,0.0,0.0,0.0,0.0,0.0,0.0,0.0,0.0,0.0,0.0,0.0,0.0,0.0,0.0,0.0,0.0,0.0,0.0,0.0,0.0,0.0,0.0,0.0,0.0,0.0,0.0,0.0,0.0,0.0,0.0,0.0,0.0,0.0,0.0,0.0,0.0,0.0,0.0,0.0,0.0,0.0,0.0,0.0,0.0,0.0,0.0,0.0,0.0,0.0,0.0,0.0,0.0,Marcus Thuram,0.0,0.0,0.0066666666666666,1.0,0.0,0.0,0.4559409307296223,0.972165991902834,0.948016415868673,0.7874015748031495,,0.0679086538461537,0.0,0.0,0.0,0.0,0.0,0.0020833333333333,0.0,0.0,0.0,0.0,0.0,0.0,0.3333333333333333,1.0,0.00528295,0.0039409399999999,0.0,0.0,0.0,0.0,0.0,0.0,0.0,0.0,0.0,0.0,0.0,0.0,0.0,0.0,0.0,0.0,0.0,0.0,0.0,0.0,0.0,0.0,0.0,0.0,0.0,0.0,0.0,0.0,0.0,0.0,0.0512820512820512,0.0392156862745098,0.0396825396825396,0.0637145189011829,0.05,0.6666666666666667,0.3333333333333333,0.3333333333333333,0.6666666666666667,0.4999999999999999,0.4999999999999999,0.4999999999999999,0.6333333333333335,1.0,7.5,0.22815650216092537,0.10830961877416381,0.006722545760826811,0.005300179097852622,0.09294898931068432,0.010067269597684047,0.35,0.005261868739004446,0.001830767065215388,0.0,0.08,0.0009271693199953594,0.02,0.0004647935970932128,0.01,0.0007011866056623228,0.8246235433483312,0.4384,0.36151496140390843,0.14905687422316308,0.04097193592744376,0.010056228445484705,0.8246235433483312,0.04510480061460542,0.0,0.0,0.0,0.11134027001888536,0.0,0.19613794970523937,0.0,0.1669831780861878,0.018085884360213304,0.0
0.2326829268292682,Désiré Doué,19,France,MID,0.5283018867924528,playing,0.3064516129032257,0.3333333333333333,1.0,3.1,0.2,0.0666666666666666,0.5238095238095237,0.0555555555555555,,Désiré Doué,1.0,0.3077,0.137,France,Morocco,True,Morocco,0.4859,0.493,0.7885,0.5882,0.4384,0.5616,0.2115,0.125,0.0,0.8,0.125,0.50625,0.0,0.0,0.2941176470588235,0.25,0.1666666666666666,0.0,0.2222222222222222,0.0,0.0,0.0,0.0,1.0,0.0,0.0,0.9666666666666668,0.0,0.0,0.0,0.0,0.0,0.0,1.0,0.0,0.0,0.0,0.0,0.0,0.25,0.0,0.0,0.0,0.0,0.2444444444444444,0.0,0.0,0.0,0.0,0.0,0.0,1.0,0.0,0.0,0.0,0.0,0.0,0.0,0.0,0.0,0.0,0.0,1.0,0.0,0.0,0.0,0.0,0.0,0.0,0.0,0.3333333333333333,0.25,0.0,0.25,0.0,1.0,0.0,0.0,1.0,0.0,0.125,0.0,0.0,0.0,0.0,0.0,0.0,1.0,0.0,0.0,0.0,0.2,0.5,0.1666666666666666,0.0,0.0,0.0,0.0,0.2416666666666666,0.0,0.0,0.0,0.0,1.0,0.0,1.0,0.0,0.0,0.0,0.2,0.0,0.0,0.0,0.0,0.0,Désiré Doué,0.0,1.0,0.1351351351351351,1.0,0.0,0.0,0.4559409307296223,0.972165991902834,0.948016415868673,0.7874015748031495,,0.0679086538461537,0.0,0.0,0.0,0.0,0.4466666666666666,0.50625,0.2109053497942387,0.0,0.3292181069958848,0.2,0.25,0.0,0.8636363636363636,0.15,0.2426214499999999,0.1809891399999999,0.0,0.0,0.2510288065843621,0.2686567164179105,0.292037037037037,0.0,0.6666666666666666,0.4466666666666666,0.4308441510817748,0.0288065843621399,0.0,0.0823045267489711,0.1492537313432836,0.0823045267489711,0.2510288065843621,0.2686567164179105,0.2510288065843621,0.3292181069958848,0.5671641791044777,0.3292181069958848,0.0,0.0,0.0,0.0,0.0,0.0,0.0,0.3703703703703703,1.0,0.0555555555555555,0.3333333333333333,0.3137254901960784,0.3333333333333333,0.5443770881228118,0.5,0.6363636363636364,0.7272727272727273,0.4545454545454546,0.5454545454545455,0.9090909090909092,0.7272727272727273,0.6818181818181818,0.6000000000000001,1.0,7.5,0.587085961274269,0.43106400372112913,0.36773589129815726,0.21805419799486947,0.26859842655643973,0.11578311314461456,0.55,0.038432745153705226,0.020829162701165974,0.22971718130396843,0.14,0.004164988071887285,0.04,0.001814460916168394,0.05,0.0032288826554452356,0.8246235433483312,0.4384,0.36151496140390843,0.14905687422316308,0.04097193592744376,0.010056228445484705,0.8246235433483312,0.04510480061460542,0.0,0.0,0.0,0.1850124257384492,0.079752196976974,0.40206992992955726,0.1733178737713088,0.4260962635145281,0.0,0.0
0.233170731707317,Mike Maignan,19,France,GK,1.0,playing,0.5,0.5072463768115942,1.0,16.0,0.15,0.4666666666666667,0.3333333333333333,0.4444444444444444,,,,0.0067,0.0067,France,Morocco,True,Morocco,0.4859,0.493,0.7885,0.5882,0.4384,0.5616,0.2115,0.0,0.0,0.6000000000000001,0.25,0.9375,0.0,0.0,0.0,0.0,0.0,1.0,0.0,0.5,0.0,0.0,0.0,0.0,0.0,0.0,1.0,0.0,0.0,0.0,0.0,0.0,0.0,0.0,0.0,0.5,0.0,0.0,0.0,0.0,0.0,0.5,0.0,0.0,1.0,0.0,0.0,0.0,0.0,0.0,0.0,1.0,0.0,0.0,0.0,0.0,0.0,0.0,0.0,0.0,0.0,0.0,1.0,0.0,0.0,0.0,0.0,0.0,0.0,0.0,0.0,0.25,1.0,0.0,0.0,0.0,0.0,0.5,0.0,0.0,0.75,0.0,0.0,0.0,0.0,0.0,0.0,1.0,0.0,0.0,0.0,0.0,0.0,0.0,0.0,0.75,0.0,0.0,0.75,0.0,0.0,0.0,0.0,0.0,0.0,1.0,0.0,0.0,0.0,0.0,0.0,0.0,0.0,0.0,0.0,Mike Maignan,0.0,0.0,0.0066666666666666,1.0,0.0,0.0,0.4559409307296223,0.972165991902834,0.948016415868673,0.7874015748031495,,0.0679086538461537,0.0,0.0,0.0,0.0,0.9,0.9375,0.0,0.0,0.0,0.0,0.0,0.0,0.6666666666666667,0.6333333333333334,0.00528295,0.0039409399999999,0.0,0.0,0.0,0.0,0.0,0.0,0.6666666666666666,0.9,0.8681188118811881,0.0311111111111111,-0.23191120254841247,0.0,0.0,0.0,0.0,0.0,0.0,0.0,0.0,0.0,0.32,0.4,0.32,0.0,0.0,0.0,0.0,0.0,0.0,0.4444444444444444,0.5641025641025642,0.4705882352941176,0.5476190476190476,0.3351327166268928,0.4,1.0,1.0,1.0,0.6666666666666667,0.6666666666666667,0.6666666666666667,0.6666666666666667,1.0,0.0,5.0,0.8712997494160509,0.8817127151286392,0.006722545760826811,0.0,0.09236751369625965,0.008144161129081087,0.15,0.025200875439614207,0.018369215711144988,0.43189057564530947,0.04,0.007581829713248294,0.05,0.0035778190104207904,0.08,0.006283169959666121,0.8246235433483312,0.4384,0.36151496140390843,0.14905687422316308,0.04097193592744376,0.010056228445484705,0.8246235433483312,0.04510480061460542,0.7270810633646563,1.080420298008935,0.028871144801415918,0.11134027001888536,0.0,0.2539314210498621,0.0,0.22306855412656915,0.0,0.0
0.2341463414634146,Brice Samba,19,France,GK,0.666666666666667,playing,0.0161290322580645,0.072463768115942,0.0,0.1,0.05,0.0,0.0476190476190476,0.0,,,,0.0067,0.0067,France,Morocco,True,Morocco,0.4859,0.493,0.7885,0.5882,0.4384,0.5616,0.2115,0.0,0.0,0.0,0.0,0.0,0.0,0.0,0.0,0.0,0.0,0.0,0.0,0.0,0.0,0.0,0.0,0.0,0.0,0.0,0.0,0.0,0.0,0.0,0.0,0.0,0.0,0.0,0.0,0.0,0.0,0.0,0.0,0.0,0.0,0.0,0.0,0.0,0.0,0.0,0.0,0.0,0.0,0.0,0.0,0.0,0.0,0.0,0.0,0.0,0.0,0.0,0.0,0.0,0.0,0.0,0.0,0.0,0.0,0.0,0.0,0.0,0.0,0.0,0.0,0.0,0.0,0.0,0.0,0.0,0.0,0.0,0.0,0.0,0.0,0.0,0.0,0.0,0.0,0.0,0.0,0.0,0.0,0.0,0.0,0.0,0.0,0.0,0.0,0.0,0.0,0.0,0.0,0.0,0.0,0.0,0.0,0.0,0.0,0.0,0.0,0.0,0.0,0.0,0.0,0.0,0.0,0.0,0.0,Brice Samba,0.0,0.0,0.0066666666666666,1.0,0.0,0.0,0.4559409307296223,0.972165991902834,0.948016415868673,0.7874015748031495,,0.0679086538461537,0.0,0.0,0.0,0.0,0.0,0.0,0.0,0.0,0.0,0.0,0.0,0.0,0.6666666666666667,0.6333333333333334,0.00528295,0.0039409399999999,0.0,0.0,0.0,0.0,0.0,0.0,0.0,0.0,0.0,0.0,-0.029471009102946682,0.0,0.0,0.0,0.0,0.0,0.0,0.0,0.0,0.0,0.0,0.0,0.0,0.0,0.0,0.0,0.0,0.0,0.0,0.0,0.0256410256410256,0.0196078431372549,0.0238095238095238,0.0,0.0,0.6666666666666667,0.4999999999999999,0.4999999999999999,0.6666666666666667,0.6666666666666667,0.6666666666666667,0.6666666666666667,0.2666666666666667,1.0,4.5,0.22443598573092652,0.11204703855699032,0.006722545760826811,0.0,0.09236751369625965,0.0010349506368538136,0.15,0.003202498289525513,0.0020080878139970082,0.05614452989194107,0.04,0.0009395484684002124,0.05,0.0005060885901697212,0.08,0.0007708971094895347,0.8246235433483312,0.4384,0.36151496140390843,0.14905687422316308,0.04097193592744376,0.010056228445484705,0.8246235433483312,0.04510480061460542,0.09239662595655244,0.048666375926405755,0.002303146159699993,0.11134027001888536,0.0,0.21185953925223222,0.0,0.18224955938583023,0.0,0.0
0.2346341463414634,N'Golo Kanté,19,France,MID,0.0754716981132074,playing,0.0161290322580645,0.072463768115942,0.0,0.8,0.05,0.0,0.0476190476190476,0.0,,N'Golo Kanté,1.0,0.1562,0.0645,France,Morocco,True,Morocco,0.4859,0.493,0.7885,0.5882,0.4384,0.5616,0.2115,0.0,0.0,0.0,0.0,0.0,0.0,0.0,0.0,0.0,0.0,0.0,0.0,0.0,0.0,0.0,0.0,0.0,0.0,0.0,0.0,0.0,0.0,0.0,0.0,0.0,0.0,0.0,0.0,0.0,0.0,0.0,0.0,0.0,0.0,0.0,0.0,0.0,0.0,0.0,0.0,0.0,0.0,0.0,0.0,0.0,0.0,0.0,0.0,0.0,0.0,0.0,0.0,0.0,0.0,0.0,0.0,0.0,0.0,0.0,0.0,0.0,0.0,0.0,0.0,0.0,0.0,0.0,0.0,0.0,0.0,0.0,0.0,0.0,0.0,0.0,0.0,0.0,0.0,0.0,0.0,0.0,0.0,0.0,0.0,0.0,0.0,0.0,0.0,0.0,0.0,0.0,0.0,0.0,0.0,0.0,0.0,0.0,0.0,0.0,0.0,0.0,0.0,0.0,0.0,0.0,0.0,0.0,0.0,,,1.0,0.064516129032258,1.0,0.0,0.0,0.4559409307296223,0.972165991902834,0.948016415868673,0.7874015748031495,,0.0679086538461537,0.0,0.0,0.0,0.0,0.0,0.0,0.0,0.0,0.0,0.0,0.0,0.0,0.3181818181818182,0.7500000000000001,0.1231637,0.09187684,0.0,0.0,0.0,0.0,0.0,0.0,0.0,0.0,0.0,0.0,0.0,0.0,0.0,0.0,0.0,0.0,0.0,0.0,0.0,0.0,0.0,0.0,0.0,0.0,0.0,0.0,0.0,0.0,0.0,0.0,0.0256410256410256,0.0196078431372549,0.0238095238095238,0.0,0.0,0.0909090909090909,0.1363636363636363,0.1363636363636363,0.5454545454545455,0.2727272727272727,0.2727272727272727,0.1363636363636363,0.4000000000000001,1.0,5.1,0.18986169546923976,0.10621499167517556,0.16983977929189875,0.021176507184289216,0.09469278622124337,0.010057793500188544,0.55,0.007284407962722975,0.0017834892504866066,0.05322220785019691,0.14,0.0009366497004413962,0.04,0.0004716531835090864,0.05,0.0007156491638871295,0.8246235433483312,0.4384,0.36151496140390843,0.14905687422316308,0.04097193592744376,0.010056228445484705,0.8246235433483312,0.04510480061460542,0.0,0.0,0.0,0.11134027001888536,0.011826005853167707,0.1675044776700682,0.017791486701280924,0.14778932102243666,0.0,0.0
0.2351219512195121,Adrien Rabiot,19,France,MID,0.3207547169811321,playing,0.2741935483870967,0.3623188405797101,0.8,0.7,0.4,0.2,0.0476190476190476,0.1666666666666666,,Adrien Rabiot,1.0,0.1754,0.0741,France,Morocco,True,Morocco,0.4859,0.493,0.7885,0.5882,0.4384,0.5616,0.2115,0.0,0.2,0.6000000000000001,0.125,0.75,0.0,0.0,0.0588235294117647,0.25,0.1666666666666666,0.0,0.1111111111111111,0.0,0.0,0.0,0.0,0.0,0.0,0.0,1.0,1.0,0.0,0.0,0.0,0.0,0.0,0.0,0.0,0.5,0.0,0.0,0.5,0.0,0.0,0.0,1.0,0.0,1.0,0.0,0.0,0.0,0.0,0.0,0.0,1.0,0.0,0.0,0.0,0.2,0.0,0.0,0.0,0.0,0.0,0.0,0.0,0.0,0.0,0.0,0.0,0.0,0.0,0.0,0.0,0.0,0.0,0.0,0.0,0.0,0.0,0.0,0.0,0.0,0.75,0.0,0.0,0.0,0.0,0.0,0.0,1.0,0.0,0.0,0.0,0.2,0.0,0.1666666666666666,0.0,0.0,0.0,0.0,0.75,0.0,0.0,0.0,0.0,0.0,0.0,1.0,0.0,0.0,0.0,0.0,0.0,0.0,0.0,0.0,0.0,Adrien Rabiot,0.0,1.0,0.0714285714285714,1.0,0.0,0.0,0.4559409307296223,0.972165991902834,0.948016415868673,0.7874015748031495,,0.0679086538461537,0.0,0.0,0.0,0.0,0.6,0.75,0.0,0.0,0.0444444444444444,0.0,0.0,0.0,0.4545454545454546,0.6000000000000001,0.1383029,0.1031702799999999,0.1694444444444444,0.0,0.1694444444444444,0.0,0.197125,0.0,0.6666666666666666,0.6,0.5787458745874587,0.0194444444444444,0.0,0.0277777777777777,0.0277777777777777,0.0277777777777777,0.1694444444444444,0.0,0.1694444444444444,0.0444444444444444,0.1055555555555555,0.0444444444444444,0.0,0.0,0.0,0.0,0.0,0.0,0.0,0.0,0.0,0.1666666666666666,0.1794871794871795,0.2745098039215686,0.2222222222222222,0.3660120453218768,0.35,0.4090909090909091,0.6363636363636364,0.8181818181818182,0.5454545454545455,0.5454545454545455,0.7272727272727273,0.4545454545454546,0.3,1.0,6.4,0.7001855983125688,0.7433848456252413,0.19285685870933741,0.17766260626659688,0.2713664684711438,0.20172972027228817,0.55,0.05614501410188285,0.017927711945635662,0.38503416335899887,0.14,0.007061890611591805,0.04,0.003129100867655585,0.05,0.005518563121869565,0.8246235433483312,0.4384,0.36151496140390843,0.14905687422316308,0.04097193592744376,0.010056228445484705,0.8246235433483312,0.04510480061460542,0.0,0.0,0.0,0.1317287619373522,0.09792516535720272,0.25270385670153794,0.18785621750297588,0.20005103191442092,0.0,0.0
0.2356097560975609,Warren Zaïre-Emery,19,France,MID,0.2641509433962262,playing,0.0161290322580645,0.072463768115942,0.0,0.2,0.05,0.0,0.0476190476190476,0.0,,Warren Zaïre-Emery,1.0,0.1562,0.0645,France,Morocco,True,Morocco,0.4859,0.493,0.7885,0.5882,0.4384,0.5616,0.2115,0.0,0.0,0.0,0.0,0.0,0.0,0.0,0.0,0.0,0.0,0.0,0.0,0.0,0.0,0.0,0.0,0.0,0.0,0.0,0.0,0.0,0.0,0.0,0.0,0.0,0.0,0.0,0.0,0.0,0.0,0.0,0.0,0.0,0.0,0.0,0.0,0.0,0.0,0.0,0.0,0.0,0.0,0.0,0.0,0.0,0.0,0.0,0.0,0.0,0.0,0.0,0.0,0.0,0.0,0.0,0.0,0.0,0.0,0.0,0.0,0.0,0.0,0.0,0.0,0.0,0.0,0.0,0.0,0.0,0.0,0.0,0.0,0.0,0.0,0.0,0.0,0.0,0.0,0.0,0.0,0.0,0.0,0.0,0.0,0.0,0.0,0.0,0.0,0.0,0.0,0.0,0.0,0.0,0.0,0.0,0.0,0.0,0.0,0.0,0.0,0.0,0.0,0.0,0.0,0.0,0.0,0.0,0.0,Warren Zaïre-Emery,0.0,1.0,0.064516129032258,1.0,0.0,0.0,0.4559409307296223,0.972165991902834,0.948016415868673,0.7874015748031495,,0.0679086538461537,0.0,0.0,0.0,0.0,0.0,0.0,0.0,0.0,0.0,0.0,0.0,0.0,0.3181818181818182,0.7500000000000001,0.1231637,0.09187684,0.0,0.0,0.0,0.0,0.0,0.0,0.0,0.0,0.0,0.0,0.0,0.0,0.0,0.0,0.0,0.0,0.0,0.0,0.0,0.0,0.0,0.0,0.0,0.0,0.0,0.0,0.0,0.0,0.0,0.0,0.0256410256410256,0.0196078431372549,0.0238095238095238,0.0,0.0,0.2272727272727272,0.1363636363636363,0.1363636363636363,0.5454545454545455,0.2727272727272727,0.2727272727272727,0.1363636363636363,0.15,1.0,6.1,0.1795954266752787,0.09930238517495779,0.16983977929189875,0.020641446671780674,0.09463396762122224,0.009397378703357094,0.55,0.006810329444811405,0.00181728546836374,0.04975843899667829,0.14,0.0008752182929905373,0.04,0.000440957395553427,0.05,0.0006685656449788053,0.8246235433483312,0.4384,0.36151496140390843,0.14905687422316308,0.04097193592744376,0.010056228445484705,0.8246235433483312,0.04510480061460542,0.0,0.0,0.0,0.11134027001888536,0.01105635437889916,0.19006557767955012,0.018873965203235546,0.16990507454947368,0.0,0.0
0.2360975609756097,Manu Koné,19,France,MID,0.2641509433962262,playing,0.1451612903225806,0.2681159420289855,0.6000000000000001,0.2,0.05,0.2666666666666666,0.1428571428571428,0.0,,Manu Kone,1.0,0.1408,0.0571,France,Morocco,True,Morocco,0.4859,0.493,0.7885,0.5882,0.4384,0.5616,0.2115,0.0,0.0,0.4,0.125,0.5625,0.5,0.0,0.1176470588235294,0.0,0.0,0.0,0.3888888888888888,0.0,0.0,0.0,0.0,0.0,0.0,0.0,0.0,0.0,0.0,0.0,0.0,0.0,0.0,0.0,0.0,0.0,0.0,0.0,0.0,0.0,0.0,0.0,0.0,0.0,1.0,0.0,0.0,0.0,0.0,0.0,0.0,1.0,0.0,0.0,0.0,0.6000000000000001,0.0,0.0,0.0,0.0,0.0,0.0,1.0,0.0,0.0,0.0,0.0,0.0,0.0,0.0,0.0,0.25,0.0,0.25,0.0,0.3333333333333333,0.0,0.0,0.0,0.0,0.0,0.0,0.0,0.0,0.0,0.0,0.0,0.0,0.0,0.0,0.0,0.0,0.0,0.0,0.0,0.0,0.0,0.0,0.75,0.0,1.0,0.0,0.0,0.0,0.0,1.0,0.0,0.0,0.0,0.4,0.0,0.25,0.0,0.0,0.0,Manu Koné,0.0,1.0,0.0571428571428571,1.0,0.0,0.0,0.4559409307296223,0.972165991902834,0.948016415868673,0.7874015748031495,,0.0679086538461537,0.0,0.0,0.0,0.0,0.6,0.5625,0.0,0.0,0.1185185185185185,0.0,0.0,0.0,0.1818181818181818,0.9,0.1110208,0.08281856,0.0,0.0,0.0,0.0,0.0,0.0,0.3333333333333333,0.6,0.5787458745874587,0.0259259259259259,0.0,0.1296296296296296,0.1111111111111111,0.1296296296296296,0.0,0.0,0.0,0.1185185185185185,0.2111111111111111,0.1185185185185185,0.0,0.0,0.0,0.1851851851851851,0.0,0.0,0.0,0.0,0.0,0.0,0.1794871794871795,0.1372549019607843,0.1349206349206349,0.2440080302145845,0.2,0.2272727272727272,0.4545454545454546,0.6818181818181818,0.5454545454545455,0.6363636363636364,0.2727272727272727,0.9090909090909092,0.15,1.0,6.1,0.5921727073950475,0.5130368172292963,0.15175355522753686,0.10142612431605824,0.1035539400892772,0.053126983834956,0.55,0.08981387322704214,0.009193655044565496,0.2580344147591971,0.14,0.005421886420464497,0.04,0.0021595058863235752,0.05,0.004302538298425646,0.8246235433483312,0.4384,0.36151496140390843,0.14905687422316308,0.04097193592744376,0.010056228445484705,0.8246235433483312,0.04510480061460542,0.0,0.0,0.0,0.20683624314975435,0.1061146078732148,0.18727592262889742,0.09607944328920948,0.21648647865057777,0.0,0.0
0.2370731707317073,Maghnes Akliouche,19,France,MID,0.3207547169811321,playing,0.032258064516129,0.144927536231884,0.2,0.0,0.05,0.0666666666666666,0.0476190476190476,0.0,,Maghnes Akliouche,1.0,0.2597,0.1143,France,Morocco,True,Morocco,0.4859,0.493,0.7885,0.5882,0.4384,0.5616,0.2115,0.0,0.0,0.2,0.0,0.0145833333333333,0.0,0.0,0.0,0.0,0.0,0.0,0.0555555555555555,0.0,0.0,0.0,0.0,0.0,0.0,0.0,0.0,0.0,0.0,0.0,0.0,0.0,0.0,0.0,0.0,0.0,0.0,0.0,0.0,0.0,0.0,0.0,0.0,0.0,0.0777777777777777,0.0,0.0,0.0,0.0,0.0,0.0,1.0,0.0,0.0,0.0,0.2,0.0,0.0,0.0,0.0,0.0,0.0,0.0,0.0,0.0,0.0,0.0,0.0,0.0,0.0,0.0,0.0,0.0,0.0,0.0,0.0,0.0,0.0,0.0,0.0,0.0,0.0,0.0,0.0,0.0,0.0,0.0,0.0,0.0,0.0,0.0,0.0,0.0,0.0,0.0,0.0,0.0,0.0,0.0,0.0,0.0,0.0,0.0,0.0,0.0,0.0,0.0,0.0,0.0,0.0,0.0,0.0,0.0,0.0,0.0,Maghnes Akliouche,0.0,1.0,0.1111111111111111,1.0,0.0,0.0,0.4559409307296223,0.972165991902834,0.948016415868673,0.7874015748031495,,0.0679086538461537,0.0,0.0,0.0,0.0,0.0,0.0145833333333333,0.0,0.0,0.0,0.0,0.0,0.0,0.5454545454545455,0.5,0.20477345,0.1527555399999999,0.0,0.0,0.0,0.0,0.0,0.0,0.0,0.0,0.0,0.0,0.0,0.7142857142857143,0.0,0.7142857142857142,0.0,0.0,0.0,0.0,0.0,0.0,0.0,0.0,0.0,0.0,0.0,0.0,0.0,0.0,0.0,0.0,0.0512820512820512,0.0392156862745098,0.0396825396825396,0.0637145189011829,0.05,0.4090909090909091,0.2727272727272727,0.2727272727272727,0.5454545454545455,0.2727272727272727,0.2727272727272727,0.3181818181818182,0.0,1.0,6.4,0.20955437170640595,0.10772932263185427,0.30069976953308447,0.037469844216494,0.09648555314883796,0.010394323284484086,0.55,0.026625642442091976,0.002325837456345317,0.05559635185568934,0.14,0.0015597392182765048,0.04,0.00047837764872194584,0.05,0.0012050445163110718,0.8246235433483312,0.4384,0.36151496140390843,0.14905687422316308,0.04097193592744376,0.010056228445484705,0.8246235433483312,0.04510480061460542,0.0,0.0,0.0,0.6208424767542448,0.06688293948181752,0.21601957680885375,0.02327164268483763,0.20164563597104349,0.0,0.0
0.2375609756097561,Aurélien Tchouaméni,19,France,MID,0.339622641509434,playing,0.2580645161290322,0.4347826086956521,0.6000000000000001,0.9,0.2,0.0,0.4285714285714285,0.2222222222222222,,,,0.0067,0.0067,France,Morocco,True,Morocco,0.4859,0.493,0.7885,0.5882,0.4384,0.5616,0.2115,0.0,0.2,0.2,0.25,0.5625,0.5,0.0,0.0,0.25,0.0,0.0,0.7777777777777777,0.0,0.0,0.0,0.0,0.0,0.0,0.0,1.0,0.0,0.0,0.0,0.0,0.0,0.0,0.0,0.0,0.5,0.0,0.5,0.0,0.0,0.0,0.0,0.0,0.0,0.0,0.0,0.0,0.0,0.0,0.0,0.0,0.0,0.0,0.0,0.0,0.0,0.0,0.0,0.0,0.0,0.0,0.0,1.0,0.5,1.0,0.0,0.0,0.0,0.0,0.0,0.0,0.25,0.0,1.0,0.0,0.0,0.0,0.0,1.0,0.0,0.75,0.0,0.0,0.0,0.0,0.0,0.0,1.0,0.0,0.0,0.0,0.6000000000000001,0.0,0.0,0.0,0.0,0.0,0.0,0.0,0.0,0.0,0.0,0.0,0.0,0.0,0.0,0.0,0.0,0.0,0.0,0.0,0.0,0.0,0.0,0.0,Aurélien Tchouaméni,0.0,0.0,0.0066666666666666,1.0,0.0,0.0,0.4559409307296223,0.972165991902834,0.948016415868673,0.7874015748031495,,0.0679086538461537,0.0,0.0,0.0,0.0,0.6,0.5625,0.0,0.0,0.0,0.0,0.0,0.0,0.0909090909090909,1.0,0.00528295,0.0039409399999999,0.2259259259259259,0.3333333333333333,0.0,0.0,0.0,0.0,0.3333333333333333,0.6,0.5787458745874587,0.0518518518518518,0.0,0.2592592592592592,0.3055555555555555,0.2592592592592592,0.0,0.0,0.0,0.0,0.0,0.0,0.0,0.0,0.0,0.1851851851851851,0.0,0.0,0.0,0.0,0.0,0.2222222222222222,0.3333333333333333,0.3137254901960784,0.3650793650793651,0.4210303747411443,0.4,0.5454545454545455,0.5454545454545455,0.6818181818181818,0.5454545454545455,0.2727272727272727,0.2727272727272727,1.0,0.5000000000000001,1.0,6.5,0.5433567463941181,0.629986544705447,0.006722545760826811,0.025191707861406152,0.15471623032932147,0.09746914335502131,0.55,0.13070369880631674,0.009718687162518735,0.28974101984045214,0.14,0.007594100375876979,0.04,0.002512472938700767,0.05,0.00613644045637402,0.8246235433483312,0.4384,0.36151496140390843,0.14905687422316308,0.04097193592744376,0.010056228445484705,0.8246235433483312,0.04510480061460542,0.0,0.0,0.0,0.32965567850984356,0.20767864184694604,0.172233331469589,0.10850468137563431,0.14375751783969157,0.0,0.0
0.2380487804878048,Rayan Cherki,19,France,MID,0.6226415094339622,playing,0.0967741935483871,0.144927536231884,1.0,4.0,0.1,0.0666666666666666,0.0952380952380952,0.0555555555555555,,Rayan Cherki,1.0,0.2899,0.1282,France,Morocco,True,Morocco,0.4859,0.493,0.7885,0.5882,0.4384,0.5616,0.2115,0.0,0.0,0.8,0.125,0.1270833333333333,0.0,0.0,0.0,0.0,0.1666666666666666,0.0,0.0555555555555555,0.0,0.0,0.0,0.0,0.0,0.0,0.0,0.0333333333333333,0.0,0.0,0.0,0.0,0.0,0.0,0.0,0.0,0.5,0.0,0.0,0.0,0.0,0.0,0.0,0.0,0.0,0.2444444444444444,0.0,0.0,0.0,0.0,0.0,0.0,1.0,0.0,0.0,0.0,0.2,0.5,0.0,0.0,0.0,0.0,0.0,0.2777777777777778,0.0,0.0,0.0,0.0,0.0,0.0,1.0,0.0,0.0,0.0,0.0,0.0,0.0,0.0,0.0,0.0,0.0,0.0416666666666666,0.0,0.0,0.0,0.0,0.0,0.0,1.0,0.0,0.0,0.0,0.0,0.0,0.0,0.0,0.0,0.0,0.0,0.05,0.0,0.0,0.0,0.0,0.0,0.0,1.0,0.0,0.0,0.0,0.0,0.0,0.0,0.0,0.0,0.0,Rayan Cherki,0.0,1.0,0.1265822784810126,1.0,0.0,0.0,0.4559409307296223,0.972165991902834,0.948016415868673,0.7874015748031495,,0.0679086538461537,0.0,0.0,0.0,0.0,0.12,0.1270833333333333,0.0,0.0,0.0,0.0,0.0,0.0,0.6818181818181818,0.3500000000000001,0.22858615,0.17051918,0.0,0.0,1.0,0.0,1.163360655737705,0.0,1.0,0.12,0.1157491749174917,0.1147540983606557,0.0,0.081967213114754,0.0,0.0819672131147541,1.0,0.0,1.0,0.0,0.0,0.0,0.0,0.0,0.0,0.0,0.0,0.0,0.0,0.0,0.0,0.0555555555555555,0.1025641025641025,0.0980392156862745,0.1031746031746031,0.0,0.05,0.7727272727272728,0.3636363636363636,0.3636363636363636,0.5454545454545455,0.2727272727272727,0.7272727272727273,0.3181818181818182,0.7000000000000001,1.0,8.0,0.41754954719580184,0.19285269205594074,0.3423494737940892,0.07813076123900532,0.906447030774798,0.17481075009103397,0.55,0.017178070832077723,0.008596592849177744,0.10277261948003717,0.14,0.0018187009526409816,0.04,0.0008117673229327255,0.05,0.001396270851828181,0.8246235433483312,0.4384,0.36151496140390843,0.14905687422316308,0.04097193592744376,0.010056228445484705,0.8246235433483312,0.04510480061460542,0.0,0.0,0.0,0.15823321647538277,0.030515701769948004,0.31562323995465985,0.060868791500674306,0.2469805984013731,0.0,0.0
0.2385365853658536,Michael Olise,19,France,MID,0.9056603773584904,playing,0.4838709677419354,0.4927536231884057,1.0,44.7,0.35,0.6,0.1428571428571428,0.5555555555555556,,Michael Olise,1.0,0.2899,0.1282,France,Morocco,True,Morocco,0.4859,0.493,0.7885,0.5882,0.4384,0.5616,0.2115,0.0,1.0,0.6000000000000001,0.25,0.8291666666666666,0.5,0.0,0.2941176470588235,0.0,0.8333333333333333,0.0,0.2777777777777778,0.0,0.0,0.0,0.0,0.0,0.0,0.0,1.0,1.0,0.0,0.0,0.0,0.0,0.0,0.0,0.0,0.5,0.0,0.3333333333333333,1.0,0.5,0.0,0.0,0.0,0.0,0.7555555555555555,1.0,0.0,0.0,0.0,0.0,0.0,1.0,0.0,0.0,0.0,0.2,0.5,0.0,0.0,0.0,0.0,0.0,0.7222222222222222,0.0,0.0,0.0,0.0,0.0,0.0,0.0,0.0,0.25,0.0,0.0,0.0,0.0,0.0,0.0,0.0,0.0,0.7083333333333334,1.0,0.0,0.0,0.0,0.0,0.0,1.0,0.0,0.0,0.0,0.2,1.0,0.5,0.0,0.0,0.0,0.0,0.75,0.0,1.0,0.0,0.0,0.0,0.0,1.0,0.0,0.0,0.0,0.2,0.0,0.0,0.0,0.0,0.0,Michael Olise,0.0,1.0,0.1265822784810126,1.0,0.0,0.0,0.4559409307296223,0.972165991902834,0.948016415868673,0.7874015748031495,,0.0679086538461537,0.0,0.0,0.0,0.0,0.8,0.8291666666666666,0.0,0.0,0.2010050251256281,0.0,0.0,0.0,0.6818181818181818,0.3500000000000001,0.22858615,0.17051918,0.7663316582914573,0.6666666666666666,0.7663316582914571,0.3,0.8915201005025125,0.0,0.6666666666666666,0.8,0.7716611661166116,0.0351758793969849,0.0,0.0628140703517587,0.0416666666666666,0.0628140703517587,0.7663316582914571,0.3,0.7663316582914571,0.2010050251256281,0.2375,0.2010050251256281,0.0,0.0,0.0,0.1256281407035176,0.0,0.0,0.0,0.0,0.0,0.5555555555555556,0.5641025641025642,0.5490196078431373,0.5793650793650794,0.4579769599064368,0.5,0.9090909090909092,0.8636363636363636,1.0,0.5454545454545455,0.9090909090909092,1.0,0.8181818181818182,1.0,0.0,9.5,0.8941512386806784,0.8688720972975056,0.3423494737940892,0.3822398502803659,1.3327648928449258,1.158002227650656,0.55,0.1168950149483964,0.06327094884872779,0.42560083780715136,0.14,0.009049756555230054,0.04,0.003465181359822283,0.05,0.00726899872724575,0.8246235433483312,0.4384,0.36151496140390843,0.14905687422316308,0.04097193592744376,0.010056228445484705,0.8246235433483312,0.04510480061460542,0.0,0.0,0.0,0.15434391297499575,0.13410511937168823,0.777908808829494,0.6759032582338868,0.3819895234004961,0.0,0.0
0.3595121951219512,Samir El Mourabet,29,Morocco,MID,0.0,playing,0.0967741935483871,0.144927536231884,1.0,0.1,0.1,0.0666666666666666,0.0952380952380952,0.0555555555555555,,Samir El Mourabet,1.0,0.1143,0.0455,France,Morocco,False,France,0.4859,0.493,0.5616,0.2817,0.2115,0.7885,0.4384,0.0,0.0,1.0,0.0,0.1604166666666666,0.0,0.0,0.0,0.0,0.0,0.0,0.0555555555555555,0.0,0.0,0.0,0.0,0.0,0.0,0.0,0.2777777777777778,0.0,0.0,0.0,0.0,0.0,0.0,1.0,0.0,0.0,0.0,0.0,0.0,0.0,0.0,0.0,0.0,0.0,0.0111111111111111,0.0,0.0,0.0,0.0,0.0,0.0,1.0,0.0,0.0,0.0,0.0,0.0,0.0,0.0,0.0,0.0,0.0,0.0777777777777777,0.0,0.0,0.0,0.0,0.0,0.0,1.0,0.0,0.0,0.0,0.125,0.0,0.0,0.0,0.0,0.0,0.0,0.3416666666666667,0.0,0.0,0.0,0.0,0.0,0.0,1.0,0.0,0.0,0.0,0.0,0.0,0.0,0.0,0.0,0.0,0.0,0.025,0.0,0.0,0.0,0.0,0.0,0.0,1.0,0.0,0.0,0.0,0.0,0.0,0.0,0.0,0.0,0.0,Samir El Mourabet,0.0,1.0,0.0454545454545454,1.0,0.0,0.0,0.4559409307296223,0.0679086538461537,0.0540452014412055,0.3333333333333333,,0.972165991902834,0.0,0.0,0.0,0.0,0.17,0.1604166666666666,0.0,0.0,0.0,0.0,0.0,0.0,0.5555555555555556,0.5111111111111112,0.0641908799999999,0.03219831,0.0,0.0,0.0,0.0,0.0,0.0,1.0,0.17,0.0791089108910891,0.0,0.0,0.0649350649350649,0.0980392156862745,0.0649350649350649,0.0,0.0,0.0,0.0,0.0,0.0,0.0,0.0,0.0,0.0,0.0,0.0,0.0,0.0,0.0,0.0555555555555555,0.1025641025641025,0.0980392156862745,0.1031746031746031,0.0,0.05,0.1666666666666666,0.3333333333333333,0.2222222222222222,0.5555555555555556,0.2777777777777777,0.3333333333333333,0.2777777777777777,0.1444444444444445,1.0,4.7,0.25059965768478465,0.21174175993523517,0.12137698616659968,0.028775035113090708,0.046182695259941356,0.009778805172892625,0.55,0.05625279064409072,0.002434802977265315,0.06633579238755179,0.14,0.005304815583875831,0.04,0.003969546596811952,0.05,0.002908231424554491,1.5535302804958044,0.2115,0.3285716543248626,0.25522300715313717,0.13216555663053195,0.07253978189146826,1.5535302804958044,0.956684426837069,0.0,0.0,0.0,0.34147122113409273,0.07230371733016666,0.1512822975717873,0.03203277993489619,0.12949384023445645,0.0,0.0
0.3634146341463414,Anass Salah-Eddine,29,Morocco,DEF,0.1599999999999999,playing,0.064516129032258,0.144927536231884,0.6000000000000001,0.1,0.1,0.0,0.0952380952380952,0.0555555555555555,,Anass Salah-Eddine,1.0,0.0556,0.0222,France,Morocco,False,France,0.4859,0.493,0.5616,0.2817,0.2115,0.7885,0.4384,0.0,0.0,0.4,0.25,0.2875,0.0,0.0,0.0,0.0,0.0,0.0,0.2222222222222222,0.0,0.0,0.0,0.0,0.0,0.0,0.0,0.1111111111111111,0.0,0.0,0.0,0.0,0.0,0.0,1.0,0.0,0.0,0.0,0.0,0.0,0.0,0.0,0.0,0.0,0.0,0.0,0.0,0.0,0.0,0.0,0.0,0.0,0.0,0.0,0.0,0.0,0.0,0.0,0.0,0.0,0.0,0.0,0.0,0.9222222222222224,0.0,0.0,0.0,0.0,0.0,0.0,0.0,0.0,0.5,0.0,0.25,0.0,0.0,0.0,0.0,0.0,0.0,0.375,0.0,0.0,0.0,0.0,0.0,0.0,1.0,0.0,0.0,0.0,0.4,0.0,0.0,0.0,0.0,0.0,0.0,0.0,0.0,0.0,0.0,0.0,0.0,0.0,0.0,0.0,0.0,0.0,0.0,0.0,0.0,0.0,0.0,0.0,,,1.0,0.02,1.0,0.0,0.0,0.4559409307296223,0.0679086538461537,0.0540452014412055,0.3333333333333333,,0.972165991902834,0.0,0.0,0.0,0.0,0.4266666666666666,0.2875,0.0,0.0,0.0,0.0,0.0,0.0,0.3125,0.7937500000000001,0.0312249599999999,0.01566252,0.0,0.0,0.0,0.0,0.0,0.0,0.3333333333333333,0.4266666666666666,0.1985478547854785,0.1014492753623188,-0.2886727487773317,0.144927536231884,0.15625,0.144927536231884,0.0,0.0,0.0,0.0,0.0,0.0,0.0,0.0,0.0,0.0,0.0,0.0,0.0,0.0,0.0,0.0555555555555555,0.0769230769230769,0.0784313725490196,0.0873015873015873,0.0637145189011829,0.05,0.4375,0.375,0.375,0.5625,0.4375,0.5,0.75,0.10625,1.0,3.9,0.42433564895745046,0.37733506259418553,0.05720547377077918,0.019999408549392958,0.045264076029167585,0.015371750665560532,0.45,0.10401810113697699,0.004306144924910493,0.08803027306518826,0.12,0.010251747920783054,0.08,0.006953884900980101,0.14,0.006263330125569694,1.5535302804958044,0.2115,0.3285716543248626,0.25522300715313717,0.13216555663053195,0.07253978189146826,1.5535302804958044,0.956684426837069,0.5862014456328469,0.0,0.0,0.41249566285355854,0.0,0.15968764724507226,0.0,0.13435458850015047,0.0,0.0
0.3653658536585366,Ayoub El Kaabi,29,Morocco,FWD,0.2923076923076924,playing,0.064516129032258,0.2898550724637681,0.2,0.1,0.05,0.0,0.1904761904761904,0.0,,Ayoub El Kaabi,1.0,0.2439,0.1053,France,Morocco,False,France,0.4859,0.493,0.5616,0.2817,0.2115,0.7885,0.4384,0.0,0.0,0.0,0.25,0.1458333333333333,0.0,0.0,0.1176470588235294,0.0,0.0,0.0,0.1666666666666666,0.0,0.0,0.0,0.0,0.0,0.0,0.0,0.0,0.0,0.0,0.0,0.0,0.0,0.0,0.0,0.0,0.0,0.0,0.0,0.0,0.0,0.0,0.0,0.0,0.0,0.0,0.0,0.0,0.0,0.0,0.0,0.0,0.0,0.0,0.0,0.0,0.0,0.0,0.0,0.0,0.0,0.0,0.0,0.7777777777777778,0.0,0.0,0.0,0.0,0.0,0.0,0.0,0.0,0.5,0.0,0.375,0.0,0.6666666666666666,0.0,0.0,0.0,0.0,0.0,0.0,0.0,0.0,0.0,0.0,0.0,0.0,0.0,0.0,0.0,0.0,0.0,0.0,0.0,0.0,0.0,0.0,0.0,0.0,0.0,0.0,0.0,0.0,0.0,0.0,0.0,0.0,0.0,0.0,0.0,0.0,0.0,0.0,0.0,,,1.0,0.1052631578947368,1.0,0.0,0.0,0.4559409307296223,0.0679086538461537,0.0540452014412055,0.3333333333333333,,0.972165991902834,0.0,0.0,0.0,0.0,0.2333333333333333,0.1458333333333333,0.0,0.0,0.4571428571428572,0.0,0.0,0.0,0.8333333333333334,0.2666666666666667,0.13697424,0.06870663,0.0,0.0,0.0,0.0,0.0,0.0,0.0,0.2333333333333333,0.1085808580858085,0.2,0.0,0.2142857142857142,0.2142857142857142,0.2142857142857143,0.0,0.0,0.0,0.4571428571428572,0.5428571428571429,0.4571428571428572,0.0,0.0,0.0,0.0,0.0,0.0,0.0,0.0,0.0,0.0,0.1025641025641025,0.0784313725490196,0.0952380952380952,0.1911435567035488,0.15,1.0,0.5,0.6666666666666666,0.5833333333333333,0.8333333333333334,0.4166666666666666,0.8333333333333334,0.5416666666666666,1.0,5.9,0.5713839816769324,0.2756285874095619,0.27958163641791284,0.08930065626141616,0.05254151058656392,0.014481942343339157,0.35,0.07800416555714851,0.004353792843972725,0.0,0.08,0.0074857830802003795,0.02,0.004841459827683066,0.01,0.004143449630030113,1.5535302804958044,0.2115,0.3285716543248626,0.25522300715313717,0.13216555663053195,0.07253978189146826,1.5535302804958044,0.956684426837069,0.0,0.0,0.0,0.4802776318259658,0.0,0.20956832461732758,0.0,0.41039338599071146,0.1131161492628469,0.0
0.3678048780487805,Gessime Yassine,29,Morocco,FWD,0.0,playing,0.1612903225806451,0.3985507246376811,0.4,0.3,0.05,0.0,0.4285714285714285,0.0555555555555555,,Gessime Yassine,1.0,0.1515,0.0645,France,Morocco,False,France,0.4859,0.493,0.5616,0.2817,0.2115,0.7885,0.4384,0.125,0.0,0.4,0.0,0.1270833333333333,0.0,0.0,0.0588235294117647,0.25,0.0,0.0,0.1666666666666666,0.0,0.0,0.0,0.0,0.0,0.0,0.0,0.0,0.0,0.0,0.0,0.0,0.0,0.0,0.0,0.0,0.0,0.0,0.0,0.0,0.0,0.0,0.0,0.0,0.0,0.0,0.0,0.0,0.0,0.0,0.0,0.0,0.0,0.0,0.0,0.0,0.0,0.0,0.0,0.0,0.0,0.0,0.0,0.2222222222222222,0.0,0.0,0.0,0.0,0.0,0.0,1.0,0.3333333333333333,0.0,0.0,0.125,0.0,0.3333333333333333,0.0,0.0,1.0,0.0,0.3416666666666667,0.0,0.0,0.0,0.0,0.0,0.0,1.0,0.0,0.0,0.0,0.4,0.0,0.0,0.0,0.0,0.0,0.0,0.0,0.0,0.0,0.0,0.0,0.0,0.0,0.0,0.0,0.0,0.0,0.0,0.0,0.0,0.0,0.0,0.0,Gessime Yassine,0.0,1.0,0.0625,1.0,0.0,0.0,0.4559409307296223,0.0679086538461537,0.0540452014412055,0.3333333333333333,,0.972165991902834,0.0,0.0,0.0,0.0,0.2033333333333333,0.1270833333333333,0.8401639344262295,0.0,0.2622950819672131,1.0,0.25,0.0,0.1666666666666666,1.0,0.0850824,0.04267755,0.0,0.0,0.0,0.0,0.0,0.0,0.6666666666666666,0.2033333333333333,0.0946204620462046,0.0,0.0,0.2459016393442623,0.2459016393442623,0.2459016393442623,0.0,0.0,0.0,0.2622950819672131,0.3114754098360656,0.2622950819672131,0.0,0.0,0.0,0.0,0.0,0.0,0.0,0.0,0.0,0.0555555555555555,0.2564102564102564,0.196078431372549,0.246031746031746,0.4921577137012236,0.4,0.1666666666666666,0.8333333333333334,0.5,0.5833333333333333,0.5833333333333333,0.4166666666666666,0.8333333333333334,0.8166666666666668,1.0,4.0,0.42464102143242777,0.3087168488327055,0.16428519430785601,0.07458976280553575,0.05099226210289846,0.015742170471258202,0.35,0.08980838882694685,0.0037412843633262446,0.0,0.08,0.008621409526983868,0.02,0.005700289645702206,0.01,0.004810395334784028,1.5535302804958044,0.2115,0.3285716543248626,0.25522300715313717,0.13216555663053195,0.07253978189146826,1.5535302804958044,0.956684426837069,0.0,0.0,0.0,0.514062071416061,0.0,0.15779481161735862,0.0,0.27371773417776324,0.08450127636498721,0.0
0.3726829268292683,Ismael Saibari,29,Morocco,MID,0.3962264150943396,playing,0.532258064516129,0.5362318840579711,1.0,20.9,0.55,0.7333333333333333,0.4285714285714285,0.1111111111111111,,,,0.0067,0.0067,France,Morocco,False,France,0.4859,0.493,0.5616,0.2817,0.2115,0.7885,0.4384,0.375,0.0,0.4,0.5,0.8020833333333334,0.0,0.0,0.1764705882352941,0.5,0.3333333333333333,0.0,0.1666666666666666,0.0,0.0,0.0,0.0,0.0,0.0,0.0,0.9888888888888888,0.0,0.0,0.0,0.0,0.0,0.0,0.0,0.3333333333333333,0.5,0.0,0.1666666666666666,0.0,0.25,0.0,0.0,1.0,0.0,0.9333333333333332,0.0,0.0,0.0,0.0,0.0,0.0,1.0,0.5,0.0,0.0,0.2,0.5,0.25,0.0,0.0,1.0,0.0,0.7777777777777778,0.0,0.0,0.0,0.0,0.0,0.0,0.0,0.3333333333333333,0.5,0.0,0.125,0.0,0.3333333333333333,0.0,0.0,0.0,0.0,1.0,0.0,0.0,0.0,0.0,0.0,0.0,0.0,0.0,0.5,0.0,0.0,0.5,0.0,0.0,0.0,0.0,0.0,0.1833333333333333,0.0,0.0,0.0,0.0,0.0,0.0,1.0,0.0,0.0,0.0,0.0,0.0,0.0,0.0,0.0,0.0,,,0.0,0.0066666666666666,1.0,0.0,0.0,0.4559409307296223,0.0679086538461537,0.0540452014412055,0.3333333333333333,,0.972165991902834,0.0,0.0,0.0,0.0,0.7066666666666668,0.8020833333333333,0.3993506493506493,0.0,0.1246753246753246,1.0,0.25,0.0,0.1111111111111111,1.0,0.00376272,0.00188739,0.0,0.0,0.3168831168831168,0.169811320754717,0.2625662337662338,0.0,0.3333333333333333,0.7066666666666668,0.3288448844884488,0.0727272727272727,0.0,0.0389610389610389,0.0235849056603773,0.0389610389610389,0.3168831168831168,0.169811320754717,0.3168831168831168,0.1246753246753246,0.0896226415094339,0.1246753246753246,0.0,0.0,0.0,0.0,0.0,0.0,0.0,0.0,0.0,0.1111111111111111,0.5641025641025642,0.6274509803921569,0.5317460317460317,0.5136828736901766,0.55,1.0,1.0,0.6666666666666667,0.5555555555555556,0.8888888888888888,0.7777777777777779,0.6111111111111112,1.0,0.0,6.8,0.7390911224078015,0.7923597220005564,0.006722545760826811,0.11118800147563154,0.23802290006081708,0.18859975892195524,0.55,0.20535860922654095,0.014861075898852254,0.1548889524432635,0.14,0.02243592851492588,0.04,0.013424276478421576,0.05,0.01323449573835928,1.5535302804958044,0.2115,0.3285716543248626,0.25522300715313717,0.13216555663053195,0.07253978189146826,1.5535302804958044,0.956684426837069,0.0,0.0,0.0,0.30804930943300046,0.2440858651847956,0.3420169069789557,0.2710004213333355,0.27371211515318433,0.0,0.0
0.3965853658536585,Sander Berge,32,Norway,MID,0.0,playing,0.1612903225806451,0.2391304347826087,0.8,0.6,0.15,0.1333333333333333,0.0476190476190476,0.1666666666666666,,Sander Berge,1.0,0.1111,0.0435,Norway,England,True,England,0.5627,0.5365,0.6592,0.3891,0.219,0.781,0.3408,0.0,0.0,0.0,0.625,0.75,0.0,0.0,0.0,0.0,0.0,0.0,0.3333333333333333,0.0,0.0,0.0,0.0,0.0,0.0,0.0,1.0,0.0,0.0,0.0,0.0,0.0,0.0,0.0,0.0,0.5,0.0,0.1666666666666666,0.0,0.0,0.0,0.0,0.0,0.0,1.0,0.0,0.0,0.0,0.0,0.0,0.0,0.0,0.0,1.0,0.0,0.2,0.0,0.0,0.0,0.0,0.0,0.0,0.0,0.0,0.0,0.0,0.0,0.0,0.0,0.0,0.0,0.0,0.0,0.0,0.0,0.0,0.0,0.0,0.0,0.0,0.75,0.0,0.0,0.0,0.0,0.0,0.0,0.0,0.0,0.5,0.0,0.8,0.0,0.0,0.0,0.0,0.0,0.0,0.75,0.0,0.0,0.0,0.0,0.0,0.0,0.0,0.0,0.5,0.0,0.0,0.0,0.0,0.0,0.0,0.0,Sander Berge,0.0,1.0,0.0416666666666666,0.0,0.6947162426614462,1.0,1.0,0.4441325098259403,0.367297077187585,0.4219409282700421,,0.9448160535117056,0.0,0.0,0.0,0.0,0.6,0.75,0.0,0.0,0.0,0.0,0.0,0.0,0.1,1.0,0.07323712,0.04322901,0.0,0.0,0.0,0.0,0.0,0.0,0.0,0.6,0.2891089108910891,0.0972222222222222,0.0,0.0833333333333333,0.1111111111111111,0.0833333333333333,0.0,0.0,0.0,0.0,0.0,0.0,0.0,0.0,0.0,0.0,0.0,0.0,0.0,0.0,0.0,0.1666666666666666,0.1538461538461538,0.1568627450980392,0.1666666666666666,0.1603446896089533,0.15,0.1,0.6,1.0,0.5499999999999999,0.2999999999999999,0.35,0.75,0.7250000000000001,1.0,4.7,0.7576796390037049,0.7953530817731491,0.11777053573450778,0.10763677298897929,0.07163422532722248,0.056974501874438574,0.55,0.21060674734165305,0.01007131814080506,0.13235327780028514,0.14,0.02261204294352924,0.04,0.012701943551143232,0.05,0.013516692989359855,1.5186835491656363,0.21899999999999997,0.33259169726727433,0.2525507696144435,0.12784823304752532,0.06800930007075678,1.5186835491656363,0.913104681031259,0.0,0.0,0.0,0.36039476173039,0.28664108439716546,0.1634487734333922,0.12999948566228972,0.13871049533938054,0.0,0.0
0.397560975609756,Oscar Bobb,32,Norway,MID,0.0754716981132074,playing,0.1451612903225806,0.1884057971014492,1.0,0.6,0.1,0.0666666666666666,0.238095238095238,0.0555555555555555,,Oscar Bobb,1.0,0.2041,0.0833,Norway,England,True,England,0.5627,0.5365,0.6592,0.3891,0.219,0.781,0.3408,0.0,0.0,0.2,0.75,0.3541666666666667,0.0,0.0,0.1176470588235294,0.0,0.0,0.0,0.2222222222222222,0.0,0.0,0.0,0.0,1.0,0.0,0.0,0.1888888888888888,0.0,0.0,0.0,0.0,0.0,0.0,1.0,0.0,0.0,0.0,0.1666666666666666,0.0,0.0,0.0,0.0,0.0,0.0,0.0666666666666666,0.0,0.0,0.0,0.0,0.0,0.0,0.0,0.0,0.5,0.0,0.0,0.0,0.25,0.0,0.0,0.0,0.0,0.9222222222222224,0.0,0.0,0.0,0.0,1.0,0.0,0.0,0.0,0.75,0.0,0.125,0.0,0.3333333333333333,0.0,0.0,0.0,0.0,0.1583333333333333,0.0,0.0,0.0,0.0,0.0,0.0,0.0,0.0,0.5,0.0,0.2,0.0,0.0,0.0,0.0,0.0,0.0,0.375,0.0,0.0,0.0,0.0,0.0,0.0,0.0,0.0,0.5,0.0,0.2,0.0,0.0,0.0,0.0,0.0,Oscar Bobb,0.0,1.0,0.08,0.0,0.6947162426614462,1.0,1.0,0.4441325098259403,0.367297077187585,0.4219409282700421,,0.9448160535117056,0.0,0.0,0.0,0.0,0.49,0.3541666666666666,0.0,0.0,0.188235294117647,0.0,0.0,0.0,0.75,0.285,0.13454272,0.07941531,0.0,0.0,0.0,0.0,0.0,0.0,0.0,0.49,0.236105610561056,0.2470588235294117,0.0,0.1176470588235294,0.1020408163265306,0.1176470588235294,0.0,0.0,0.0,0.188235294117647,0.1292517006802721,0.188235294117647,0.0,0.0,0.0,0.0,0.0,0.0,0.0,0.5294117647058824,1.0,0.0555555555555555,0.1794871794871795,0.1568627450980392,0.1746031746031746,0.1911435567035488,0.2,0.1999999999999999,0.4499999999999999,0.5,0.5499999999999999,0.95,0.35,0.6,0.7250000000000001,1.0,5.1,0.5492151291013335,0.44713581239443073,0.22828172917033332,0.11785989003573591,0.07273305978291844,0.03252155577396793,0.55,0.12223574171746353,0.010501260631253976,0.07120751896230938,0.14,0.011955572713065016,0.04,0.006931773356520013,0.05,0.006855953023301639,1.5186835491656363,0.21899999999999997,0.33259169726727433,0.2525507696144435,0.12784823304752532,0.06800930007075678,1.5186835491656363,0.913104681031259,0.0,0.0,0.0,0.38330548719835045,0.1713896104136775,0.18908900819766167,0.08454846729531862,0.2504499027725804,0.0,0.0
0.3980487804878048,Morten Thorsby,32,Norway,MID,0.1698113207547168,playing,0.032258064516129,0.144927536231884,0.2,0.0,0.05,0.0,0.0952380952380952,0.0,,Morten Thorsby,1.0,0.1493,0.0588,Norway,England,True,England,0.5627,0.5365,0.6592,0.3891,0.219,0.781,0.3408,0.0,0.0,0.0,0.125,0.09375,0.0,0.0,0.0,0.0,0.0,0.0,0.0555555555555555,0.0,0.0,0.0,0.0,0.0,0.0,0.0,0.0,0.0,0.0,0.0,0.0,0.0,0.0,0.0,0.0,0.0,0.0,0.0,0.0,0.0,0.0,0.0,0.0,0.0,0.0,0.0,0.0,0.0,0.0,0.0,0.0,0.0,0.0,0.0,0.0,0.0,0.0,0.0,0.0,0.0,0.0,0.0,0.5,0.0,0.0,0.0,0.0,0.0,0.0,0.0,0.0,0.25,0.0,0.125,0.0,0.0,0.0,0.0,0.0,0.0,0.0,0.0,0.0,0.0,0.0,0.0,0.0,0.0,0.0,0.0,0.0,0.0,0.0,0.0,0.0,0.0,0.0,0.0,0.0,0.0,0.0,0.0,0.0,0.0,0.0,0.0,0.0,0.0,0.0,0.0,0.0,0.0,0.0,0.0,0.0,Morten Thorsby,0.0,1.0,0.0571428571428571,0.0,0.6947162426614462,1.0,1.0,0.4441325098259403,0.367297077187585,0.4219409282700421,,0.9448160535117056,0.0,0.0,0.0,0.0,0.15,0.09375,0.0,0.0,0.0,0.0,0.0,0.0,0.4,0.67,0.0984185599999999,0.0580926299999999,0.0,0.0,0.0,0.0,0.0,0.0,0.0,0.15,0.0722772277227722,0.1555555555555555,0.0,0.1111111111111111,0.1111111111111111,0.1111111111111111,0.0,0.0,0.0,0.0,0.0,0.0,0.0,0.0,0.0,0.0,0.0,0.0,0.0,0.0,0.0,0.0,0.0512820512820512,0.0392156862745098,0.0476190476190476,0.0637145189011829,0.05,0.4499999999999999,0.15,0.1999999999999999,0.5499999999999999,0.2999999999999999,0.35,0.1999999999999999,0.065,1.0,5.6,0.25450081549996906,0.14540247998921116,0.16169573900029838,0.0274948870985213,0.06306173341605378,0.00916933243111273,0.55,0.03951181363972895,0.0021022076757062883,0.03466848031861289,0.14,0.003587170240589615,0.04,0.00259003482235333,0.05,0.0019720933129304297,1.5186835491656363,0.21899999999999997,0.33259169726727433,0.2525507696144435,0.12784823304752532,0.06800930007075678,1.5186835491656363,0.913104681031259,0.0,0.0,0.0,0.3805109556397595,0.055327236613085744,0.19055673144428503,0.02770742133063714,0.16740275607662777,0.0,0.0
0.3985365853658536,Patrick Berg,32,Norway,MID,0.1698113207547168,playing,0.3064516129032257,0.3333333333333333,1.0,0.4,0.1,0.2666666666666666,0.0952380952380952,0.5,,Patrick Berg,1.0,0.1212,0.0455,Norway,England,True,England,0.5627,0.5365,0.6592,0.3891,0.219,0.781,0.3408,0.0,0.4,0.2,1.0,0.675,0.5,0.0,0.0,0.25,0.5,0.0,0.3888888888888888,0.0,0.0,0.0,0.0,0.0,0.0,0.0,0.1,0.0,0.0,0.0,0.0,0.0,0.0,1.0,0.0,0.0,0.0,0.1666666666666666,0.0,0.0,0.0,0.0,0.0,0.0,0.5,0.5,0.0,0.0,0.0,0.0,0.0,0.0,0.0,1.0,0.0,0.0,0.5,0.0,0.0,0.0,0.0,0.0,1.0,0.0,1.0,0.0,0.0,0.0,0.0,0.0,0.0,1.0,0.0,0.0,0.0,0.0,0.0,0.0,0.0,0.0,0.75,0.5,0.0,0.0,0.0,0.0,0.0,0.0,0.0,0.5,0.0,0.6000000000000001,1.0,0.0,0.0,0.0,1.0,0.0,0.75,0.0,0.0,0.0,0.0,0.0,0.0,0.0,0.0,0.5,0.0,0.6000000000000001,0.0,0.0,0.0,0.0,0.0,,,1.0,0.0454545454545454,0.0,0.6947162426614462,1.0,1.0,0.4441325098259403,0.367297077187585,0.4219409282700421,,0.9448160535117056,0.0,0.0,0.0,0.0,0.9,0.6749999999999999,0.0,0.0,0.0,0.0,0.0,0.0,0.25,0.8350000000000001,0.07989504,0.04715892,0.3765432098765432,0.3333333333333333,0.5648148148148148,0.2666666666666666,0.5493333333333333,0.0,0.0,0.9,0.4336633663366336,0.1728395061728395,0.0,0.1080246913580246,0.1111111111111111,0.1080246913580246,0.5648148148148148,0.2666666666666666,0.5648148148148148,0.0,0.0,0.0,0.0,0.0,0.0,0.154320987654321,0.0,0.0,0.0,0.0,0.0,0.5,0.3846153846153847,0.3137254901960784,0.4047619047619047,0.4810340688268602,0.45,0.4499999999999999,0.9,0.7999999999999999,0.5499999999999999,0.2999999999999999,1.0,0.9,0.56,1.0,5.6,0.8047105766252601,0.8442899034235032,0.12919793847168187,0.13084158604918292,0.6005878481420166,0.5070702563051528,0.55,0.28089337536642695,0.02371142559369014,0.11092395002556009,0.14,0.02587190087230848,0.04,0.01229743928629801,0.05,0.01601252314956756,1.5186835491656363,0.21899999999999997,0.33259169726727433,0.2525507696144435,0.12784823304752532,0.06800930007075678,1.5186835491656363,0.913104681031259,0.0,0.0,0.0,0.37825573521810135,0.31935749815667697,0.44777695994946803,0.3780535662710062,0.16078059665707858,0.0,0.0
0.3990243902439024,Kristoffer Ajer,32,Norway,DEF,0.3199999999999998,playing,0.1129032258064516,0.1811594202898551,0.8,0.5,0.15,0.0666666666666666,0.0476190476190476,0.1111111111111111,,Kristoffer Ajer,1.0,0.0645,0.025,Norway,England,True,England,0.5627,0.5365,0.6592,0.3891,0.219,0.781,0.3408,0.0,0.0,0.0,0.625,0.75,0.0,0.0,0.0588235294117647,0.0,0.1666666666666666,0.0,0.4444444444444444,0.0,0.0,0.0,1.0,0.0,0.0,0.0,1.0,0.0,0.0,0.0,0.0,0.0,0.0,0.0,0.0,0.5,0.0,0.1666666666666666,0.0,0.0,0.0,0.0,0.0,0.0,1.0,0.0,0.0,0.0,0.0,0.0,0.0,0.0,0.0,1.0,0.0,0.6000000000000001,0.0,0.25,0.0,0.0,0.0,0.0,0.0,0.0,0.0,0.0,0.0,0.0,0.0,0.0,0.0,0.0,0.0,0.0,0.0,0.0,0.0,0.0,0.0,0.0,0.75,0.0,0.0,0.0,0.0,0.0,0.0,0.0,0.0,0.5,0.0,0.6000000000000001,0.0,0.0,0.0,0.0,0.0,0.0,0.75,0.0,0.0,0.0,0.0,0.0,1.0,0.0,0.0,0.5,0.0,0.2,0.5,0.0,0.0,0.0,0.0,Kristoffer Ajer,0.0,1.0,0.0222222222222222,0.0,0.6947162426614462,1.0,1.0,0.4441325098259403,0.367297077187585,0.4219409282700421,,0.9448160535117056,0.0,0.0,0.0,0.0,0.6,0.75,0.0,0.0,0.0444444444444444,0.0,0.0,0.0,0.1666666666666666,0.938888888888889,0.0425184,0.02509695,0.0,0.0,0.1694444444444444,0.2,0.1648,0.0,0.0,0.6,0.2891089108910891,0.0972222222222222,-0.5837964703415428,0.1111111111111111,0.1111111111111111,0.1111111111111111,0.1694444444444444,0.2,0.1694444444444444,0.0444444444444444,0.0,0.0444444444444444,0.0,0.0,0.0,0.0,0.0,0.3166666666666666,0.0,0.0,0.0,0.1111111111111111,0.1025641025641025,0.1176470588235294,0.119047619047619,0.1220040151072922,0.1,1.0,0.4444444444444445,1.0,0.5555555555555556,0.8333333333333333,0.8888888888888888,1.0,0.6333333333333335,1.0,4.3,0.8361696387766411,0.791391472673955,0.06667413326799275,0.055670293263714046,0.16093694801835545,0.11462771546990827,0.45,0.207139586332418,0.013745924566000997,0.13169403354555384,0.12,0.022604218344976626,0.08,0.013110053399391227,0.14,0.017427534518623063,1.5186835491656363,0.21899999999999997,0.33259169726727433,0.2525507696144435,0.12784823304752532,0.06800930007075678,1.5186835491656363,0.913104681031259,1.2018732104999017,0.0,0.0,0.3805109556397595,0.0,0.3112464328691826,0.0,0.1836290778938976,0.0,0.0
0.3995121951219512,Julian Ryerson,32,Norway,DEF,0.28,playing,0.2096774193548387,0.3623188405797101,0.6000000000000001,2.6,0.15,0.0666666666666666,0.0476190476190476,0.0,,Julian Ryerson,1.0,0.0833,0.0312,Norway,England,True,England,0.5627,0.5365,0.6592,0.3891,0.219,0.781,0.3408,0.0,0.0,0.4,0.125,0.3458333333333333,0.0,0.0,0.0,0.25,0.1666666666666666,0.0,0.3888888888888888,0.0,0.0,0.0,0.0,0.0,0.0,0.0,1.0,0.0,0.0,0.0,0.0,0.0,0.0,0.0,0.0,0.5,0.0,0.6666666666666666,0.0,0.0,0.0,0.0,0.0,0.0,0.1444444444444444,0.0,0.0,0.0,0.0,0.0,0.0,1.0,0.0,0.0,0.0,0.2,0.5,0.0,0.0,0.0,0.0,0.0,0.0,0.0,0.0,0.0,0.0,0.0,0.0,0.0,0.0,0.0,0.0,0.0,0.0,0.0,0.0,0.0,0.0,0.0,0.0,0.0,0.0,0.0,0.0,0.0,0.0,0.0,0.0,0.0,0.0,0.0,0.0,0.0,0.0,0.0,0.0,0.0,0.525,0.0,0.0,0.0,0.0,0.0,0.0,1.0,0.0,0.0,0.0,0.4,0.0,0.0,0.0,0.0,1.0,Julian Ryerson,0.0,1.0,0.03125,0.0,0.6947162426614462,1.0,1.0,0.4441325098259403,0.367297077187585,0.4219409282700421,,0.9448160535117056,0.0,0.0,0.0,0.0,0.21,0.3458333333333333,0.0,0.0,0.0,0.0,0.0,0.0,0.6111111111111112,0.45,0.05491136,0.03241203,0.0,0.0,0.3674698795180722,0.0,0.3573975903614457,0.0,0.3333333333333333,0.21,0.1011881188118811,0.0421686746987951,-0.22643206147545597,0.2108433734939759,0.1587301587301587,0.2108433734939759,0.3674698795180722,0.0,0.3674698795180722,0.0,0.0,0.0,0.0,0.0,0.0,0.0,0.0,0.0,0.0,0.0,0.0,0.0,0.0512820512820512,0.0784313725490196,0.0555555555555555,0.1220040151072922,0.1,0.8888888888888888,0.7777777777777779,0.5555555555555556,0.5555555555555556,0.3333333333333333,0.8888888888888888,0.8888888888888888,1.0,1.0,4.2,0.6040813228693781,0.3069501302171697,0.08697501401440717,0.024837709387394345,0.280486305126077,0.07748577709432392,0.45,0.08799463822846153,0.0058771215702412526,0.08008305444402414,0.12,0.008310472461532362,0.08,0.005643938799756503,0.14,0.0050985886506742665,1.5186835491656363,0.21899999999999997,0.33259169726727433,0.2525507696144435,0.12784823304752532,0.06800930007075678,1.5186835491656363,0.913104681031259,0.4661601131750655,0.0,0.0,0.4676015768228815,0.0,0.2437119717551255,0.0,0.16482747449137378,0.0,0.0
0.3999999999999999,Marcus Pedersen,32,Norway,DEF,0.2399999999999997,playing,0.2258064516129032,0.3840579710144927,0.6000000000000001,0.2,0.05,0.6666666666666666,0.0952380952380952,0.1111111111111111,,Marcus Pedersen,1.0,0.093,0.0357,Norway,England,True,England,0.5627,0.5365,0.6592,0.3891,0.219,0.781,0.3408,0.125,0.0,0.0,0.5,0.4270833333333333,0.0,0.0,0.0588235294117647,0.25,0.0,0.0,0.0555555555555555,0.0,0.0,0.0,0.0,0.0,0.0,0.0,0.0,0.0,0.0,0.0,0.0,0.0,0.0,0.0,0.0,0.0,0.0,0.0,0.0,0.0,0.0,0.0,0.0,0.0,0.8555555555555556,0.0,0.0,0.0,0.0,0.0,0.0,0.0,0.5,1.0,0.0,0.0,0.0,0.25,0.0,0.0,1.0,0.0,0.5,0.0,0.0,0.0,0.0,0.0,0.0,0.0,0.0,0.25,0.0,0.125,0.0,0.0,0.0,0.0,0.0,0.0,0.6916666666666667,0.0,0.0,0.0,0.0,0.0,0.0,0.0,0.0,0.5,0.0,0.0,0.0,0.0,0.0,0.0,0.0,0.0,0.0,0.0,0.0,0.0,0.0,0.0,0.0,0.0,0.0,0.0,0.0,0.0,0.0,0.0,0.0,0.0,0.0,Marcus Pedersen,0.0,1.0,0.0333333333333333,0.0,0.6947162426614462,1.0,1.0,0.4441325098259403,0.367297077187585,0.4219409282700421,,0.9448160535117056,0.0,0.0,0.0,0.0,0.4266666666666666,0.4270833333333333,0.25,0.0,0.0780487804878048,1.0,0.0,0.0,0.8333333333333333,0.2055555555555555,0.0613056,0.0361863,0.0,0.0,0.0,0.0,0.0,0.0,0.0,0.4266666666666666,0.2055885588558855,0.1365853658536585,-0.3985077393609577,0.024390243902439,0.0390625,0.024390243902439,0.0,0.0,0.0,0.0780487804878048,0.0,0.0780487804878048,0.0,0.0,0.0,0.0,0.0,0.0,0.0,0.0,0.0,0.1111111111111111,0.358974358974359,0.2745098039215686,0.2698412698412698,0.5827934224122956,0.5,0.7222222222222223,0.8888888888888888,0.6666666666666667,0.5555555555555556,0.8333333333333333,0.3888888888888889,0.3888888888888889,0.0833333333333333,1.0,4.1,0.5694440695960465,0.540215028262042,0.09761282886700041,0.05601476906599041,0.06610398787516901,0.0321393309103963,0.45,0.12968443655661185,0.0074601937604104876,0.09864573173276177,0.12,0.013709280395210858,0.08,0.009198679175564432,0.14,0.008506978068274374,1.5186835491656363,0.21899999999999997,0.33259169726727433,0.2525507696144435,0.12784823304752532,0.06800930007075678,1.5186835491656363,0.913104681031259,0.8204156764336126,0.0,0.0,0.30424542265952476,0.0,0.18883270840961194,0.0,0.2181150568740067,0.0,0.0
0.4004878048780487,Leo Østigård,32,Norway,DEF,0.2399999999999997,playing,0.1774193548387097,0.2536231884057971,0.8,0.6,0.55,0.0666666666666666,0.0,0.0,,Leo Skiri Ostigard,0.0,0.0645,0.025,Norway,England,True,England,0.5627,0.5365,0.6592,0.3891,0.219,0.781,0.3408,0.125,0.0,0.2,0.75,0.2375,0.0,0.0,0.0588235294117647,0.25,0.0,0.0,0.1666666666666666,0.0,0.0,0.0,1.0,0.0,0.0,0.0,0.1888888888888888,0.0,0.0,0.0,0.0,0.0,0.0,1.0,0.3333333333333333,0.0,0.0,0.0,0.0,0.25,0.0,0.0,1.0,0.0,0.0666666666666666,0.0,0.0,0.0,0.0,0.0,0.0,0.0,0.0,0.5,0.0,0.2,0.0,0.0,0.0,0.0,0.0,0.0,1.0,0.0,0.0,0.0,0.0,0.0,0.0,0.0,0.0,1.0,0.0,0.25,0.0,0.0,0.0,0.0,0.0,0.0,0.0,0.0,0.0,0.0,0.0,0.0,0.0,0.0,0.0,0.0,0.0,0.0,0.0,0.0,0.0,0.0,0.0,0.0,0.0083333333333333,0.0,0.0,0.0,0.0,0.0,1.0,0.0,0.0,0.5,0.0,0.0,0.0,0.0,0.0,0.0,0.0,,,1.0,0.0222222222222222,0.0,0.6947162426614462,1.0,1.0,0.4441325098259403,0.367297077187585,0.4219409282700421,,0.9448160535117056,0.0,0.0,0.0,0.0,0.3033333333333333,0.2375,0.4495614035087719,0.0,0.1403508771929824,1.0,0.0,0.0,0.1666666666666666,0.938888888888889,0.0425184,0.02509695,0.0,0.0,0.0,0.0,0.0,0.0,0.0,0.3033333333333333,0.1461606160616061,0.3684210526315789,-0.21486112257480905,0.131578947368421,0.1098901098901098,0.131578947368421,0.0,0.0,0.0,0.1403508771929824,0.0,0.1403508771929824,0.0,0.0,0.0,0.0,0.0,1.0,0.0,0.0,0.0,0.0,0.0256410256410256,0.2156862745098039,0.0952380952380952,0.6455845658505254,0.5,0.7222222222222223,0.6666666666666667,0.4444444444444445,0.5555555555555556,0.8333333333333333,0.3888888888888889,0.5555555555555556,0.7555555555555558,1.0,4.1,0.5293412500457857,0.2912646253503005,0.06667413326799275,0.02357781993994612,0.06264461650128716,0.016421544679914593,0.45,0.07772628011328332,0.003865109996075445,0.0463846347301431,0.12,0.0074770617700832594,0.08,0.0046895988206151935,0.14,0.007904689479449285,1.5186835491656363,0.21899999999999997,0.33259169726727433,0.2525507696144435,0.12784823304752532,0.06800930007075678,1.5186835491656363,0.913104681031259,0.44233879497339373,0.0,0.0,0.39532473440697913,0.0,0.18368248243329607,0.0,0.23834958808522494,0.0,0.0
0.4009756097560975,David Møller Wolfe,32,Norway,DEF,0.1999999999999999,playing,0.3225806451612903,0.4202898550724637,0.8,1.2,0.4,0.0666666666666666,0.0476190476190476,0.1111111111111111,,David Möller Wolfe,0.8816326530612244,0.0833,0.0312,Norway,England,True,England,0.5627,0.5365,0.6592,0.3891,0.219,0.781,0.3408,0.0,0.2,0.2,0.5,0.7125,0.0,0.0,0.0,0.5,0.1666666666666666,0.0,0.2777777777777778,0.0,0.0,0.0,0.0,0.0,0.0,0.0,0.8111111111111111,1.0,0.0,0.0,0.0,0.0,0.0,0.0,0.0,0.5,0.0,0.1666666666666666,0.5,0.0,0.0,0.0,1.0,0.0,1.0,0.0,0.0,0.0,0.0,0.0,0.0,0.0,0.0,1.0,0.0,0.2,0.0,0.0,0.0,0.0,0.0,0.0,0.0,0.0,0.0,0.0,0.0,0.0,0.0,0.0,0.0,0.0,0.0,0.0,0.0,0.0,0.0,0.0,0.0,0.0,0.75,0.0,0.0,0.0,0.0,0.0,0.0,0.0,0.0,0.5,0.0,0.2,0.0,0.0,0.0,0.0,0.0,0.0,0.7416666666666667,0.0,0.0,0.0,0.0,0.0,0.0,1.0,0.0,0.0,0.0,0.4,0.0,0.0,0.0,0.0,1.0,David Møller Wolfe,0.0,1.0,0.03125,0.0,0.6947162426614462,1.0,1.0,0.4441325098259403,0.367297077187585,0.4219409282700421,,0.9448160535117056,0.0,0.0,0.0,0.0,0.5966666666666667,0.7125,0.0,0.0,0.0,0.0,0.0,0.0,0.6111111111111112,0.45,0.05491136,0.03241203,0.1783625730994152,0.0,0.1783625730994151,0.0,0.1734736842105263,0.0,0.3333333333333333,0.5966666666666667,0.2875027502750275,0.0818713450292397,-0.5624144680957206,0.0730994152046783,0.0837988826815642,0.0730994152046783,0.1783625730994151,0.0,0.1783625730994151,0.0,0.0,0.0,0.0,0.0,0.0,0.0,0.0,0.0,0.0,0.0,0.0,0.1111111111111111,0.1025641025641025,0.2156862745098039,0.1587301587301587,0.3961929793176835,0.35,0.4444444444444445,1.0,0.7777777777777779,0.5555555555555556,0.3333333333333333,0.8888888888888888,0.6666666666666667,0.8777777777777779,1.0,4.0,0.7593586722969771,0.7624061411317151,0.08697501401440717,0.059770914843987895,0.22484454135791793,0.1542805732180985,0.45,0.19230784940465426,0.012915564700814763,0.14617707804108607,0.12,0.021051855816492993,0.08,0.012982107358829134,0.14,0.013477489259303817,1.5186835491656363,0.21899999999999997,0.33259169726727433,0.2525507696144435,0.12784823304752532,0.06800930007075678,1.5186835491656363,0.913104681031259,1.15785366431959,0.0,0.0,0.34726965856795333,0.0,0.2335559055504119,0.0,0.1554381749601967,0.0,0.0
0.4014634146341463,Fredrik Bjørkan,32,Norway,DEF,0.1999999999999999,playing,0.0,0.0,0.2,0.3,0.05,0.0,0.0,0.0,,Fredrik Andre Bjorkan,0.1714285714285717,0.093,0.0357,Norway,England,True,England,0.5627,0.5365,0.6592,0.3891,0.219,0.781,0.3408,0.0,0.0,0.0,0.375,0.09375,0.0,0.0,0.0,0.0,0.0,0.0,0.0555555555555555,0.0,0.0,0.0,0.0,0.0,0.0,0.0,0.0,0.0,0.0,0.0,0.0,0.0,0.0,0.0,0.0,0.0,0.0,0.0,0.0,0.0,0.0,0.0,0.0,0.0,0.0,0.0,0.0,0.0,0.0,0.0,0.0,0.0,0.0,0.0,0.0,0.0,0.0,0.0,0.0,0.0,0.0,0.0,0.5,0.0,0.0,0.0,0.0,0.0,0.0,0.0,0.0,0.75,0.0,0.125,0.0,0.0,0.0,0.0,0.0,0.0,0.0,0.0,0.0,0.0,0.0,0.0,0.0,0.0,0.0,0.0,0.0,0.0,0.0,0.0,0.0,0.0,0.0,0.0,0.0,0.0,0.0,0.0,0.0,0.0,0.0,0.0,0.0,0.0,0.0,0.0,0.0,0.0,0.0,0.0,0.0,,,1.0,0.0333333333333333,0.0,0.6947162426614462,1.0,1.0,0.4441325098259403,0.367297077187585,0.4219409282700421,,0.9448160535117056,0.0,0.0,0.0,0.0,0.15,0.09375,0.0,0.0,0.0,0.0,0.0,0.0,0.8333333333333333,0.2055555555555555,0.0613056,0.0361863,0.0,0.0,0.0,0.0,0.0,0.0,0.0,0.15,0.0722772277227722,0.4666666666666667,-0.11696939736183128,0.1111111111111111,0.1111111111111111,0.1111111111111111,0.0,0.0,0.0,0.0,0.0,0.0,0.0,0.0,0.0,0.0,0.0,0.0,0.0,0.0,0.0,0.0,0.0,0.0,0.0,0.0637145189011829,0.0,0.4444444444444445,0.1111111111111111,0.2222222222222222,0.5555555555555556,0.3333333333333333,0.3888888888888889,0.3888888888888889,0.3277777777777778,1.0,4.0,0.2913678508932461,0.15856310947171126,0.09761282886700041,0.013670760960545057,0.06159041890038919,0.00878937150105987,0.45,0.04150246500960701,0.002149284492049369,0.03171247883564601,0.12,0.0038897581184370133,0.08,0.002772620180009434,0.14,0.0023227442293901005,1.5186835491656363,0.21899999999999997,0.33259169726727433,0.2525507696144435,0.12784823304752532,0.06800930007075678,1.5186835491656363,0.913104681031259,0.24080718585923777,0.0,0.0,0.3805109556397595,0.0,0.18401298645493303,0.0,0.15770699603003552,0.0,0.0
0.4019512195121951,Torbjørn Heggem,32,Norway,DEF,0.08,playing,0.1451612903225806,0.2173913043478261,0.8,0.3,0.15,0.1333333333333333,0.0476190476190476,0.1111111111111111,,Torbjorn Heggem,0.8571428571428577,0.069,0.027,Norway,England,True,England,0.5627,0.5365,0.6592,0.3891,0.219,0.781,0.3408,0.0,0.0,0.0,0.5,0.7375,0.0,0.0,0.0588235294117647,0.0,0.0,0.0,0.3333333333333333,0.0,0.0,0.0,0.0,0.0,0.0,0.0,1.0,0.0,0.0,0.0,0.0,0.0,0.0,0.0,0.0,0.5,0.0,0.1666666666666666,0.0,0.0,0.0,0.0,0.0,0.0,0.9333333333333332,0.0,0.0,0.0,0.0,0.0,0.0,0.0,0.0,0.5,0.0,0.4,0.0,0.0,0.0,0.0,0.0,0.0,0.0,0.0,0.0,0.0,0.0,0.0,0.0,0.0,0.0,0.0,0.0,0.0,0.0,0.0,0.0,0.0,0.0,0.0,0.75,0.0,0.0,0.0,0.0,0.0,0.0,0.0,0.0,0.5,0.0,0.2,0.0,0.1666666666666666,0.0,0.0,0.0,0.0,0.75,0.0,0.0,0.0,0.0,0.0,0.0,0.0,0.0,0.5,0.0,0.4,0.0,0.0,0.0,0.0,0.0,Torbjørn Heggem,0.0,1.0,0.025,0.0,0.6947162426614462,1.0,1.0,0.4441325098259403,0.367297077187585,0.4219409282700421,,0.9448160535117056,0.0,0.0,0.0,0.0,0.6,0.7374999999999999,0.0,0.0,0.0451977401129943,0.0,0.0,0.0,0.3888888888888889,0.6944444444444445,0.0454848,0.0268479,0.0,0.0,0.0,0.0,0.0,0.0,0.0,0.6,0.2891089108910891,0.0790960451977401,-0.5576266393372626,0.0847457627118644,0.0833333333333333,0.0847457627118644,0.0,0.0,0.0,0.0451977401129943,0.1055555555555555,0.0451977401129943,0.0,0.0,0.0,0.0,0.0,0.0,0.0,0.0,0.0,0.1111111111111111,0.1282051282051282,0.1372549019607843,0.1349206349206349,0.1274290378023659,0.1,0.2222222222222222,0.5555555555555556,0.8888888888888888,0.5555555555555556,0.8333333333333333,0.3888888888888889,0.7777777777777779,0.3277777777777778,1.0,3.7,0.6982896773490691,0.7559157852550343,0.07149600170506992,0.050139059918685495,0.06547646058994908,0.0445452211103145,0.45,0.19287164908069318,0.009366461181801344,0.13803367522877844,0.12,0.021015566064014356,0.08,0.01287159080834201,0.14,0.013464229786884198,1.5186835491656363,0.21899999999999997,0.33259169726727433,0.2525507696144435,0.12784823304752532,0.06800930007075678,1.5186835491656363,0.913104681031259,1.1479968676214445,0.0,0.0,0.35544510551529684,0.0,0.16543494163753095,0.0,0.15655932215809204,0.0,0.0
0.4029268292682926,Henrik Falchener,32,Norway,DEF,0.0,playing,0.0161290322580645,0.072463768115942,0.2,0.4,0.05,0.0,0.0476190476190476,0.0,,Henrik Falchener,1.0,0.1053,0.04,Norway,England,True,England,0.5627,0.5365,0.6592,0.3891,0.219,0.781,0.3408,0.0,0.0,0.0,0.375,0.1375,0.0,0.0,0.0,0.0,0.0,0.0,0.0,0.0,0.0,0.0,0.0,0.0,0.0,0.0,0.0,0.0,0.0,0.0,0.0,0.0,0.0,0.0,0.0,0.0,0.0,0.0,0.0,0.0,0.0,0.0,0.0,0.0,0.0,0.0,0.0,0.0,0.0,0.0,0.0,0.0,0.0,0.0,0.0,0.0,0.0,0.0,0.0,0.0,0.0,0.0,0.7333333333333334,0.0,0.0,0.0,0.0,0.0,0.0,0.0,0.0,0.75,0.0,0.0,0.0,0.0,0.0,0.0,0.0,0.0,0.0,0.0,0.0,0.0,0.0,0.0,0.0,0.0,0.0,0.0,0.0,0.0,0.0,0.0,0.0,0.0,0.0,0.0,0.0,0.0,0.0,0.0,0.0,0.0,0.0,0.0,0.0,0.0,0.0,0.0,0.0,0.0,0.0,0.0,0.0,,,1.0,0.0384615384615384,0.0,0.6947162426614462,1.0,1.0,0.4441325098259403,0.367297077187585,0.4219409282700421,,0.9448160535117056,0.0,0.0,0.0,0.0,0.22,0.1374999999999999,0.0,0.0,0.0,0.0,0.0,0.0,1.0,0.0222222222222222,0.06941376,0.04097223,0.0,0.0,0.0,0.0,0.0,0.0,0.0,0.22,0.106006600660066,0.3181818181818182,-0.15458851545036922,0.0,0.0,0.0,0.0,0.0,0.0,0.0,0.0,0.0,0.0,0.0,0.0,0.0,0.0,0.0,0.0,0.0,0.0,0.0,0.0256410256410256,0.0196078431372549,0.0238095238095238,0.0,0.0,0.1111111111111111,0.2222222222222222,0.3333333333333333,0.5555555555555556,0.3333333333333333,0.3888888888888889,0.1666666666666666,0.5111111111111112,1.0,3.5,0.32867881372569197,0.20955939118503858,0.1112668124285867,0.018850329762963434,0.062141431628349245,0.011720088521463213,0.45,0.04902918799447951,0.0026320453142699087,0.041911689168482334,0.12,0.004859384568380024,0.08,0.0036643365461610637,0.14,0.002897727362690551,1.5186835491656363,0.21899999999999997,0.33259169726727433,0.2525507696144435,0.12784823304752532,0.06800930007075678,1.5186835491656363,0.913104681031259,0.31825439996588434,0.0,0.0,0.28006542245497085,0.0,0.162424816279504,0.0,0.13737878435341636,0.0,0.0
0.4034146341463414,Erling Haaland,32,Norway,FWD,1.0,playing,0.8387096774193548,1.0000000000000002,0.8,29.6,0.9000000000000001,0.8666666666666667,0.0476190476190476,0.4444444444444444,,Erling Haaland,1.0,0.5051,0.2469,Norway,England,True,England,0.5627,0.5365,0.6592,0.3891,0.219,0.781,0.3408,0.875,0.2,0.0,0.625,0.75,0.0,0.0,0.7058823529411764,0.0,0.1666666666666666,0.0,0.0,0.0,0.0,0.0,0.0,0.0,0.0,0.0,1.0,1.0,0.0,0.0,0.0,0.0,0.0,0.0,0.6666666666666666,0.5,0.0,0.0,0.0,1.0,0.0,0.0,0.0,0.0,1.0,0.0,0.0,0.0,0.0,0.0,0.0,0.0,1.0,1.0,0.0,0.0,0.5,0.75,0.0,0.0,0.0,0.0,0.0,0.0,0.0,0.0,0.0,0.0,0.0,0.0,0.0,0.0,0.0,0.0,0.0,0.0,0.0,0.0,0.0,0.0,0.75,0.0,0.0,0.0,0.0,0.0,0.0,0.0,0.5,0.5,0.0,0.0,0.0,0.3333333333333333,0.0,0.0,0.0,0.0,0.75,0.0,0.0,0.0,0.0,0.0,0.0,0.0,1.0,0.5,0.0,0.0,0.0,0.75,0.0,0.0,0.0,Erling Haaland,0.0,1.0,0.2469135802469136,0.0,0.6947162426614462,1.0,1.0,0.4441325098259403,0.367297077187585,0.4219409282700421,,0.9448160535117056,0.0,0.0,0.0,0.0,0.6,0.75,0.9965277777777778,0.0,0.5333333333333333,0.5833333333333334,0.75,0.4,1.0,0.175,0.33296192,0.19653441,0.1694444444444444,0.0,0.1694444444444444,0.0,0.1648,0.0,0.0,0.6,0.2891089108910891,0.0972222222222222,0.0,0.0,0.0,0.0,0.1694444444444444,0.0,0.1694444444444444,0.5333333333333333,0.5277777777777779,0.5333333333333333,0.0,0.0,0.0,0.0,0.0,0.0,0.0,0.0,0.0,0.4444444444444444,0.5641025641025642,0.7647058823529412,0.6190476190476191,0.9335137398940851,0.8500000000000001,1.0,1.0,1.0,0.625,1.0,0.625,0.375,1.0,0.0,10.5,0.8712997494160509,0.8153266136030829,0.7033995570242967,0.8902826151508616,0.32719926329559346,0.2667742673162197,0.35,0.18260316615361352,0.03352073007106153,0.0,0.08,0.021123948107419303,0.02,0.01277706708470306,0.01,0.012274724000281746,1.5186835491656363,0.21899999999999997,0.33259169726727433,0.2525507696144435,0.12784823304752532,0.06800930007075678,1.5186835491656363,0.913104681031259,0.0,0.0,0.0,0.28006542245497085,0.0,0.43318066017954704,0.0,0.9841324804431025,0.802389402616477,0.0
0.4039024390243902,Alexander Sørloth,32,Norway,FWD,0.4307692307692308,playing,0.1290322580645161,0.2028985507246377,0.8,0.8,0.15,0.1333333333333333,0.0476190476190476,0.1111111111111111,,Alexander Sörloth,0.8744588744588739,0.2778,0.1176,Norway,England,True,England,0.5627,0.5365,0.6592,0.3891,0.219,0.781,0.3408,0.0,0.0,0.4,0.25,0.56875,0.0,0.0,0.0,0.0,0.1666666666666666,0.0,0.1111111111111111,0.0,0.0,0.0,0.0,0.0,0.0,0.0,0.8111111111111111,0.0,0.0,0.0,0.0,0.0,0.0,0.0,0.0,0.5,0.0,0.0,0.0,0.0,0.0,0.0,0.0,0.0,0.9333333333333332,0.0,0.0,0.0,0.0,0.0,0.0,0.0,0.0,0.5,0.0,0.2,0.0,0.0,0.0,0.0,0.0,0.0,0.0,0.0,0.0,0.0,0.0,0.0,0.0,0.0,0.0,0.0,0.0,0.0,0.0,0.0,0.0,0.0,0.0,0.0,0.5916666666666667,0.0,0.0,0.0,0.0,0.0,0.0,1.0,0.0,0.0,0.0,0.2,0.5,0.0,0.0,0.0,0.0,0.0,0.375,0.0,0.0,0.0,0.0,0.0,0.0,1.0,0.0,0.0,0.0,0.0,0.0,0.0,0.0,0.0,0.0,Alexander Sørloth,0.0,1.0,0.1176470588235294,0.0,0.6947162426614462,1.0,1.0,0.4441325098259403,0.367297077187585,0.4219409282700421,,0.9448160535117056,0.0,0.0,0.0,0.0,0.3866666666666666,0.56875,0.0,0.0,0.0,0.0,0.0,0.0,0.625,0.5875,0.18312576,0.1080919799999999,0.0,0.0,0.2234432234432234,0.3103448275862069,0.2173186813186813,0.0,0.6666666666666666,0.3866666666666666,0.1863146314631463,0.0512820512820512,0.0,0.0366300366300366,0.043103448275862,0.0366300366300366,0.2234432234432234,0.3103448275862069,0.2234432234432234,0.0,0.0,0.0,0.0,0.0,0.0,0.0,0.0,0.0,0.0,0.0,0.0,0.1111111111111111,0.1282051282051282,0.1372549019607843,0.1349206349206349,0.1274290378023659,0.1,0.75,0.5,0.75,0.625,0.25,0.625,0.875,0.7250000000000001,1.0,6.8,0.7044855324483063,0.6044101304938825,0.3254531701387797,0.22531409005233316,0.21395839026598978,0.1293186185809279,0.35,0.14090052471131992,0.0150506335301455,0.0,0.08,0.015375043655185881,0.02,0.010314024808675297,0.01,0.008767980084924389,1.5186835491656363,0.21899999999999997,0.33259169726727433,0.2525507696144435,0.12784823304752532,0.06800930007075678,1.5186835491656363,0.913104681031259,0.0,0.0,0.0,0.3134050739156387,0.0,0.41267825537837965,0.0,0.2305923789217366,0.1393723698349816,0.0
0.404390243902439,Andreas Schjelderup,32,Norway,FWD,0.3384615384615385,playing,0.3225806451612903,0.3478260869565217,1.0,0.2,0.1,0.0666666666666666,0.3809523809523809,0.0555555555555555,,Andreas Schjelderup,1.0,0.2041,0.0833,Norway,England,True,England,0.5627,0.5365,0.6592,0.3891,0.219,0.781,0.3408,0.0,0.6000000000000001,0.2,0.75,0.38125,0.0,0.0,0.0588235294117647,0.5,0.3333333333333333,0.0,0.1111111111111111,0.0,0.0,0.0,0.0,0.0,0.0,0.0,0.1888888888888888,0.0,0.0,0.0,0.0,0.0,0.0,1.0,0.0,0.0,0.0,0.0,0.0,0.0,0.0,0.0,0.0,0.0,0.2111111111111111,0.0,0.0,0.0,0.0,0.0,0.0,0.0,0.0,0.5,0.0,0.0,0.0,0.0,0.0,0.0,0.0,0.0,0.9222222222222224,0.5,0.0,0.0,0.0,0.0,0.0,0.0,0.0,0.75,0.0,0.125,0.5,0.0,0.0,0.0,1.0,0.0,0.1583333333333333,0.0,0.0,0.0,0.0,0.0,0.0,0.0,0.0,0.5,0.0,0.0,0.0,0.0,0.0,0.0,0.0,0.0,0.375,1.0,0.0,0.0,0.0,0.0,0.0,0.0,0.0,0.5,0.0,0.2,0.5,0.25,0.0,0.0,1.0,,,1.0,0.08,0.0,0.6947162426614462,1.0,1.0,0.4441325098259403,0.367297077187585,0.4219409282700421,,0.9448160535117056,0.0,0.0,0.0,0.0,0.49,0.38125,0.0,0.0,0.087431693989071,0.0,0.0,0.0,0.25,1.0,0.13454272,0.07941531,1.0,1.0,0.6666666666666666,0.489795918367347,0.6483934426229508,0.0,0.0,0.49,0.236105610561056,0.2295081967213114,0.0,0.0546448087431694,0.0680272108843537,0.0546448087431693,0.6666666666666666,0.489795918367347,0.6666666666666666,0.087431693989071,0.1292517006802721,0.087431693989071,0.0,0.0,0.0,0.0,0.0,0.0,0.0,0.0,0.0,0.0555555555555555,0.2564102564102564,0.2156862745098039,0.246031746031746,0.3822871134070977,0.35,0.5,0.75,0.5,0.625,0.625,1.0,0.875,0.45,1.0,6.2,0.5735255432355686,0.4438935379844231,0.22828172917033332,0.12030018679256371,0.900733259404285,0.3998296732972092,0.35,0.10547994134838491,0.013496052098228002,0.0,0.08,0.011034750195960643,0.02,0.006748419639938662,0.01,0.006187807239522465,1.5186835491656363,0.21899999999999997,0.33259169726727433,0.2525507696144435,0.12784823304752532,0.06800930007075678,1.5186835491656363,0.913104681031259,0.0,0.0,0.0,0.33099632027761056,0.0,0.5181330359393017,0.0,0.23897730461718356,0.10608048124450283,0.0
0.4048780487804878,Jørgen Strand Larsen,32,Norway,FWD,0.2461538461538461,playing,0.0483870967741935,0.2173913043478261,0.2,0.1,0.05,0.0,0.1428571428571428,0.0,,Jorgen Strand Larsen,0.8937728937728942,0.2778,0.1176,Norway,England,True,England,0.5627,0.5365,0.6592,0.3891,0.219,0.781,0.3408,0.0,0.0,0.0,0.5,0.1875,0.0,0.0,0.0588235294117647,0.0,0.0,0.0,0.0,0.0,0.0,0.0,0.0,0.0,0.0,0.0,0.0,0.0,0.0,0.0,0.0,0.0,0.0,0.0,0.0,0.0,0.0,0.0,0.0,0.0,0.0,0.0,0.0,0.0,0.0,0.0,0.0,0.0,0.0,0.0,0.0,0.0,0.0,0.0,0.0,0.0,0.0,0.0,0.0,0.0,0.0,0.0,1.0,0.0,0.0,0.0,0.0,0.0,0.0,0.0,0.0,1.0,0.0,0.0,0.0,0.3333333333333333,0.0,0.0,0.0,0.0,0.0,0.0,0.0,0.0,0.0,0.0,0.0,0.0,0.0,0.0,0.0,0.0,0.0,0.0,0.0,0.0,0.0,0.0,0.0,0.0,0.0,0.0,0.0,0.0,0.0,0.0,0.0,0.0,0.0,0.0,0.0,0.0,0.0,0.0,0.0,Jørgen Strand Larsen,0.0,1.0,0.1176470588235294,0.0,0.6947162426614462,1.0,1.0,0.4441325098259403,0.367297077187585,0.4219409282700421,,0.9448160535117056,0.0,0.0,0.0,0.0,0.3,0.1875,0.0,0.0,0.1777777777777777,0.0,0.0,0.0,0.625,0.5875,0.18312576,0.1080919799999999,0.0,0.0,0.0,0.0,0.0,0.0,0.0,0.3,0.1445544554455445,0.3111111111111111,0.0,0.0,0.0,0.0,0.0,0.0,0.0,0.1777777777777777,0.2111111111111111,0.1777777777777777,0.0,0.0,0.0,0.0,0.0,0.0,0.0,0.0,0.0,0.0,0.0769230769230769,0.0588235294117647,0.0714285714285714,0.1274290378023659,0.1,0.25,0.25,0.25,0.625,0.625,0.25,0.375,0.175,1.0,5.6,0.32739298293223956,0.22291659480988318,0.3254531701387797,0.08223114903012142,0.06890871242450908,0.015360895526405053,0.35,0.04992511629245427,0.003985240493842615,0.0,0.08,0.005094535999055419,0.02,0.003597452405305394,0.01,0.0027685890221116195,1.5186835491656363,0.21899999999999997,0.33259169726727433,0.2525507696144435,0.12784823304752532,0.06800930007075678,1.5186835491656363,0.913104681031259,0.0,0.0,0.0,0.28006542245497085,0.0,0.2236566637030895,0.0,0.28727896282819276,0.06403924815417573,0.0
0.4053658536585365,Ørjan Nyland,32,Norway,GK,0.4666666666666668,playing,0.2419354838709677,0.3260869565217391,0.8,1.7,0.15,0.0666666666666666,0.0476190476190476,0.1666666666666666,,,,0.0067,0.0067,Norway,England,True,England,0.5627,0.5365,0.6592,0.3891,0.219,0.781,0.3408,0.0,0.0,0.0,0.625,0.75,0.0,0.0,0.0,0.25,0.0,1.0,0.0,0.625,0.0,0.0,0.0,0.0,0.0,0.0,1.0,0.0,0.0,0.0,0.0,0.0,0.0,0.0,0.0,0.5,0.0,0.0,0.0,0.0,0.0,0.0,0.0,0.0,1.0,0.0,0.0,0.0,0.0,0.0,0.0,0.0,0.0,1.0,0.0,0.0,0.0,0.0,0.0,0.6666666666666666,0.0,0.0,0.0,0.0,0.0,0.0,0.0,0.0,0.0,0.0,0.0,0.0,0.0,0.0,0.0,0.0,0.0,0.0,0.0,0.0,0.75,0.0,0.0,0.0,0.0,0.0,0.0,0.0,0.0,0.5,0.0,0.0,0.0,0.0,0.0,1.0,0.0,0.0,0.75,0.0,0.0,0.0,0.0,0.0,0.0,0.0,0.0,0.5,1.0,0.0,0.0,0.0,0.0,1.0,1.0,Ørjan Nyland,0.0,0.0,0.0066666666666666,0.0,0.6947162426614462,1.0,1.0,0.4441325098259403,0.367297077187585,0.4219409282700421,,0.9448160535117056,0.0,0.0,0.0,0.0,0.6,0.75,0.0,0.0,0.0,0.0,0.0,0.0,0.6666666666666667,0.6333333333333334,0.00441664,0.00260697,0.0,0.0,0.0,0.0,0.0,0.0,0.0,0.6,0.2891089108910891,0.0972222222222222,-0.568236862651257,0.0,0.0,0.0,0.0,0.0,0.0,0.0,0.0,0.0,0.5,0.8,0.5,0.0,0.0,0.0,0.0,0.0,0.0,0.1666666666666666,0.1282051282051282,0.1372549019607843,0.1507936507936507,0.1645101804105995,0.15,1.0,1.0,1.0,0.6666666666666667,0.6666666666666667,0.6666666666666667,0.4999999999999999,1.0,1.0,4.2,0.7941296281990525,0.7702989490466019,0.006722545760826811,0.0,0.06013755295373408,0.004632389383849573,0.15,0.157112646848184,0.010479077649642178,0.1281840645731115,0.04,0.019200092990847344,0.05,0.0124168074361137,0.08,0.011837776274031764,1.5186835491656363,0.21899999999999997,0.33259169726727433,0.2525507696144435,0.12784823304752532,0.06800930007075678,1.5186835491656363,0.913104681031259,1.169840341856653,2.201626812548932,0.02435029361910316,0.28006542245497085,0.0,0.20064439951159646,0.0,0.16878163662819912,0.0,0.0
0.4058536585365853,Egil Selvik,32,Norway,GK,0.2000000000000001,playing,0.0161290322580645,0.072463768115942,0.2,0.1,0.05,0.0,0.0476190476190476,0.0,,,,0.0067,0.0067,Norway,England,True,England,0.5627,0.5365,0.6592,0.3891,0.219,0.781,0.3408,0.0,0.0,0.0,0.5,0.1875,0.0,0.0,0.0,0.0,0.0,0.0,0.0555555555555555,0.3125,0.0,0.0,0.0,0.0,0.0,0.0,0.0,0.0,0.0,0.0,0.0,0.0,0.0,0.0,0.0,0.0,0.0,0.0,0.0,0.0,0.0,0.0,0.0,0.0,0.0,0.0,0.0,0.0,0.0,0.0,0.0,0.0,0.0,0.0,0.0,0.0,0.0,0.0,0.0,0.0,0.0,0.0,1.0,0.0,0.0,0.0,0.0,0.0,0.0,0.0,0.0,1.0,0.0,0.125,0.0,0.0,0.0,0.8333333333333333,0.0,0.0,0.0,0.0,0.0,0.0,0.0,0.0,0.0,0.0,0.0,0.0,0.0,0.0,0.0,0.0,0.0,0.0,0.0,0.0,0.0,0.0,0.0,0.0,0.0,0.0,0.0,0.0,0.0,0.0,0.0,0.0,0.0,0.0,0.0,0.0,0.0,,,0.0,0.0066666666666666,0.0,0.6947162426614462,1.0,1.0,0.4441325098259403,0.367297077187585,0.4219409282700421,,0.9448160535117056,0.0,0.0,0.0,0.0,0.3,0.1875,0.0,0.0,0.0,0.0,0.0,0.0,0.6666666666666667,0.6333333333333334,0.00441664,0.00260697,0.0,0.0,0.0,0.0,0.0,0.0,0.0,0.3,0.1445544554455445,0.3111111111111111,-0.18130749018811282,0.0555555555555555,0.0555555555555555,0.0555555555555555,0.0,0.0,0.0,0.0,0.0,0.0,1.0,1.0,1.0,0.0,0.0,0.0,0.0,0.0,0.0,0.0,0.0256410256410256,0.0196078431372549,0.0238095238095238,0.0,0.0,0.6666666666666667,0.4999999999999999,0.6666666666666667,0.6666666666666667,0.6666666666666667,0.6666666666666667,1.0,0.2666666666666667,1.0,3.8,0.3828426373470277,0.2457794950059308,0.006722545760826811,0.0,0.06013755295373408,0.0014780577395861185,0.15,0.05354357902351425,0.0029512544699554963,0.04488045844960859,0.04,0.005731339461319971,0.05,0.00407609788921791,0.08,0.00336933961282283,1.5186835491656363,0.21899999999999997,0.33259169726727433,0.2525507696144435,0.12784823304752532,0.06800930007075678,1.5186835491656363,0.913104681031259,0.37326127578774476,0.8504045264493981,0.005085393798674337,0.32902755572642306,0.0,0.16857250961434278,0.0,0.13770006949674224,0.0,0.0
0.4068292682926829,Jens Petter Hauge,32,Norway,MID,0.2264150943396227,playing,0.032258064516129,0.144927536231884,0.2,0.1,0.05,0.0,0.0952380952380952,0.0,,Jens Petter Hauge,1.0,0.2381,0.0976,Norway,England,True,England,0.5627,0.5365,0.6592,0.3891,0.219,0.781,0.3408,0.0,0.0,0.0,0.125,0.0145833333333333,0.0,0.0,0.0,0.0,0.0,0.0,0.0,0.0,0.0,0.0,0.0,0.0,0.0,0.0,0.0,0.0,0.0,0.0,0.0,0.0,0.0,0.0,0.0,0.0,0.0,0.0,0.0,0.0,0.0,0.0,0.0,0.0,0.0,0.0,0.0,0.0,0.0,0.0,0.0,0.0,0.0,0.0,0.0,0.0,0.0,0.0,0.0,0.0,0.0,0.0,0.0777777777777777,0.0,0.0,0.0,0.0,0.0,0.0,0.0,0.0,0.25,0.0,0.0,0.0,0.0,0.0,0.0,0.0,0.0,0.0,0.0,0.0,0.0,0.0,0.0,0.0,0.0,0.0,0.0,0.0,0.0,0.0,0.0,0.0,0.0,0.0,0.0,0.0,0.0,0.0,0.0,0.0,0.0,0.0,0.0,0.0,0.0,0.0,0.0,0.0,0.0,0.0,0.0,0.0,,,1.0,0.0975609756097561,0.0,0.6947162426614462,1.0,1.0,0.4441325098259403,0.367297077187585,0.4219409282700421,,0.9448160535117056,0.0,0.0,0.0,0.0,0.0233333333333333,0.0145833333333333,0.0,0.0,0.0,0.0,0.0,0.0,1.0,0.01,0.15695552,0.09264471,0.0,0.0,0.0,0.0,0.0,0.0,0.0,0.0233333333333333,0.0112431243124312,1.0,0.0,0.0,0.0,0.0,0.0,0.0,0.0,0.0,0.0,0.0,0.0,0.0,0.0,0.0,0.0,0.0,0.0,0.0,0.0,0.0,0.0512820512820512,0.0392156862745098,0.0476190476190476,0.0637145189011829,0.05,0.6,0.15,0.1,0.5499999999999999,0.2999999999999999,0.35,0.1,0.285,1.0,5.9,0.22965681932303317,0.10598973570217322,0.27193996550317306,0.03258110092927962,0.06360360906987499,0.006741329715020398,0.55,0.025857596223394733,0.0017784384606996664,0.025271254427286397,0.14,0.002422131772127157,0.04,0.0018879809085857668,0.05,0.0013140221375458575,1.5186835491656363,0.21899999999999997,0.33259169726727433,0.2525507696144435,0.12784823304752532,0.06800930007075678,1.5186835491656363,0.913104681031259,0.0,0.0,0.0,0.28006542245497085,0.029684060105319852,0.21378932561369998,0.022659474117741912,0.19548158264537296,0.0,0.0
0.4073170731707317,Antonio Nusa,32,Norway,MID,0.2641509433962262,playing,0.2741935483870967,0.3043478260869565,1.0,1.9,0.15,0.1333333333333333,0.0952380952380952,0.5555555555555556,,Antonio Nusa,1.0,0.2041,0.0833,Norway,England,True,England,0.5627,0.5365,0.6592,0.3891,0.219,0.781,0.3408,0.125,0.0,0.4,0.375,0.55625,0.5,0.0,0.0588235294117647,0.25,0.0,0.0,0.1666666666666666,0.0,0.0,0.0,0.0,0.0,0.0,0.0,0.8111111111111111,0.0,0.0,0.0,0.0,0.0,0.0,0.0,0.0,0.5,0.0,0.1666666666666666,0.0,0.0,0.0,0.0,0.0,0.0,0.788888888888889,0.0,0.0,0.0,0.0,0.0,0.0,0.0,0.0,0.5,0.0,0.0,0.0,0.0,0.0,0.0,0.0,0.0,0.0777777777777777,0.0,0.0,0.0,0.0,0.0,0.0,0.0,0.0,0.25,0.0,0.0,0.0,0.0,0.0,0.0,0.0,0.0,0.5916666666666667,0.0,1.0,0.0,0.0,0.0,0.0,1.0,0.5,0.0,0.0,0.4,0.0,0.1666666666666666,0.0,0.0,1.0,0.0,0.375,0.0,0.0,0.0,0.0,0.0,0.0,1.0,0.0,0.0,0.0,0.0,0.0,0.0,0.0,0.0,0.0,Antonio Nusa,0.0,1.0,0.08,0.0,0.6947162426614462,1.0,1.0,0.4441325098259403,0.367297077187585,0.4219409282700421,,0.9448160535117056,0.0,0.0,0.0,0.0,0.41,0.5562499999999999,0.1919475655430711,0.0,0.0599250936329588,1.0,0.25,0.0,0.75,0.285,0.13454272,0.07941531,0.0,0.0,0.0,0.0,0.0,0.0,0.6666666666666666,0.41,0.1975577557755775,0.0786516853932584,0.0,0.0561797752808988,0.08130081300813,0.0561797752808988,0.0,0.0,0.0,0.0599250936329588,0.1544715447154471,0.0599250936329588,0.0,0.0,0.0,0.1872659176029962,0.0,0.0,0.0,0.0,0.0,0.5555555555555556,0.358974358974359,0.3137254901960784,0.4126984126984127,0.5343416269481355,0.5,0.7,0.7999999999999999,0.7,0.5499999999999999,0.7,0.35,0.4499999999999999,0.8900000000000001,1.0,6.1,0.6979911284947318,0.6037524211189035,0.22828172917033332,0.1955658980629653,0.08112501544750614,0.04897942448974028,0.55,0.2009979484197641,0.009836323805630714,0.1327598980891181,0.14,0.016769856269372798,0.04,0.010202697426161382,0.05,0.009963281444061745,1.5186835491656363,0.21899999999999997,0.33259169726727433,0.2525507696144435,0.12784823304752532,0.06800930007075678,1.5186835491656363,0.913104681031259,0.0,0.0,0.0,0.3348445584532267,0.20216321286462582,0.21214809147640423,0.12808492386463366,0.2411279009962243,0.0,0.0
0.4078048780487804,Kristian Thorstvedt,32,Norway,MID,0.2830188679245283,playing,0.0483870967741935,0.144927536231884,0.4,0.0,0.1,0.0,0.0952380952380952,0.0,,Kristian Thorstvedt,1.0,0.2041,0.0833,Norway,England,True,England,0.5627,0.5365,0.6592,0.3891,0.219,0.781,0.3408,0.0,0.0,0.2,0.375,0.1291666666666666,0.0,0.0,0.0588235294117647,0.0,0.0,0.0,0.1111111111111111,0.0,0.0,0.0,0.0,0.0,0.0,0.0,0.1888888888888888,0.0,0.0,0.0,0.0,0.0,0.0,1.0,0.0,0.0,0.0,0.1666666666666666,0.0,0.0,0.0,0.0,0.0,0.0,0.0,0.0,0.0,0.0,0.0,0.0,0.0,0.0,0.0,0.0,0.0,0.0,0.0,0.0,0.0,0.0,0.0,0.0,0.5,0.0,0.0,0.0,0.0,0.0,0.0,0.0,0.0,0.75,0.0,0.125,0.0,0.3333333333333333,0.0,0.0,0.0,0.0,0.0,0.0,0.0,0.0,0.0,0.0,0.0,0.0,0.0,0.0,0.0,0.0,0.0,0.0,0.0,0.0,0.0,0.0,0.0,0.0,0.0,0.0,0.0,0.0,0.0,0.0,0.0,0.0,0.0,0.0,0.0,0.0,0.0,0.0,0.0,Kristian Thorstvedt,0.0,1.0,0.08,0.0,0.6947162426614462,1.0,1.0,0.4441325098259403,0.367297077187585,0.4219409282700421,,0.9448160535117056,0.0,0.0,0.0,0.0,0.15,0.1291666666666666,0.0,0.0,0.2580645161290322,0.0,0.0,0.0,0.75,0.285,0.13454272,0.07941531,0.0,0.0,0.0,0.0,0.0,0.0,0.0,0.15,0.0722772277227722,0.3387096774193548,0.0,0.1612903225806451,0.1111111111111111,0.1612903225806451,0.0,0.0,0.0,0.2580645161290322,0.4222222222222223,0.2580645161290322,0.0,0.0,0.0,0.0,0.0,0.0,0.0,0.0,0.0,0.0,0.0512820512820512,0.0588235294117647,0.0555555555555555,0.0735711892777709,0.05,0.7999999999999999,0.2999999999999999,0.2999999999999999,0.5499999999999999,0.7,0.35,0.2999999999999999,0.065,1.0,6.2,0.3266227251883581,0.16121033998401596,0.22828172917033332,0.043287624873471306,0.06474522248532655,0.010437599329200247,0.55,0.04582980907575589,0.002649285378396874,0.03381742304996603,0.14,0.004115139725670533,0.04,0.002724262898651957,0.05,0.002276336153985138,1.5186835491656363,0.21899999999999997,0.33259169726727433,0.2525507696144435,0.12784823304752532,0.06800930007075678,1.5186835491656363,0.913104681031259,0.0,0.0,0.0,0.4179085021816947,0.06737117171892187,0.21448351638696314,0.03457696059770959,0.3102610258923724,0.0,0.0
0.5136585365853659,Yéremy Pino,41,Spain,MID,0.2264150943396227,playing,0.0483870967741935,0.144927536231884,0.4,0.1,0.05,0.0666666666666666,0.0952380952380952,0.0,,Yeremy Pino,1.0,0.2564,0.1081,Spain,Belgium,True,Belgium,0.5211,0.5211,0.7957,0.6061,0.4064,0.5936,0.2043,0.0,0.0,0.4,0.0,0.14375,0.0,0.0,0.0,0.0,0.0,0.0,0.0,0.0,0.0,0.0,0.0,0.0,0.0,0.0,0.0,0.0,0.0,0.0,0.0,0.0,0.0,0.0,0.0,0.0,0.0,0.0,0.0,0.0,0.0,0.0,0.0,0.0,0.5,0.0,0.0,0.0,0.0,0.0,0.0,1.0,0.0,0.0,0.0,0.0,0.0,0.0,0.0,0.0,0.0,0.0,0.2666666666666666,0.0,0.0,0.0,0.0,0.0,0.0,1.0,0.0,0.0,0.0,0.0,0.0,0.0,0.0,0.0,0.0,0.0,0.0,0.0,0.0,0.0,0.0,0.0,0.0,0.0,0.0,0.0,0.0,0.0,0.0,0.0,0.0,0.0,0.0,0.0,0.0,0.0,0.0,0.0,0.0,0.0,0.0,0.0,0.0,0.0,0.0,0.0,0.0,0.0,0.0,0.0,0.0,Yeremi Pino,1.0,1.0,0.1081081081081081,0.9688995215311008,0.0,0.0194772429104854,0.8294333990725438,1.0,1.0,0.78125,,0.1858552631578947,0.0,0.0,0.0,0.0,0.08,0.14375,0.0,0.0,0.0,0.0,0.0,0.0,0.5454545454545455,0.5,0.20401748,0.15540404,0.0,0.0,0.0,0.0,0.0,0.0,0.3333333333333333,0.08,0.0715335533553355,0.0,0.0,0.0,0.0,0.0,0.0,0.0,0.0,0.0,0.0,0.0,0.0,0.0,0.0,0.0,0.0,0.0,0.0,0.0,0.0,0.0,0.0769230769230769,0.0588235294117647,0.0634920634920634,0.0735711892777709,0.05,0.0909090909090909,0.1818181818181818,0.2727272727272727,0.5454545454545455,0.3181818181818182,0.3181818181818182,0.1818181818181818,0.0,1.0,5.9,0.210648188635229,0.13825045721505738,0.29625202313484805,0.04692722415936175,0.10049207733208845,0.013893075637652132,0.55,0.012742690168308908,0.0028948797874326737,0.06811330755455966,0.14,0.0014018751900620435,0.04,0.0007846172906100211,0.05,0.0010185835472805859,0.900417382717865,0.4064,0.3659296243365403,0.1647446973020196,0.04944632972044379,0.013479348640996314,0.900417382717865,0.1398934974962288,0.0,0.0,0.0,0.13376459081246012,0.018493015839007674,0.21242187128717432,0.02936742082792992,0.1961870513419773,0.0,0.0
0.5141463414634146,Álex Baena,41,Spain,MID,0.2452830188679245,playing,0.4193548387096774,0.5289855072463768,0.8,2.8,0.05,0.2,0.5238095238095237,0.4444444444444444,,Álex Baena,1.0,0.2857,0.1212,Spain,Belgium,True,Belgium,0.5211,0.5211,0.7957,0.6061,0.4064,0.5936,0.2043,0.125,0.2,0.8,0.0,0.56875,0.5,0.0,0.2352941176470588,0.5,0.1666666666666666,0.0,0.3333333333333333,0.0,0.0,0.0,0.0,0.0,0.0,0.0,0.0,0.0,0.0,0.0,0.0,0.0,0.0,0.0,0.0,0.0,0.0,0.0,0.0,0.0,0.0,0.0,0.0,0.0,0.6777777777777778,0.0,0.0,0.0,0.0,0.0,0.0,1.0,0.0,0.0,0.0,0.0,0.0,0.0,0.0,0.0,0.0,0.0,0.7333333333333334,0.0,1.0,0.0,0.0,0.0,0.0,1.0,0.3333333333333333,0.0,0.0,0.25,0.0,0.3333333333333333,0.0,0.0,1.0,0.0,0.5916666666666667,0.5,0.0,0.0,0.0,0.0,0.0,1.0,0.0,0.0,0.0,0.0,0.5,0.1666666666666666,0.0,0.0,1.0,0.0,0.625,0.0,0.0,0.0,0.0,0.0,0.0,1.0,0.0,0.0,0.0,0.8,0.0,0.5,0.0,0.0,0.0,Alex Baena,0.0,1.0,0.1212121212121212,0.9688995215311008,0.0,0.0194772429104854,0.8294333990725438,1.0,1.0,0.78125,,0.1858552631578947,0.0,0.0,0.0,0.0,0.7066666666666668,0.56875,0.1877289377289377,0.0,0.2344322344322344,0.25,0.25,0.0,0.6818181818181818,0.3500000000000001,0.22733149,0.17316277,0.2234432234432234,0.3333333333333333,0.2234432234432234,0.169811320754717,0.2623186813186813,0.0,1.0,0.7066666666666668,0.6318797213054639,0.0,0.0,0.1098901098901098,0.1415094339622641,0.1098901098901098,0.2234432234432234,0.169811320754717,0.2234432234432234,0.2344322344322344,0.3584905660377359,0.2344322344322344,0.0,0.0,0.0,0.1831501831501831,0.0,0.0,0.0,0.0,0.0,0.4444444444444444,0.5641025641025642,0.4313725490196078,0.5634920634920635,0.5827934224122956,0.5,0.1818181818181818,1.0,0.7272727272727273,0.5454545454545455,0.9090909090909092,0.7727272727272728,0.6818181818181818,0.8000000000000002,1.0,6.0,0.7219143358358033,0.7408119936681812,0.33645223682121034,0.33810114400438646,0.34078900834080356,0.2524605846891531,0.55,0.14290534003459365,0.020760041072921242,0.3871960990522905,0.14,0.009335592020904452,0.04,0.004204354264226114,0.05,0.00720192632673849,0.900417382717865,0.4064,0.3659296243365403,0.1647446973020196,0.04944632972044379,0.013479348640996314,0.900417382717865,0.1398934974962288,0.0,0.0,0.0,0.2248643994541917,0.16658224406465802,0.33097628530666523,0.2451912017749194,0.33783858716642556,0.0,0.0
0.5151219512195122,Martín Zubimendi,41,Spain,MID,0.2641509433962262,playing,0.0161290322580645,0.072463768115942,0.0,0.2,0.05,0.0,0.0476190476190476,0.0,,Martin Zubimendi,1.0,0.1639,0.0667,Spain,Belgium,True,Belgium,0.5211,0.5211,0.7957,0.6061,0.4064,0.5936,0.2043,0.0,0.0,0.0,0.0,0.0,0.0,0.0,0.0,0.0,0.0,0.0,0.0,0.0,0.0,0.0,0.0,0.0,0.0,0.0,0.0,0.0,0.0,0.0,0.0,0.0,0.0,0.0,0.0,0.0,0.0,0.0,0.0,0.0,0.0,0.0,0.0,0.0,0.0,0.0,0.0,0.0,0.0,0.0,0.0,0.0,0.0,0.0,0.0,0.0,0.0,0.0,0.0,0.0,0.0,0.0,0.0,0.0,0.0,0.0,0.0,0.0,0.0,0.0,0.0,0.0,0.0,0.0,0.0,0.0,0.0,0.0,0.0,0.0,0.0,0.0,0.0,0.0,0.0,0.0,0.0,0.0,0.0,0.0,0.0,0.0,0.0,0.0,0.0,0.0,0.0,0.0,0.0,0.0,0.0,0.0,0.0,0.0,0.0,0.0,0.0,0.0,0.0,0.0,0.0,0.0,0.0,0.0,0.0,Martín Zubimendi,0.0,1.0,0.064516129032258,0.9688995215311008,0.0,0.0194772429104854,0.8294333990725438,1.0,1.0,0.78125,,0.1858552631578947,0.0,0.0,0.0,0.0,0.0,0.0,0.0,0.0,0.0,0.0,0.0,0.0,0.2272727272727272,0.8500000000000001,0.13041523,0.0993397899999999,0.0,0.0,0.0,0.0,0.0,0.0,0.0,0.0,0.0,0.0,0.0,0.0,0.0,0.0,0.0,0.0,0.0,0.0,0.0,0.0,0.0,0.0,0.0,0.0,0.0,0.0,0.0,0.0,0.0,0.0,0.0256410256410256,0.0196078431372549,0.0238095238095238,0.0,0.0,0.2727272727272727,0.0909090909090909,0.0909090909090909,0.5454545454545455,0.3181818181818182,0.3181818181818182,0.1818181818181818,0.1,1.0,6.1,0.17131109646492132,0.09441261403845955,0.17900705582612475,0.02058451798453218,0.09758355895187706,0.009213118887822834,0.55,0.008702110017623804,0.001774587305608208,0.04368935696706248,0.14,0.0009530182410950179,0.04,0.0005358229615908835,0.05,0.0006911480887764824,0.900417382717865,0.4064,0.3659296243365403,0.1647446973020196,0.04944632972044379,0.013479348640996314,0.900417382717865,0.1398934974962288,0.0,0.0,0.0,0.13376459081246012,0.012629064684389268,0.20000714207749481,0.01888319710989786,0.1784272626178281,0.0,0.0
0.515609756097561,Pedro Porro,41,Spain,DEF,0.8,playing,0.532258064516129,0.8478260869565217,0.6000000000000001,5.9,0.05,0.4666666666666667,0.0476190476190476,0.8888888888888888,,Pedro Porro,1.0,0.1282,0.0513,Spain,Belgium,True,Belgium,0.5211,0.5211,0.7957,0.6061,0.4064,0.5936,0.2043,0.125,0.0,0.6000000000000001,0.0,0.5625,0.0,0.0,0.1176470588235294,0.5,0.0,0.0,0.4444444444444444,0.0,0.0,0.0,0.0,0.0,0.0,0.0,0.0,0.0,0.0,0.0,0.0,0.0,0.0,0.0,0.0,0.0,0.0,0.0,0.0,0.0,0.0,0.0,0.0,0.0,1.0,0.0,0.0,0.0,0.0,0.0,0.0,1.0,0.0,0.0,0.0,0.6000000000000001,0.0,0.25,0.0,0.0,0.0,0.0,0.0,0.0,0.0,0.0,0.0,0.0,0.0,0.0,0.0,0.0,0.0,0.0,0.0,0.0,0.0,0.0,0.0,0.0,0.75,0.0,0.0,0.0,0.0,0.0,0.0,1.0,0.5,0.0,0.0,0.2,0.0,0.1666666666666666,0.0,0.0,1.0,0.0,0.75,0.0,0.0,0.0,0.0,0.0,0.0,1.0,0.0,0.0,0.0,0.8,0.0,0.0,0.0,0.0,1.0,Pedro Porro,0.0,1.0,0.05,0.9688995215311008,0.0,0.0194772429104854,0.8294333990725438,1.0,1.0,0.78125,,0.1858552631578947,0.0,0.0,0.0,0.0,0.6,0.5625,0.1898148148148148,0.0,0.1185185185185185,0.5,0.25,0.0,0.8125,0.24375,0.10200874,0.07770202,0.0,0.0,0.0,0.0,0.0,0.0,0.6666666666666666,0.6,0.5365016501650165,0.0,-0.21284087580519975,0.1481481481481481,0.1388888888888889,0.1481481481481481,0.0,0.0,0.0,0.1185185185185185,0.1055555555555555,0.1185185185185185,0.0,0.0,0.0,0.0,0.0,0.0,0.0,0.0,0.0,0.8888888888888888,0.6153846153846154,0.4705882352941176,0.6428571428571429,0.9669784699252888,0.8,0.875,0.625,0.625,0.5625,0.9375,0.4375,1.0,0.5875,0.0,5.5,0.7253685791806871,0.6937054019553982,0.13719523917784482,0.12786244179704767,0.10948148874842974,0.06835311014301437,0.45,0.0826952957599024,0.015801334024652714,0.3521799395202198,0.12,0.008318821968663518,0.08,0.004198754780405049,0.14,0.006823319610873851,0.900417382717865,0.4064,0.3659296243365403,0.1647446973020196,0.04944632972044379,0.013479348640996314,0.900417382717865,0.1398934974962288,0.6246244024059241,0.0,0.0,0.2486042310834713,0.0,0.26072211353568936,0.0,0.3148360697904636,0.0,0.0
0.5160975609756098,Aymeric Laporte,41,Spain,DEF,0.8,playing,0.6935483870967741,0.6811594202898551,1.0,15.7,0.5,0.8,0.3809523809523809,0.3888888888888888,,Aymeric Laporte,1.0,0.1081,0.0435,Spain,Belgium,True,Belgium,0.5211,0.5211,0.7957,0.6061,0.4064,0.5936,0.2043,0.0,0.2,1.0,0.0,0.9354166666666668,0.0,0.0,0.0588235294117647,0.5,0.1666666666666666,0.0,0.2222222222222222,0.0,0.0,0.0,0.0,0.0,0.0,0.0,1.0,0.0,0.0,0.0,0.0,0.0,0.0,1.0,0.0,0.0,0.0,0.0,0.0,0.25,0.0,0.0,1.0,0.0,1.0,0.5,0.0,0.0,0.0,0.0,0.0,1.0,0.0,0.0,0.0,0.2,0.5,0.0,0.0,0.0,1.0,0.0,1.0,0.0,0.0,0.0,0.0,0.0,0.0,1.0,0.0,0.0,0.0,0.0,0.0,0.0,0.0,0.0,0.0,0.0,0.7416666666666667,0.0,0.0,0.0,0.0,0.0,0.0,1.0,0.0,0.0,0.0,0.6000000000000001,0.0,0.0,0.0,0.0,0.0,0.0,0.75,0.0,0.0,0.0,0.0,0.0,0.0,1.0,0.0,0.0,0.0,0.0,0.0,0.0,0.0,0.0,0.0,Aymeric Laporte,0.0,1.0,0.0416666666666666,0.9688995215311008,0.0,0.0194772429104854,0.8294333990725438,1.0,1.0,0.78125,,0.1858552631578947,0.0,0.0,0.0,0.0,0.8966666666666667,0.9354166666666666,0.0,0.0,0.0356347438752783,0.0,0.0,0.0,0.25,0.8625000000000002,0.08601517,0.06551941,0.1358574610244989,0.0,0.1358574610244988,0.0,0.1594944320712694,0.0,1.0,0.8966666666666667,0.8017719105243857,0.0,-0.26905574908914326,0.0445434298440979,0.0557620817843866,0.0445434298440979,0.1358574610244988,0.0,0.1358574610244988,0.0356347438752783,0.0,0.0356347438752783,0.0,0.0,0.0,0.0,0.0,0.0,0.0,0.0,0.0,0.3888888888888888,0.6923076923076923,0.7058823529411765,0.6746031746031745,0.3011030690423775,0.6000000000000001,0.875,0.875,0.75,0.5625,0.75,0.875,0.75,0.8625000000000002,0.0,5.5,0.8759908182286018,0.876924725404344,0.11440126030997533,0.10970438949556506,0.24003531164176375,0.18944360977391983,0.45,0.08182313651128406,0.02388871430189842,0.47144247719873766,0.12,0.009808294438477553,0.08,0.005307716896060163,0.14,0.008043784142332781,0.900417382717865,0.4064,0.3659296243365403,0.1647446973020196,0.04944632972044379,0.013479348640996314,0.900417382717865,0.1398934974962288,0.7895982660891618,0.0,0.0,0.16941329027277058,0.0,0.3121888134284623,0.0,0.24629980017255104,0.0,0.0
0.5165853658536586,Alejandro Grimaldo,41,Spain,DEF,0.56,playing,0.0161290322580645,0.072463768115942,0.0,0.7,0.05,0.0,0.0476190476190476,0.0,,Álex Grimaldo,1.0,0.1333,0.0526,Spain,Belgium,True,Belgium,0.5211,0.5211,0.7957,0.6061,0.4064,0.5936,0.2043,0.0,0.0,0.0,0.0,0.0,0.0,0.0,0.0,0.0,0.0,0.0,0.0,0.0,0.0,0.0,0.0,0.0,0.0,0.0,0.0,0.0,0.0,0.0,0.0,0.0,0.0,0.0,0.0,0.0,0.0,0.0,0.0,0.0,0.0,0.0,0.0,0.0,0.0,0.0,0.0,0.0,0.0,0.0,0.0,0.0,0.0,0.0,0.0,0.0,0.0,0.0,0.0,0.0,0.0,0.0,0.0,0.0,0.0,0.0,0.0,0.0,0.0,0.0,0.0,0.0,0.0,0.0,0.0,0.0,0.0,0.0,0.0,0.0,0.0,0.0,0.0,0.0,0.0,0.0,0.0,0.0,0.0,0.0,0.0,0.0,0.0,0.0,0.0,0.0,0.0,0.0,0.0,0.0,0.0,0.0,0.0,0.0,0.0,0.0,0.0,0.0,0.0,0.0,0.0,0.0,0.0,0.0,0.0,,,1.0,0.0526315789473684,0.9688995215311008,0.0,0.0194772429104854,0.8294333990725438,1.0,1.0,0.78125,,0.1858552631578947,0.0,0.0,0.0,0.0,0.0,0.0,0.0,0.0,0.0,0.0,0.0,0.0,1.0,0.0375,0.10606681,0.0807931299999999,0.0,0.0,0.0,0.0,0.0,0.0,0.0,0.0,0.0,0.0,-0.03347280114207687,0.0,0.0,0.0,0.0,0.0,0.0,0.0,0.0,0.0,0.0,0.0,0.0,0.0,0.0,0.0,0.0,0.0,0.0,0.0,0.0256410256410256,0.0196078431372549,0.0238095238095238,0.0,0.0,0.375,0.1875,0.1875,0.5625,0.375,0.4375,0.25,0.3125,1.0,4.9,0.22162010924764944,0.10909682119561298,0.14306238284183775,0.014784686808275507,0.09694432984939876,0.009518686397557544,0.45,0.008964600636402672,0.002248154375116706,0.05048446135857772,0.12,0.0010917042539307018,0.08,0.0006603246828277208,0.14,0.0008667480250179336,0.900417382717865,0.4064,0.3659296243365403,0.1647446973020196,0.04944632972044379,0.013479348640996314,0.900417382717865,0.1398934974962288,0.09823267420379274,0.0,0.0,0.13376459081246012,0.0,0.23101192594307526,0.0,0.20687657885033772,0.0,0.0
0.5170731707317073,Marc Cucurella,41,Spain,DEF,0.6399999999999999,playing,0.7258064516129032,0.7101449275362319,1.0,41.0,0.4,0.6666666666666666,0.3809523809523809,0.7222222222222222,,Marc Cucurella,1.0,0.1176,0.0455,Spain,Belgium,True,Belgium,0.5211,0.5211,0.7957,0.6061,0.4064,0.5936,0.2043,0.0,0.6000000000000001,1.0,0.0,0.9375,0.0,0.0,0.1176470588235294,0.0,0.5,0.0,0.1111111111111111,0.0,0.0,0.0,0.0,0.0,0.0,0.0,1.0,0.0,0.0,0.0,0.0,0.0,0.0,1.0,0.0,0.0,0.0,0.1666666666666666,0.5,0.25,0.0,0.0,0.0,0.0,1.0,0.5,0.0,0.0,0.0,0.0,0.0,1.0,0.0,0.0,0.0,0.0,0.0,0.25,0.0,0.0,0.0,0.0,1.0,0.0,0.0,0.0,0.0,0.0,0.0,1.0,0.0,0.0,0.0,0.125,0.0,0.0,0.0,0.0,0.0,0.0,0.75,1.0,0.0,0.0,0.0,0.0,0.0,1.0,0.0,0.0,0.0,0.0,1.0,0.0,0.0,0.0,0.0,0.0,0.75,0.0,0.0,0.0,0.0,0.0,0.0,1.0,0.0,0.0,0.0,0.0,0.0,0.0,0.0,0.0,0.0,Marc Cucurella,0.0,1.0,0.0454545454545454,0.9688995215311008,0.0,0.0194772429104854,0.8294333990725438,1.0,1.0,0.78125,,0.1858552631578947,0.0,0.0,0.0,0.0,0.9,0.9375,0.0,0.0,0.0711111111111111,0.0,0.0,0.0,0.5,0.5875,0.0935743199999999,0.07127736,0.4066666666666667,0.6666666666666666,0.4066666666666666,0.2666666666666666,0.4774199999999999,0.0,1.0,0.9,0.8047524752475247,0.0,-0.27593557080545206,0.0222222222222222,0.0185185185185185,0.0222222222222222,0.4066666666666666,0.2666666666666666,0.4066666666666666,0.0711111111111111,0.0,0.0711111111111111,0.0,0.0,0.0,0.0,0.0,0.0,0.0,0.0,0.0,0.7222222222222222,0.7948717948717949,0.7450980392156863,0.8174603174603174,0.3660120453218768,0.65,0.625,1.0,0.9375,0.5625,0.9375,1.0,0.5625,1.0,0.0,5.1,0.892712266926003,0.8993479064358931,0.12510981104284438,0.11783281605178617,0.5739398825006055,0.46455446857228383,0.45,0.07889674141182128,0.034337273134126316,0.4834973773582867,0.12,0.009878289085126194,0.08,0.005443436523271828,0.14,0.008091134031306547,0.900417382717865,0.4064,0.3659296243365403,0.1647446973020196,0.04944632972044379,0.013479348640996314,0.900417382717865,0.1398934974962288,0.8097884880657982,0.0,0.0,0.1497686938656659,0.0,0.516812956568489,0.0,0.24414873472456944,0.0,0.0
0.5175609756097561,Pau Cubarsí,41,Spain,DEF,0.5999999999999999,playing,0.5806451612903225,0.5797101449275363,1.0,9.0,0.4,0.4666666666666667,0.3809523809523809,0.3888888888888888,,Pau Cubarsi,1.0,0.0833,0.0312,Spain,Belgium,True,Belgium,0.5211,0.5211,0.7957,0.6061,0.4064,0.5936,0.2043,0.0,0.0,1.0,0.0,0.9375,0.0,0.0,0.0,0.0,0.0,0.0,0.1111111111111111,0.0,0.0,0.0,0.0,0.0,0.0,0.0,1.0,0.0,0.0,0.0,0.0,0.0,0.0,1.0,0.0,0.0,0.0,0.0,0.0,0.0,0.0,0.0,0.0,0.0,1.0,0.0,0.0,0.0,0.0,0.0,0.0,1.0,0.0,0.0,0.0,0.0,0.0,0.0,0.0,0.0,0.0,0.0,1.0,0.0,0.0,0.0,0.0,0.0,0.0,1.0,0.0,0.0,0.0,0.0,0.0,0.0,0.0,0.0,0.0,0.0,0.75,0.0,0.0,0.0,0.0,0.0,0.0,1.0,0.0,0.0,0.0,0.4,0.0,0.0,0.0,0.0,0.0,0.0,0.75,0.0,0.0,0.0,0.0,0.0,0.0,1.0,0.0,0.0,0.0,0.0,0.0,0.0,0.0,0.0,0.0,Pau Cubarsí,0.0,1.0,0.03125,0.9688995215311008,0.0,0.0194772429104854,0.8294333990725438,1.0,1.0,0.78125,,0.1858552631578947,0.0,0.0,0.0,0.0,0.9,0.9375,0.0,0.0,0.0,0.0,0.0,0.0,0.125,1.0,0.06628181,0.05048813,0.0,0.0,0.0,0.0,0.0,0.0,1.0,0.9,0.8047524752475247,0.0,-0.2735675844236048,0.0222222222222222,0.037037037037037,0.0222222222222222,0.0,0.0,0.0,0.0,0.0,0.0,0.0,0.0,0.0,0.0,0.0,0.0,0.0,0.0,0.0,0.3888888888888888,0.5641025641025642,0.5686274509803922,0.5793650793650794,0.0,0.35,0.5,0.75,0.9375,0.5625,0.375,0.4375,0.5625,0.7250000000000001,0.0,5.0,0.8674674828957931,0.891630004793975,0.08697501401440717,0.0851994690941514,0.10473287589755843,0.08404467717476413,0.45,0.07821967607845388,0.017486938849430058,0.4793481652726491,0.12,0.009786141200909452,0.08,0.0053967227794803636,0.14,0.008013266759362064,0.900417382717865,0.4064,0.3659296243365403,0.1647446973020196,0.04944632972044379,0.013479348640996314,0.900417382717865,0.1398934974962288,0.8028391552693084,0.0,0.0,0.1530004813987719,0.0,0.22661205964056402,0.0,0.1995246857155758,0.0,0.0
0.5190243902439025,Lamine Yamal,41,Spain,MID,1.0,playing,0.3064516129032257,0.3333333333333333,1.0,36.4,0.1,0.4666666666666667,0.1904761904761904,0.1666666666666666,,Lamine Yamal,1.0,0.4348,0.2062,Spain,Belgium,True,Belgium,0.5211,0.5211,0.7957,0.6061,0.4064,0.5936,0.2043,0.125,0.0,1.0,0.0,0.65625,0.0,0.0,0.4705882352941176,0.0,0.0,0.0,0.3888888888888888,0.0,0.0,0.0,0.0,0.0,0.0,0.0,0.2111111111111111,0.0,0.0,0.0,0.0,0.0,0.0,1.0,0.0,0.0,0.0,0.0,0.0,0.0,0.0,0.0,0.0,0.0,0.5,0.0,0.0,0.0,0.0,0.0,0.0,1.0,0.5,0.0,0.0,0.2,0.0,0.5,0.0,0.0,0.0,0.0,0.8444444444444444,0.0,0.0,0.0,0.0,0.0,0.0,1.0,0.0,0.0,0.0,0.125,0.0,0.0,0.0,0.0,0.0,0.0,0.7083333333333334,0.0,0.0,0.0,0.0,0.0,0.0,1.0,0.0,0.0,0.0,0.0,0.0,0.6666666666666666,0.0,0.0,0.0,0.0,0.75,0.0,0.0,0.0,0.0,0.0,0.0,1.0,0.0,0.0,0.0,1.0,0.0,0.5,0.0,0.0,0.0,Lamine Yamal,0.0,1.0,0.2061855670103093,0.9688995215311008,0.0,0.0194772429104854,0.8294333990725438,1.0,1.0,0.78125,,0.1858552631578947,0.0,0.0,0.0,0.0,0.8366666666666668,0.65625,0.1626984126984127,0.0,0.4063492063492063,0.125,0.0,0.0,1.0,0.0,0.34597036,0.26353228,0.0,0.0,0.0,0.0,0.0,0.0,1.0,0.8366666666666668,0.748121745507884,0.0,0.0,0.1111111111111111,0.1195219123505976,0.1111111111111111,0.0,0.0,0.0,0.4063492063492063,0.4541832669322709,0.4063492063492063,0.0,0.0,0.0,0.0,0.0,0.0,0.0,0.0,0.0,0.1666666666666666,0.358974358974359,0.2941176470588235,0.3095238095238095,0.3206893792179067,0.35,1.0,0.8636363636363636,0.8181818181818182,0.5454545454545455,1.0,0.3181818181818182,0.8181818181818182,1.0,0.0,10.0,0.8723030782308585,0.8387235749028167,0.5705756281717648,0.6008041393317693,0.16369069095767225,0.13729124149833102,0.55,0.10060391184634736,0.030809118883707128,0.45090520130430134,0.14,0.010098720632070401,0.04,0.00476003502749592,0.05,0.007644417147743938,0.900417382717865,0.4064,0.3659296243365403,0.1647446973020196,0.04944632972044379,0.013479348640996314,0.900417382717865,0.1398934974962288,0.0,0.0,0.0,0.22150472870857635,0.1857812379203357,0.350259850436508,0.29377119390303386,0.6017578083992922,0.0,0.0
0.5195121951219512,Ferran Torres,41,Spain,FWD,0.5846153846153845,playing,0.1451612903225806,0.1884057971014492,1.0,1.9,0.15,0.0666666666666666,0.0952380952380952,0.0555555555555555,,Ferran Torres,1.0,0.4167,0.1961,Spain,Belgium,True,Belgium,0.5211,0.5211,0.7957,0.6061,0.4064,0.5936,0.2043,0.0,0.2,1.0,0.0,0.3625,0.5,0.0,0.1176470588235294,0.0,0.1666666666666666,0.0,0.0,0.0,0.0,0.0,0.0,0.0,0.0,0.0,0.9,0.0,0.0,0.0,0.0,0.0,0.0,1.0,0.0,0.0,0.0,0.0,0.0,0.25,0.0,0.0,0.0,0.0,0.5,0.0,0.0,0.0,0.0,0.0,0.0,1.0,0.0,0.0,0.0,0.0,0.0,0.25,0.0,0.0,0.0,0.0,0.1555555555555555,0.0,0.0,0.0,0.0,0.0,0.0,1.0,0.0,0.0,0.0,0.0,0.0,0.0,0.0,0.0,0.0,0.0,0.1583333333333333,0.0,0.0,0.0,0.0,0.0,0.0,1.0,0.0,0.0,0.0,0.0,0.0,0.0,0.0,0.0,0.0,0.0,0.125,0.5,1.0,0.0,0.0,0.0,0.0,1.0,0.0,0.0,0.0,0.0,0.5,0.0,0.0,0.0,0.0,Ferrán Torres,0.0,1.0,0.196078431372549,0.9688995215311008,0.0,0.0194772429104854,0.8294333990725438,1.0,1.0,0.78125,,0.1858552631578947,0.0,0.0,0.0,0.0,0.16,0.3624999999999999,0.0,0.0,0.1839080459770115,0.0,0.0,0.0,0.5,0.7250000000000001,0.33156819,0.25256187,0.3505747126436782,0.3333333333333333,0.3505747126436781,0.75,0.4115689655172413,0.0,1.0,0.16,0.143067106710671,0.0,0.0,0.0,0.0,0.0,0.3505747126436781,0.75,0.3505747126436781,0.1839080459770115,0.0,0.1839080459770115,0.0,0.0,0.0,0.2873563218390805,0.0,0.0,0.0,0.0,0.0,0.0555555555555555,0.1025641025641025,0.1176470588235294,0.1111111111111111,0.0637145189011829,0.1,0.75,0.75,0.75,0.625,0.75,0.875,0.5,0.7250000000000001,1.0,7.8,0.5998883688639983,0.34802089336441966,0.5390536452225453,0.21553649081261617,0.43512073648844696,0.15143110743409355,0.35,0.06511943574803285,0.013939845467213984,0.0,0.08,0.003643054961866335,0.02,0.0019118699121794397,0.01,0.0026869241454794903,0.900417382717865,0.4064,0.3659296243365403,0.1647446973020196,0.04944632972044379,0.013479348640996314,0.900417382717865,0.1398934974962288,0.0,0.0,0.0,0.13376459081246012,0.0,0.6547117855501853,0.0,0.37162812261939854,0.12933435123334516,0.0
0.52,Mikel Oyarzabal,41,Spain,FWD,0.6307692307692307,playing,0.5806451612903225,0.5797101449275363,1.0,12.9,0.15,1.0,0.1428571428571428,0.7777777777777777,,Mikel Oyarzabal,1.0,0.5348,0.2703,Spain,Belgium,True,Belgium,0.5211,0.5211,0.7957,0.6061,0.4064,0.5936,0.2043,0.5,0.2,1.0,0.0,0.8125,0.0,0.0,0.5294117647058824,0.0,0.1666666666666666,0.0,0.1666666666666666,0.0,0.0,0.0,0.0,0.0,0.0,0.0,1.0,0.0,0.0,0.0,0.0,0.0,0.0,1.0,0.0,0.0,0.0,0.1666666666666666,0.0,0.25,0.0,0.0,0.0,0.0,0.5,0.5,0.0,0.0,0.0,0.0,0.0,1.0,1.0,0.0,0.0,0.2,0.5,0.75,0.0,0.0,0.0,0.0,0.8444444444444444,0.0,0.0,0.0,0.0,0.0,0.0,1.0,0.0,0.0,0.0,0.0,0.0,0.0,0.0,0.0,0.0,0.0,0.75,0.0,0.0,0.0,0.0,0.0,0.0,1.0,1.0,0.0,0.0,0.2,0.0,0.6666666666666666,0.0,0.0,0.0,0.0,0.7416666666666667,0.0,0.0,0.0,0.0,0.0,0.0,1.0,0.0,0.0,0.0,0.0,0.0,0.25,0.0,0.0,0.0,Mikel Oyarzabal,0.0,1.0,0.2702702702702702,0.9688995215311008,0.0,0.0194772429104854,0.8294333990725438,1.0,1.0,0.78125,,0.1858552631578947,0.0,0.0,0.0,0.0,0.85,0.8125,0.5256410256410257,0.0,0.3692307692307692,0.4444444444444444,0.5,0.0,1.0,0.175,0.42554036,0.32414228,0.1564102564102564,0.0,0.1564102564102564,0.0,0.1836230769230769,0.0,1.0,0.85,0.76004400440044,0.0,0.0,0.0384615384615384,0.0196078431372549,0.0384615384615384,0.1564102564102564,0.0,0.1564102564102564,0.3692307692307692,0.3725490196078432,0.3692307692307692,0.0,0.0,0.0,0.0,0.0,0.0,0.0,0.0,0.0,0.7777777777777777,0.8205128205128206,0.6666666666666667,0.7698412698412699,0.921110114498328,0.75,1.0,1.0,1.0,0.625,1.0,0.875,1.0,1.0,0.0,8.1,0.9109264722644368,0.8875793214266499,0.7652878583376278,0.9229278326923356,0.36680311415658473,0.32556685916028344,0.35,0.07259195047356318,0.03857501261495568,0.0,0.08,0.009613596425087753,0.02,0.004875960701392028,0.01,0.007116614764905641,0.900417382717865,0.4064,0.3659296243365403,0.1647446973020196,0.04944632972044379,0.013479348640996314,0.900417382717865,0.1398934974962288,0.0,0.0,0.0,0.15943659105310487,0.0,0.3786848075876249,0.0,0.6510224042592854,0.5778340238060027,0.0
0.5204878048780488,Borja Iglesias,41,Spain,FWD,0.4307692307692308,playing,0.032258064516129,0.144927536231884,0.2,0.1,0.05,0.0,0.0476190476190476,0.0,,Borja Iglesias,1.0,0.4717,0.2273,Spain,Belgium,True,Belgium,0.5211,0.5211,0.7957,0.6061,0.4064,0.5936,0.2043,0.0,0.0,0.2,0.0,0.0020833333333333,0.0,0.0,0.0,0.0,0.0,0.0,0.0,0.0,0.0,0.0,0.0,0.0,0.0,0.0,0.0,0.0,0.0,0.0,0.0,0.0,0.0,0.0,0.0,0.0,0.0,0.0,0.0,0.0,0.0,0.0,0.0,0.0,0.0,0.0,0.0,0.0,0.0,0.0,0.0,0.0,0.0,0.0,0.0,0.0,0.0,0.0,0.0,0.0,0.0,0.0,0.0,0.0,0.0,0.0,0.0,0.0,0.0,0.0,0.0,0.0,0.0,0.0,0.0,0.0,0.0,0.0,0.0,0.0,0.0,0.0,0.0,0.0,0.0,0.0,0.0,0.0,0.0,0.0,0.0,0.0,0.0,0.0,0.0,0.0,0.0,0.0,0.0083333333333333,0.0,0.0,0.0,0.0,0.0,0.0,1.0,0.0,0.0,0.0,0.0,0.0,0.0,0.0,0.0,0.0,Borja Iglesias,0.0,1.0,0.2272727272727272,0.9688995215311008,0.0,0.0194772429104854,0.8294333990725438,1.0,1.0,0.78125,,0.1858552631578947,0.0,0.0,0.0,0.0,0.0033333333333333,0.0020833333333333,0.0,0.0,0.0,0.0,0.0,0.0,0.75,0.45,0.37533169,0.28589737,0.0,0.0,0.0,0.0,0.0,0.0,0.3333333333333333,0.0033333333333333,0.0029805647231389,0.0,0.0,0.0,0.0,0.0,0.0,0.0,0.0,0.0,0.0,0.0,0.0,0.0,0.0,0.0,0.0,0.0,0.0,0.0,0.0,0.0,0.0256410256410256,0.0196078431372549,0.0238095238095238,0.0,0.0,0.5,0.5,0.5,0.625,0.375,0.375,0.5,0.175,1.0,6.8,0.30443857130650437,0.14020058216344855,0.6380909748118669,0.09920076399637504,0.10628880905511404,0.01490175290698661,0.35,0.010118423594296252,0.004254999561275188,0.0,0.08,0.0013796947163454158,0.02,0.0007701988007589622,0.01,0.0009918854478516274,0.900417382717865,0.4064,0.3659296243365403,0.1647446973020196,0.04944632972044379,0.013479348640996314,0.900417382717865,0.1398934974962288,0.0,0.0,0.0,0.13376459081246012,0.0,0.2798553454465758,0.0,0.2765930147182255,0.03877850168583851,0.0
0.5214634146341464,Víctor Muñoz,41,Spain,FWD,0.0,playing,0.0161290322580645,0.072463768115942,0.0,0.4,0.05,0.0,0.0476190476190476,0.0,,Victor Munoz,1.0,0.2985,0.1299,Spain,Belgium,True,Belgium,0.5211,0.5211,0.7957,0.6061,0.4064,0.5936,0.2043,0.0,0.0,0.0,0.0,0.0,0.0,0.0,0.0,0.0,0.0,0.0,0.0,0.0,0.0,0.0,0.0,0.0,0.0,0.0,0.0,0.0,0.0,0.0,0.0,0.0,0.0,0.0,0.0,0.0,0.0,0.0,0.0,0.0,0.0,0.0,0.0,0.0,0.0,0.0,0.0,0.0,0.0,0.0,0.0,0.0,0.0,0.0,0.0,0.0,0.0,0.0,0.0,0.0,0.0,0.0,0.0,0.0,0.0,0.0,0.0,0.0,0.0,0.0,0.0,0.0,0.0,0.0,0.0,0.0,0.0,0.0,0.0,0.0,0.0,0.0,0.0,0.0,0.0,0.0,0.0,0.0,0.0,0.0,0.0,0.0,0.0,0.0,0.0,0.0,0.0,0.0,0.0,0.0,0.0,0.0,0.0,0.0,0.0,0.0,0.0,0.0,0.0,0.0,0.0,0.0,0.0,0.0,0.0,Víctor Muñoz,0.0,1.0,0.1298701298701298,0.9688995215311008,0.0,0.0194772429104854,0.8294333990725438,1.0,1.0,0.78125,,0.1858552631578947,0.0,0.0,0.0,0.0,0.0,0.0,0.0,0.0,0.0,0.0,0.0,0.0,0.25,1.0,0.23751645,0.18092085,0.0,0.0,0.0,0.0,0.0,0.0,0.0,0.0,0.0,0.0,0.0,0.0,0.0,0.0,0.0,0.0,0.0,0.0,0.0,0.0,0.0,0.0,0.0,0.0,0.0,0.0,0.0,0.0,0.0,0.0,0.0256410256410256,0.0196078431372549,0.0238095238095238,0.0,0.0,0.25,0.25,0.25,0.625,0.375,0.375,0.5,0.45,1.0,4.0,0.2464753022779692,0.12292695083285748,0.3545343794396214,0.047996102488422426,0.10061027178426847,0.012367713932905198,0.35,0.008871767438397675,0.0024609177401539568,0.0,0.08,0.0012080087407936452,0.02,0.0006753052565933363,0.01,0.0008679506636541234,0.900417382717865,0.4064,0.3659296243365403,0.1647446973020196,0.04944632972044379,0.013479348640996314,0.900417382717865,0.1398934974962288,0.0,0.0,0.0,0.13376459081246012,0.0,0.19243250054468353,0.0,0.17903097669588888,0.022007732069853986,0.0
0.5219512195121951,David Raya,41,Spain,GK,1.0,playing,0.0161290322580645,0.072463768115942,0.0,7.4,0.05,0.0,0.0476190476190476,0.0,,,,0.0067,0.0067,Spain,Belgium,True,Belgium,0.5211,0.5211,0.7957,0.6061,0.4064,0.5936,0.2043,0.0,0.0,0.0,0.0,0.0,0.0,0.0,0.0,0.0,0.0,0.0,0.0,0.0,0.0,0.0,0.0,0.0,0.0,0.0,0.0,0.0,0.0,0.0,0.0,0.0,0.0,0.0,0.0,0.0,0.0,0.0,0.0,0.0,0.0,0.0,0.0,0.0,0.0,0.0,0.0,0.0,0.0,0.0,0.0,0.0,0.0,0.0,0.0,0.0,0.0,0.0,0.0,0.0,0.0,0.0,0.0,0.0,0.0,0.0,0.0,0.0,0.0,0.0,0.0,0.0,0.0,0.0,0.0,0.0,0.0,0.0,0.0,0.0,0.0,0.0,0.0,0.0,0.0,0.0,0.0,0.0,0.0,0.0,0.0,0.0,0.0,0.0,0.0,0.0,0.0,0.0,0.0,0.0,0.0,0.0,0.0,0.0,0.0,0.0,0.0,0.0,0.0,0.0,0.0,0.0,0.0,0.0,0.0,David Raya,0.0,0.0,0.0066666666666666,0.9688995215311008,0.0,0.0194772429104854,0.8294333990725438,1.0,1.0,0.78125,,0.1858552631578947,0.0,0.0,0.0,0.0,0.0,0.0,0.0,0.0,0.0,0.0,0.0,0.0,0.6666666666666667,0.6333333333333334,0.0053311899999999,0.00406087,0.0,0.0,0.0,0.0,0.0,0.0,0.0,0.0,0.0,0.0,-0.03788183638586417,0.0,0.0,0.0,0.0,0.0,0.0,0.0,0.0,0.0,0.0,0.0,0.0,0.0,0.0,0.0,0.0,0.0,0.0,0.0,0.0256410256410256,0.0196078431372549,0.0238095238095238,0.0,0.0,0.8333333333333333,0.4999999999999999,0.4999999999999999,0.6666666666666667,0.6666666666666667,0.6666666666666667,0.6666666666666667,0.6333333333333335,0.0,5.0,0.28495789429901025,0.12346704756522399,0.006722545760826811,0.0,0.09531667982544992,0.001176846904176805,0.15,0.006441405836790961,0.0026137986794618896,0.05713427140730363,0.04,0.0011883430930087946,0.05,0.0007121503555007648,0.08,0.0009254553874774449,0.900417382717865,0.4064,0.3659296243365403,0.1647446973020196,0.04944632972044379,0.013479348640996314,0.900417382717865,0.1398934974962288,0.11117187582058113,0.08963664277074072,0.0035098087897101602,0.13376459081246012,0.0,0.2630284850131247,0.0,0.23011781505154622,0.0,0.0
0.5224390243902439,Unai Simón,41,Spain,GK,1.0,playing,0.5806451612903225,0.5797101449275363,1.0,12.9,0.4,0.4666666666666667,0.3809523809523809,0.3888888888888888,,,,0.0067,0.0067,Spain,Belgium,True,Belgium,0.5211,0.5211,0.7957,0.6061,0.4064,0.5936,0.2043,0.0,0.0,1.0,0.0,0.9375,0.0,0.0,0.0,0.0,0.0,0.0,0.0,0.375,0.0,0.0,0.0,0.0,0.0,0.0,1.0,0.0,0.0,0.0,0.0,0.0,0.0,1.0,0.0,0.0,0.0,0.0,0.0,0.0,0.0,0.25,0.0,0.0,1.0,0.0,0.0,0.0,0.0,0.0,0.0,1.0,0.0,0.0,0.0,0.0,0.0,0.0,0.0,0.3333333333333333,0.0,0.0,1.0,0.0,0.0,0.0,0.0,0.0,0.0,1.0,0.0,0.0,0.0,0.0,0.0,0.0,0.0,0.3333333333333333,0.0,0.0,0.75,0.0,0.0,0.0,0.0,0.0,0.0,1.0,0.0,0.0,0.0,0.0,0.0,0.0,0.0,0.0,0.0,0.0,0.75,0.0,0.0,0.0,0.0,0.0,0.0,1.0,0.0,0.0,0.0,0.0,0.0,0.0,0.0,0.5,0.0,Unai Simón,0.0,0.0,0.0066666666666666,0.9688995215311008,0.0,0.0194772429104854,0.8294333990725438,1.0,1.0,0.78125,,0.1858552631578947,0.0,0.0,0.0,0.0,0.9,0.9375,0.0,0.0,0.0,0.0,0.0,0.0,0.6666666666666667,0.6333333333333334,0.0053311899999999,0.00406087,0.0,0.0,0.0,0.0,0.0,0.0,1.0,0.9,0.8047524752475247,0.0,-0.27052478756483156,0.0,0.0,0.0,0.0,0.0,0.0,0.0,0.0,0.0,0.24,0.2666666666666666,0.2399999999999999,0.0,0.0,0.0,0.0,0.0,0.0,0.3888888888888888,0.5641025641025642,0.5686274509803922,0.5793650793650794,0.0,0.35,0.8333333333333333,1.0,1.0,0.6666666666666667,0.6666666666666667,0.6666666666666667,0.6666666666666667,1.0,0.0,5.0,0.859663750509917,0.8817127151286392,0.006722545760826811,0.0,0.09531667982544992,0.008404192856594465,0.15,0.0459998804669086,0.018665867338008,0.4740165427610732,0.04,0.008873177983402196,0.05,0.00508566484670088,0.08,0.007035413073523969,0.900417382717865,0.4064,0.3659296243365403,0.1647446973020196,0.04944632972044379,0.013479348640996314,0.900417382717865,0.1398934974962288,0.7939094552651919,1.0558895701179944,0.025064526111089686,0.13376459081246012,0.0,0.2630284850131247,0.0,0.23011781505154622,0.0,0.0
0.5234146341463415,Joan García,41,Spain,GK,0.3333333333333335,playing,0.0161290322580645,0.072463768115942,0.0,0.9,0.05,0.0,0.0476190476190476,0.0,,,,0.0067,0.0067,Spain,Belgium,True,Belgium,0.5211,0.5211,0.7957,0.6061,0.4064,0.5936,0.2043,0.0,0.0,0.0,0.0,0.0,0.0,0.0,0.0,0.0,0.0,0.0,0.0,0.0,0.0,0.0,0.0,0.0,0.0,0.0,0.0,0.0,0.0,0.0,0.0,0.0,0.0,0.0,0.0,0.0,0.0,0.0,0.0,0.0,0.0,0.0,0.0,0.0,0.0,0.0,0.0,0.0,0.0,0.0,0.0,0.0,0.0,0.0,0.0,0.0,0.0,0.0,0.0,0.0,0.0,0.0,0.0,0.0,0.0,0.0,0.0,0.0,0.0,0.0,0.0,0.0,0.0,0.0,0.0,0.0,0.0,0.0,0.0,0.0,0.0,0.0,0.0,0.0,0.0,0.0,0.0,0.0,0.0,0.0,0.0,0.0,0.0,0.0,0.0,0.0,0.0,0.0,0.0,0.0,0.0,0.0,0.0,0.0,0.0,0.0,0.0,0.0,0.0,0.0,0.0,0.0,0.0,0.0,0.0,Joan García,0.0,0.0,0.0066666666666666,0.9688995215311008,0.0,0.0194772429104854,0.8294333990725438,1.0,1.0,0.78125,,0.1858552631578947,0.0,0.0,0.0,0.0,0.0,0.0,0.0,0.0,0.0,0.0,0.0,0.0,0.6666666666666667,0.6333333333333334,0.0053311899999999,0.00406087,0.0,0.0,0.0,0.0,0.0,0.0,0.0,0.0,0.0,0.0,-0.03437797911134347,0.0,0.0,0.0,0.0,0.0,0.0,0.0,0.0,0.0,0.0,0.0,0.0,0.0,0.0,0.0,0.0,0.0,0.0,0.0,0.0256410256410256,0.0196078431372549,0.0238095238095238,0.0,0.0,0.3333333333333333,0.4999999999999999,0.4999999999999999,0.6666666666666667,0.6666666666666667,0.6666666666666667,0.6666666666666667,0.2666666666666667,1.0,4.0,0.19154534856146752,0.11204703855699032,0.006722545760826811,0.0,0.09531667982544992,0.001067995169952649,0.15,0.005845611945769296,0.0017522142551760877,0.051849671937104165,0.04,0.0010777023945366417,0.05,0.0006462804441728921,0.08,0.0008390626722762975,0.900417382717865,0.4064,0.3659296243365403,0.1647446973020196,0.04944632972044379,0.013479348640996314,0.900417382717865,0.1398934974962288,0.10088910119877292,0.040609804522574816,0.0017081286232296946,0.13376459081246012,0.0,0.17986058746459394,0.0,0.1495368952746058,0.0,0.0
0.5239024390243903,Marcos Llorente,41,Spain,DEF,0.8,playing,0.3548387096774193,0.8333333333333334,0.4,4.1,0.5,0.0,0.6190476190476191,0.0,,Marcos Llorente,1.0,0.1176,0.0455,Spain,Belgium,True,Belgium,0.5211,0.5211,0.7957,0.6061,0.4064,0.5936,0.2043,0.0,0.2,0.4,0.0,0.375,0.0,0.0,0.0,0.5,0.0,0.0,0.3333333333333333,0.0,0.0,0.0,0.0,0.0,0.0,0.0,1.0,0.0,0.0,0.0,0.0,0.0,0.0,1.0,0.0,0.0,0.0,0.3333333333333333,0.0,0.0,0.0,0.0,1.0,0.0,0.0,0.0,0.0,0.0,0.0,0.0,0.0,0.0,0.0,0.0,0.0,0.0,0.0,0.0,0.0,0.0,0.0,0.0,1.0,0.5,0.0,0.0,0.0,0.0,0.0,1.0,0.0,0.0,0.0,0.5,0.0,0.0,0.0,0.0,1.0,0.0,0.0,0.0,0.0,0.0,0.0,0.0,0.0,0.0,0.0,0.0,0.0,0.0,0.0,0.0,0.0,0.0,0.0,0.0,0.0,0.0,0.0,0.0,0.0,0.0,0.0,0.0,0.0,0.0,0.0,0.0,0.0,0.0,0.0,0.0,0.0,Marcos Llorente,0.0,1.0,0.0454545454545454,0.9688995215311008,0.0,0.0194772429104854,0.8294333990725438,1.0,1.0,0.78125,,0.1858552631578947,0.0,0.0,0.0,0.0,0.3,0.375,0.0,0.0,0.0,0.0,0.0,0.0,0.5,0.5875,0.0935743199999999,0.07127736,0.3388888888888889,0.3333333333333333,0.0,0.0,0.0,0.0,0.3333333333333333,0.3,0.2682508250825082,0.0,-0.09446615605383141,0.1666666666666666,0.2222222222222222,0.1666666666666666,0.0,0.0,0.0,0.0,0.0,0.0,0.0,0.0,0.0,0.0,0.0,0.0,0.0,0.0,0.0,0.0,0.3333333333333333,0.4313725490196078,0.3809523809523809,0.7881050739449706,0.6000000000000001,0.875,0.5,0.5,0.5625,0.375,0.4375,0.875,0.45,1.0,5.5,0.543948789862332,0.3078904956982118,0.12510981104284438,0.0399899909878292,0.17292926833551023,0.0479189503336944,0.45,0.03812845678087285,0.006914974907625652,0.15169165042250618,0.12,0.003558437154154183,0.08,0.001863552866980939,0.14,0.0028622365477656703,0.900417382717865,0.4064,0.3659296243365403,0.1647446973020196,0.04944632972044379,0.013479348640996314,0.900417382717865,0.1398934974962288,0.27722995430028996,0.0,0.0,0.27690131592467315,0.0,0.2586606313913773,0.0,0.232865658212446,0.0,0.0
0.5248780487804878,Rodri,41,Spain,MID,0.5283018867924528,playing,0.3064516129032257,0.3333333333333333,1.0,1.7,0.2,0.2,0.238095238095238,0.2222222222222222,,Rodri,1.0,0.1639,0.0667,Spain,Belgium,True,Belgium,0.5211,0.5211,0.7957,0.6061,0.4064,0.5936,0.2043,0.0,0.0,1.0,0.0,0.93125,0.0,0.0,0.0,0.0,0.0,0.0,1.0,0.0,0.0,0.0,0.0,0.0,0.0,0.0,0.9666666666666668,0.0,0.0,0.0,0.0,0.0,0.0,1.0,0.0,0.0,0.0,0.3333333333333333,0.0,0.0,0.0,0.0,0.0,0.0,1.0,0.0,0.0,0.0,0.0,0.0,0.0,1.0,0.0,0.0,0.0,0.4,0.0,0.0,0.0,0.0,0.0,0.0,1.0,0.0,0.0,0.0,0.0,0.0,0.0,1.0,0.0,0.0,0.0,0.625,0.0,0.0,0.0,0.0,0.0,0.0,0.75,0.0,0.0,0.0,0.0,0.0,0.0,1.0,0.0,0.0,0.0,1.0,0.0,0.0,0.0,0.0,0.0,0.0,0.75,0.0,0.0,0.0,0.0,0.0,0.0,1.0,0.0,0.0,0.0,0.8,0.0,0.0,0.0,0.0,0.0,Rodri,0.0,1.0,0.064516129032258,0.9688995215311008,0.0,0.0194772429104854,0.8294333990725438,1.0,1.0,0.78125,,0.1858552631578947,0.0,0.0,0.0,0.0,0.9,0.93125,0.0,0.0,0.0,0.0,0.0,0.0,0.2272727272727272,0.8500000000000001,0.13041523,0.0993397899999999,0.0,0.0,0.0,0.0,0.0,0.0,1.0,0.9,0.8047524752475247,0.0,0.0,0.2013422818791946,0.2592592592592592,0.2013422818791946,0.0,0.0,0.0,0.0,0.0,0.0,0.0,0.0,0.0,0.0,0.0,0.0,0.0,0.0,0.0,0.2222222222222222,0.3076923076923077,0.2941176470588235,0.3174603174603174,0.0735711892777709,0.2,0.6363636363636364,0.8636363636363636,1.0,0.5454545454545455,0.3181818181818182,0.3181818181818182,1.0,0.6000000000000001,1.0,7.5,0.8745143476330616,0.8919096828290004,0.17900705582612475,0.20506251704112927,0.11813200470612703,0.10536307884939575,0.55,0.12710303701138156,0.01888090903839707,0.4794985226543385,0.14,0.011728259079809148,0.04,0.005061883865754875,0.05,0.008987518653570087,0.900417382717865,0.4064,0.3659296243365403,0.1647446973020196,0.04944632972044379,0.013479348640996314,0.900417382717865,0.1398934974962288,0.0,0.0,0.0,0.3075638169336145,0.27431914641093685,0.2328027877470171,0.20763906058114912,0.2105114096819325,0.0,0.0
0.5253658536585366,Dani Olmo,41,Spain,MID,0.5660377358490566,playing,0.2903225806451612,0.3188405797101449,1.0,2.0,0.1,0.5333333333333333,0.0952380952380952,0.2222222222222222,,Dani Olmo,1.0,0.2985,0.1299,Spain,Belgium,True,Belgium,0.5211,0.5211,0.7957,0.6061,0.4064,0.5936,0.2043,0.0,0.2,1.0,0.0,0.5333333333333333,0.0,0.0,0.0,0.25,0.3333333333333333,0.0,0.3333333333333333,0.0,0.0,0.0,0.0,0.0,0.0,0.0,0.1,0.0,0.0,0.0,0.0,0.0,0.0,1.0,0.0,0.0,0.0,0.0,0.0,0.0,0.0,0.0,0.0,0.0,0.6777777777777778,0.5,0.0,0.0,0.0,0.0,0.0,1.0,0.0,0.0,0.0,0.2,0.5,0.0,0.0,0.0,1.0,0.0,0.3333333333333333,0.0,0.0,0.0,0.0,0.0,0.0,1.0,0.0,0.0,0.0,0.0,0.0,0.0,0.0,0.0,0.0,0.0,0.5916666666666667,0.0,0.0,0.0,0.0,0.0,0.0,1.0,0.0,0.0,0.0,0.8,0.0,0.0,0.0,0.0,0.0,0.0,0.7083333333333334,0.0,0.0,0.0,0.0,0.0,0.0,1.0,0.0,0.0,0.0,0.2,0.5,0.0,0.0,0.0,0.0,Dani Olmo,0.0,1.0,0.1298701298701298,0.9688995215311008,0.0,0.0194772429104854,0.8294333990725438,1.0,1.0,0.78125,,0.1858552631578947,0.0,0.0,0.0,0.0,0.62,0.5333333333333333,0.0,0.0,0.0,0.0,0.0,0.0,0.8181818181818182,0.1999999999999999,0.23751645,0.18092085,0.23828125,0.0,0.4765624999999999,0.1935483870967742,0.5594765625,0.0,1.0,0.62,0.5543850385038503,0.0,0.0,0.1171875,0.1344086021505376,0.1171875,0.4765624999999999,0.1935483870967742,0.4765624999999999,0.0,0.0,0.0,0.0,0.0,0.0,0.0,0.0,0.0,0.0,0.0,0.0,0.2222222222222222,0.358974358974359,0.2941176470588235,0.3095238095238095,0.4226343057864621,0.4,0.7272727272727273,0.7272727272727273,0.6363636363636364,0.5454545454545455,0.3181818181818182,1.0,0.6818181818181818,0.7000000000000001,1.0,7.7,0.7233037833452831,0.6735971769878555,0.3545343794396214,0.28015970640376736,0.5293975962172203,0.3566007263160762,0.55,0.0818204531471967,0.02792205435881926,0.3621317914223542,0.14,0.007976480365044147,0.04,0.003822887841510931,0.05,0.005987048320867171,0.900417382717865,0.4064,0.3659296243365403,0.1647446973020196,0.04944632972044379,0.013479348640996314,0.900417382717865,0.1398934974962288,0.0,0.0,0.0,0.2281046685140616,0.15365066076882247,0.45157324295141993,0.30417846165532747,0.24913308945472598,0.0,0.0
0.5258536585365854,Pedri,41,Spain,MID,0.6415094339622641,playing,0.2741935483870967,0.3043478260869565,1.0,7.1,0.15,0.2,0.238095238095238,0.2222222222222222,,Pedri,1.0,0.1639,0.0667,Spain,Belgium,True,Belgium,0.5211,0.5211,0.7957,0.6061,0.4064,0.5936,0.2043,0.0,0.0,1.0,0.0,0.8208333333333333,0.5,0.0,0.0588235294117647,0.0,0.1666666666666666,0.0,0.5,0.0,0.0,0.0,0.0,0.0,0.0,0.0,1.0,0.0,1.0,0.0,0.0,0.0,0.0,1.0,0.0,0.0,0.0,0.3333333333333333,0.5,0.25,0.0,0.0,0.0,0.0,0.7777777777777778,0.0,0.0,0.0,0.0,0.0,0.0,1.0,0.0,0.0,0.0,0.0,0.0,0.0,0.0,0.0,0.0,0.0,0.6666666666666667,0.0,0.0,0.0,0.0,0.0,0.0,1.0,0.0,0.0,0.0,0.375,0.0,0.0,0.0,0.0,0.0,0.0,0.7416666666666667,0.0,0.0,0.0,0.0,0.0,0.0,1.0,0.0,0.0,0.0,0.6000000000000001,0.0,0.0,0.0,0.0,0.0,0.0,0.7083333333333334,0.0,0.0,0.0,0.0,0.0,0.0,1.0,0.0,0.0,0.0,0.2,0.0,0.0,0.0,0.0,0.0,Pedri,0.0,1.0,0.064516129032258,0.9688995215311008,0.0,0.0194772429104854,0.8294333990725438,1.0,1.0,0.78125,,0.1858552631578947,0.0,0.0,0.0,0.0,0.78,0.8208333333333333,0.0,0.0,0.0406091370558375,0.0,0.0,0.0,0.2272727272727272,0.8500000000000001,0.13041523,0.0993397899999999,0.0,0.0,0.1548223350253806,0.0,0.1817588832487309,0.0,1.0,0.78,0.6974521452145214,0.0,0.0,0.1142131979695431,0.1495726495726495,0.1142131979695431,0.1548223350253806,0.0,0.1548223350253806,0.0406091370558375,0.0,0.0406091370558375,0.0,0.0,0.0,0.1269035532994923,0.0,0.0,0.0,0.0,0.0,0.2222222222222222,0.3076923076923077,0.2745098039215686,0.3095238095238095,0.1220040151072922,0.2,0.9090909090909092,0.6363636363636364,0.9090909090909092,0.5454545454545455,0.6818181818181818,0.7727272727272728,0.9090909090909092,0.9,0.0,8.1,0.8732242620914471,0.8531726527421747,0.17900705582612475,0.20426668000385356,0.2091825062094842,0.17846879373000207,0.55,0.1463069722365577,0.023522896481070147,0.45867315316206586,0.14,0.010822162183957876,0.04,0.004842038346215473,0.05,0.008361491662943721,0.900417382717865,0.4064,0.3659296243365403,0.1647446973020196,0.04944632972044379,0.013479348640996314,0.900417382717865,0.1398934974962288,0.0,0.0,0.0,0.22909437369423896,0.19545705453302092,0.302021201557632,0.2576762297173039,0.24253554317401793,0.0,0.0
0.54,Granit Xhaka,43,Switzerland,MID,0.2830188679245283,playing,0.3064516129032257,0.3333333333333333,1.0,2.3,0.15,0.6666666666666666,0.0952380952380952,0.1666666666666666,,,,0.0067,0.0067,Argentina,Switzerland,False,Argentina,0.4635,0.4444,0.5455,0.2632,0.2434,0.7566,0.4545,0.125,0.0,0.4,0.375,1.0,1.0,0.0,0.0588235294117647,0.25,0.0,0.0,0.2777777777777778,0.0,0.0,0.0,0.0,0.0,0.0,0.0,1.0,0.0,0.0,0.0,0.0,0.0,0.0,0.0,0.0,0.5,0.0,0.0,0.0,0.0,0.0,0.0,0.0,0.0,1.0,0.0,0.0,0.0,0.0,0.0,0.0,0.0,0.5,0.5,0.0,0.4,0.0,0.25,0.0,0.0,1.0,0.0,1.0,0.0,1.0,0.0,0.0,0.0,0.0,0.0,0.0,0.25,0.0,0.125,0.0,0.0,0.0,0.0,0.0,0.0,0.75,0.0,0.0,0.0,0.0,0.0,0.0,1.0,0.0,0.0,0.0,0.4,0.0,0.0,0.0,0.0,0.0,0.0,1.0,0.0,1.0,0.0,0.0,0.0,0.0,1.0,0.0,0.0,0.0,0.0,0.0,0.0,0.0,0.0,0.0,Granit Xhaka,0.0,0.0,0.0066666666666666,0.9688995215311008,1.0,0.0297671070896098,0.0,0.0,0.0,0.3508771929824561,,0.840012928248222,0.0,0.0,0.0,0.0,1.0,1.0,0.1067708333333333,0.0,0.0333333333333333,1.0,0.0,0.0,0.5499999999999999,0.5050000000000001,0.00365485,0.00176344,0.0,0.0,0.0,0.0,0.0,0.0,0.6666666666666666,1.0,0.5355335533553355,0.04375,0.0,0.0520833333333333,0.0499999999999999,0.0520833333333333,0.0,0.0,0.0,0.0333333333333333,0.0,0.0333333333333333,0.0,0.0,0.0,0.2083333333333333,0.0,0.0,0.0,0.0,0.0,0.1666666666666666,0.3846153846153847,0.3333333333333333,0.3174603174603174,0.5202268683827086,0.5,0.85,0.7999999999999999,1.0,0.5499999999999999,0.5,0.35,0.65,0.8900000000000001,1.0,6.2,0.8628303962577357,0.8977067713435067,0.006722545760826811,0.04565044220885484,0.04504448442665816,0.04043673868148817,0.55,0.2866887190286236,0.009955439678173663,0.21602316214202644,0.14,0.02445209897086478,0.04,0.013415323406215752,0.05,0.01563321098981724,1.4130490984287103,0.24339999999999998,0.34393615055754806,0.24299933373119223,0.11445666314921281,0.055207852562046966,1.4130490984287103,0.7809969528247355,0.0,0.0,0.0,0.2738728068941613,0.24585747323574125,0.15129612587041286,0.13581955667190912,0.16127094791450852,0.0,0.0
0.5409756097560976,Michel Aebischer,43,Switzerland,MID,0.2264150943396227,playing,0.1612903225806451,0.2391304347826087,0.8,0.0,0.2,0.2666666666666666,0.0952380952380952,0.0555555555555555,,,,0.0067,0.0067,Argentina,Switzerland,False,Argentina,0.4635,0.4444,0.5455,0.2632,0.2434,0.7566,0.4545,0.0,0.0,0.6000000000000001,0.125,0.3229166666666667,0.0,0.0,0.0588235294117647,0.0,0.0,0.0,0.2777777777777778,0.0,0.0,0.0,0.0,0.0,0.0,0.0,0.7222222222222222,0.0,0.0,0.0,0.0,0.0,0.0,1.0,0.0,0.0,0.0,0.0,0.0,0.25,0.0,0.0,0.0,0.0,0.788888888888889,0.0,0.0,0.0,0.0,0.0,0.0,1.0,0.0,0.0,0.0,0.8,0.0,0.0,0.0,0.0,0.0,0.0,0.1777777777777777,0.0,0.0,0.0,0.0,0.0,0.0,0.0,0.0,0.25,0.0,0.125,0.0,0.0,0.0,0.0,0.0,0.0,0.025,0.0,0.0,0.0,0.0,0.0,0.0,1.0,0.0,0.0,0.0,0.0,0.0,0.0,0.0,0.0,0.0,0.0,0.0,0.0,0.0,0.0,0.0,0.0,0.0,0.0,0.0,0.0,0.0,0.0,0.0,0.0,0.0,0.0,0.0,Michel Aebischer,0.0,0.0,0.0066666666666666,0.9688995215311008,1.0,0.0297671070896098,0.0,0.0,0.0,0.3508771929824561,,0.840012928248222,0.0,0.0,0.0,0.0,0.0633333333333333,0.3229166666666666,0.0,0.0,0.1032258064516129,0.0,0.0,0.0,0.5499999999999999,0.5050000000000001,0.00365485,0.00176344,0.0,0.0,0.0,0.0,0.0,0.0,0.3333333333333333,0.0633333333333333,0.0339171250458379,0.0451612903225806,0.0,0.1612903225806451,0.2631578947368421,0.1612903225806451,0.0,0.0,0.0,0.1032258064516129,0.0,0.1032258064516129,0.0,0.0,0.0,0.0,0.0,0.0,0.0,0.0,0.0,0.0555555555555555,0.1794871794871795,0.196078431372549,0.1666666666666666,0.1911435567035488,0.2,0.35,0.4,0.2999999999999999,0.5499999999999999,0.5,0.35,0.65,0.285,1.0,5.9,0.18614595102076784,0.13372986056468672,0.006722545760826811,0.003952401675387485,0.040692044805271284,0.005441741477900913,0.55,0.03521443777177732,0.0014438946116802315,0.0396464590536209,0.14,0.0030599785653931053,0.04,0.0021236942518713105,0.05,0.00174190658117857,1.4130490984287103,0.24339999999999998,0.34393615055754806,0.24299933373119223,0.11445666314921281,0.055207852562046966,1.4130490984287103,0.7809969528247355,0.0,0.0,0.0,0.39474535317608994,0.05278924103879652,0.1447327623043061,0.0193550921220968,0.16133203612508232,0.0,0.0
0.5414634146341464,Remo Freuler,43,Switzerland,MID,0.2264150943396227,playing,0.2903225806451612,0.3188405797101449,1.0,0.1,0.4,0.1333333333333333,0.1428571428571428,0.1666666666666666,,,,0.0067,0.0067,Argentina,Switzerland,False,Argentina,0.4635,0.4444,0.5455,0.2632,0.2434,0.7566,0.4545,0.0,0.0,0.6000000000000001,0.25,0.9979166666666668,0.0,0.0,0.0588235294117647,0.25,0.0,0.0,0.3888888888888888,0.0,0.0,0.0,0.0,1.0,0.0,0.0,0.9888888888888888,0.0,0.0,0.0,0.0,1.0,0.0,1.0,0.0,0.0,0.0,0.1666666666666666,0.0,0.0,0.0,0.0,1.0,0.0,1.0,0.0,0.0,0.0,0.0,0.0,0.0,0.0,0.0,0.5,0.0,0.4,0.0,0.0,0.0,0.0,0.0,0.0,1.0,0.0,0.0,0.0,0.0,0.0,0.0,0.0,0.0,0.25,0.0,0.25,0.0,0.0,0.0,0.0,0.0,0.0,0.75,0.0,0.0,0.0,0.0,0.0,0.0,1.0,0.0,0.0,0.0,0.2,0.0,0.1666666666666666,0.0,0.0,0.0,0.0,1.0,0.0,0.0,0.0,0.0,0.0,0.0,1.0,0.0,0.0,0.0,0.2,0.0,0.0,0.0,0.0,0.0,Remo Freuler,0.0,0.0,0.0066666666666666,0.9688995215311008,1.0,0.0297671070896098,0.0,0.0,0.0,0.3508771929824561,,0.840012928248222,0.0,0.0,0.0,0.0,1.0,0.9979166666666666,0.0,0.0,0.0334029227557411,0.0,0.0,0.0,0.5499999999999999,0.5050000000000001,0.00365485,0.00176344,0.0,0.0,0.0,0.0,0.0,0.0,0.6666666666666666,1.0,0.5355335533553355,0.0292275574112734,0.0,0.0730688935281837,0.0666666666666666,0.0730688935281837,0.0,0.0,0.0,0.0334029227557411,0.0633333333333333,0.0334029227557411,0.0,0.0,0.0,0.0,0.0,0.0,0.0,0.1878914405010438,0.0,0.1666666666666666,0.2051282051282051,0.2941176470588235,0.2539682539682539,0.3033417843945591,0.35,0.35,0.7,0.9,0.5499999999999999,0.5,0.35,0.95,0.67,1.0,5.9,0.7834269639058807,0.8822721537699441,0.006722545760826811,0.02607565673054226,0.042998909858096686,0.037936740810262645,0.55,0.21286563405405257,0.015174260269805378,0.24134646584567687,0.14,0.022716872152353306,0.04,0.013598141560330419,0.05,0.01404444907482676,1.4130490984287103,0.24339999999999998,0.34393615055754806,0.24299933373119223,0.11445666314921281,0.055207852562046966,1.4130490984287103,0.7809969528247355,0.0,0.0,0.0,0.29110658231512154,0.2568352313557698,0.1447327623043061,0.1276936859192935,0.13302013179601188,0.0,0.0
0.5419512195121952,Ardon Jashari,43,Switzerland,MID,0.0943396226415094,playing,0.0483870967741935,0.144927536231884,0.4,0.0,0.1,0.0,0.0476190476190476,0.0,,,,0.0067,0.0067,Argentina,Switzerland,False,Argentina,0.4635,0.4444,0.5455,0.2632,0.2434,0.7566,0.4545,0.0,0.0,0.2,0.125,0.0958333333333333,0.0,0.0,0.0,0.0,0.0,0.0,0.0555555555555555,0.0,0.0,0.0,0.0,0.0,0.0,0.0,0.0111111111111111,0.0,0.0,0.0,0.0,0.0,0.0,0.0,0.0,0.5,0.0,0.0,0.0,0.0,0.0,0.0,0.0,0.0,0.0,0.0,0.0,0.0,0.0,0.0,0.0,0.0,0.0,0.0,0.0,0.0,0.0,0.0,0.0,0.0,0.0,0.0,0.0,0.0,0.0,0.0,0.0,0.0,0.0,0.0,0.0,0.0,0.0,0.0,0.0,0.0,0.0,0.0,0.0,0.0,0.0,0.0,0.0,0.0,0.0,0.0,0.0,0.0,0.0,0.0,0.0,0.0,0.0,0.0,0.0,0.0,0.0,0.0,0.375,0.0,0.0,0.0,0.0,0.0,0.0,1.0,0.0,0.0,0.0,0.2,0.0,0.0,0.0,0.0,0.0,Ardon Jashari,0.0,0.0,0.0066666666666666,0.9688995215311008,1.0,0.0297671070896098,0.0,0.0,0.0,0.3508771929824561,,0.840012928248222,0.0,0.0,0.0,0.0,0.15,0.0958333333333333,0.0,0.0,0.0,0.0,0.0,0.0,0.5499999999999999,0.5050000000000001,0.00365485,0.00176344,0.0,0.0,0.0,0.0,0.0,0.0,0.3333333333333333,0.15,0.0803300330033003,0.1521739130434782,0.0,0.108695652173913,0.1111111111111111,0.108695652173913,0.0,0.0,0.0,0.0,0.0,0.0,0.0,0.0,0.0,0.0,0.0,0.0,0.0,0.0,0.0,0.0,0.0256410256410256,0.0392156862745098,0.0317460317460317,0.0637145189011829,0.05,0.1,0.1999999999999999,0.1999999999999999,0.5499999999999999,0.1999999999999999,0.35,0.2999999999999999,0.285,1.0,5.2,0.14785810405759559,0.1188621149491343,0.006722545760826811,0.0022821473851415736,0.040518097720851055,0.004816066788816055,0.55,0.029736507745233898,0.0012055121788378251,0.03233800356174363,0.14,0.0026239008434498856,0.04,0.0018875873287899053,0.05,0.0014857379227376443,1.4130490984287103,0.24339999999999998,0.34393615055754806,0.24299933373119223,0.11445666314921281,0.055207852562046966,1.4130490984287103,0.7809969528247355,0.0,0.0,0.0,0.32440696556255066,0.03855969803099575,0.12958372323680897,0.015402595406910394,0.1049761031806055,0.0,0.0
0.5424390243902439,Fabian Rieder,43,Switzerland,MID,0.2830188679245283,playing,0.1612903225806451,0.2391304347826087,0.8,0.0,0.1,0.2666666666666666,0.0476190476190476,0.0555555555555555,,,,0.0067,0.0067,Argentina,Switzerland,False,Argentina,0.4635,0.4444,0.5455,0.2632,0.2434,0.7566,0.4545,0.0,0.0,0.6000000000000001,0.125,0.4541666666666666,0.0,0.0,0.1176470588235294,0.0,0.1666666666666666,0.0,0.2777777777777778,0.0,0.0,0.0,0.0,0.0,0.0,0.0,0.2777777777777778,0.0,0.0,0.0,0.0,0.0,0.0,0.0,0.0,0.5,0.0,0.0,0.5,0.0,0.0,0.0,0.0,0.0,0.788888888888889,0.0,0.0,0.0,0.0,0.0,0.0,1.0,0.0,0.0,0.0,0.6000000000000001,0.0,0.0,0.0,0.0,0.0,0.0,0.0,0.0,0.0,0.0,0.0,0.0,0.0,0.0,0.0,0.0,0.0,0.0,0.0,0.0,0.0,0.0,0.0,0.0,0.1583333333333333,0.0,0.0,0.0,0.0,0.0,0.0,1.0,0.0,0.0,0.0,0.2,0.0,0.1666666666666666,0.0,0.0,0.0,0.0,0.8583333333333333,0.0,0.0,0.0,0.0,0.0,0.0,1.0,0.0,0.0,0.0,0.2,0.0,0.25,0.0,0.0,0.0,Fabian Rieder,0.0,0.0,0.0066666666666666,0.9688995215311008,1.0,0.0297671070896098,0.0,0.0,0.0,0.3508771929824561,,0.840012928248222,0.0,0.0,0.0,0.0,0.4066666666666667,0.4541666666666666,0.0,0.0,0.146788990825688,0.0,0.0,0.0,0.5499999999999999,0.5050000000000001,0.00365485,0.00176344,0.0,0.0,0.2798165137614679,0.0,0.2252064220183486,0.0,0.6666666666666666,0.4066666666666667,0.2177836450311697,0.0321100917431192,0.0,0.1146788990825687,0.081967213114754,0.1146788990825688,0.2798165137614679,0.0,0.2798165137614679,0.146788990825688,0.3114754098360656,0.146788990825688,0.0,0.0,0.0,0.0,0.0,0.0,0.0,0.0,0.0,0.0555555555555555,0.1538461538461538,0.1372549019607843,0.1269841269841269,0.2207135678333128,0.2,0.85,0.4,0.6,0.5499999999999999,0.75,0.7999999999999999,0.65,0.285,1.0,6.2,0.44485029655010505,0.34541609759034375,0.006722545760826811,0.012612541182296646,0.1992433391742691,0.06882185668844529,0.55,0.086931667336921,0.005103376778520807,0.10240439279417989,0.14,0.008086148465819808,0.04,0.005485373108585587,0.05,0.0047124022752574515,1.4130490984287103,0.24339999999999998,0.34393615055754806,0.24299933373119223,0.11445666314921281,0.055207852562046966,1.4130490984287103,0.7809969528247355,0.0,0.0,0.0,0.32250000861357725,0.1113966944481541,0.20098286507649482,0.06942271693724943,0.18620673463037823,0.0,0.0
0.5429268292682927,Manuel Akanji,43,Switzerland,DEF,0.5999999999999999,playing,0.4032258064516129,0.4202898550724637,1.0,2.8,0.15,0.1333333333333333,0.1428571428571428,0.5,,,,0.0067,0.0067,Argentina,Switzerland,False,Argentina,0.4635,0.4444,0.5455,0.2632,0.2434,0.7566,0.4545,0.0,0.0,0.4,0.375,1.0,0.0,0.0,0.0588235294117647,0.5,0.0,0.0,0.4444444444444444,0.0,0.0,0.0,0.0,0.0,0.0,0.0,1.0,0.0,0.0,0.0,0.0,0.0,0.0,0.0,0.0,0.5,0.0,0.1666666666666666,0.0,0.25,0.0,0.0,0.0,0.0,1.0,0.0,0.0,0.0,0.0,0.0,0.0,0.0,0.0,0.5,0.0,0.6000000000000001,0.0,0.0,0.0,0.0,0.0,0.0,1.0,0.0,0.0,0.0,0.0,0.0,0.0,0.0,0.0,0.25,0.0,0.25,0.0,0.0,0.0,0.0,0.0,0.0,0.75,0.0,0.0,0.0,0.0,0.0,0.0,1.0,0.0,0.0,0.0,0.2,0.0,0.0,0.0,0.0,1.0,0.0,1.0,0.0,0.0,0.0,0.0,0.0,0.0,1.0,0.0,0.0,0.0,0.2,0.0,0.0,0.0,0.0,1.0,Manuel Akanji,0.0,0.0,0.0066666666666666,0.9688995215311008,1.0,0.0297671070896098,0.0,0.0,0.0,0.3508771929824561,,0.840012928248222,0.0,0.0,0.0,0.0,1.0,1.0,0.0,0.0,0.0333333333333333,0.0,0.0,0.0,0.5625,0.51875,0.00365485,0.00176344,0.0,0.0,0.0,0.0,0.0,0.0,0.6666666666666666,1.0,0.5355335533553355,0.04375,-0.5883434058590585,0.0833333333333333,0.0666666666666666,0.0833333333333333,0.0,0.0,0.0,0.0333333333333333,0.0,0.0333333333333333,0.0,0.0,0.0,0.0,0.0,0.0,0.0,0.0,0.0,0.5,0.358974358974359,0.3137254901960784,0.4047619047619047,0.4460016323082807,0.45,1.0,0.875,0.9375,0.5625,1.0,0.5,0.875,1.0,1.0,5.0,0.8733877114265031,0.8962513731336202,0.006722545760826811,0.029089188453506762,0.04331355300640272,0.03493784822155586,0.45,0.2095757634764558,0.011536423166013436,0.21567293673044244,0.12,0.022967078421832158,0.08,0.01393111089980706,0.14,0.015346815380842737,1.4130490984287103,0.24339999999999998,0.34393615055754806,0.24299933373119223,0.11445666314921281,0.055207852562046966,1.4130490984287103,0.7809969528247355,1.2664471947719558,0.0,0.0,0.2979966985674522,0.0,0.18886894423235023,0.0,0.17660194500330625,0.0,0.0
0.5434146341463415,Ricardo Rodríguez,43,Switzerland,DEF,0.3999999999999999,playing,0.5161290322580645,0.5217391304347827,1.0,1.3,0.5,0.1333333333333333,0.1428571428571428,0.5,,,,0.0067,0.0067,Argentina,Switzerland,False,Argentina,0.4635,0.4444,0.5455,0.2632,0.2434,0.7566,0.4545,0.0,0.0,0.6000000000000001,0.25,0.8958333333333334,0.0,0.0,0.0,0.75,0.3333333333333333,0.0,0.5,0.0,0.0,0.0,0.0,0.0,0.0,0.0,0.9888888888888888,0.0,0.0,0.0,0.0,0.0,0.0,1.0,0.0,0.0,0.0,0.0,0.5,0.0,0.0,0.0,1.0,0.0,1.0,0.0,0.0,0.0,0.0,0.0,0.0,0.0,0.0,0.5,0.0,0.6000000000000001,0.0,0.0,0.0,0.0,0.0,0.0,1.0,0.0,0.0,0.0,0.0,0.0,0.0,0.0,0.0,0.25,0.0,0.375,0.5,0.0,0.0,0.0,0.0,0.0,0.75,0.0,0.0,0.0,0.0,0.0,0.0,1.0,0.0,0.0,0.0,0.4,0.0,0.0,0.0,0.0,1.0,0.0,0.5916666666666667,0.0,0.0,0.0,0.0,0.0,0.0,1.0,0.0,0.0,0.0,0.2,0.0,0.0,0.0,0.0,1.0,Ricardo Rodríguez,0.0,0.0,0.0066666666666666,0.9688995215311008,1.0,0.0297671070896098,0.0,0.0,0.0,0.3508771929824561,,0.840012928248222,0.0,0.0,0.0,0.0,0.8366666666666668,0.8958333333333333,0.0,0.0,0.0,0.0,0.0,0.0,0.5625,0.51875,0.00365485,0.00176344,0.0,0.0,0.2837209302325581,0.1434262948207171,0.2283488372093023,0.0,0.6666666666666666,0.8366666666666668,0.4480630729739641,0.0325581395348837,-0.5376233401723954,0.1046511627906976,0.1195219123505976,0.1046511627906976,0.2837209302325581,0.1434262948207171,0.2837209302325581,0.0,0.0,0.0,0.0,0.0,0.0,0.0,0.0,0.0,0.0,0.0,0.0,0.5,0.358974358974359,0.4509803921568627,0.4603174603174603,0.5149983249443968,0.45,0.875,1.0,0.75,0.5625,0.5,1.0,1.0,0.8625000000000002,1.0,4.5,0.7757815199123922,0.8189870950531601,0.006722545760826811,0.018892616364103432,0.20239740695739467,0.14918477793329601,0.45,0.19587335681198645,0.014904608398800352,0.22403477217284834,0.12,0.02096934271270203,0.08,0.013112971390206727,0.14,0.013935918319584035,1.4130490984287103,0.24339999999999998,0.34393615055754806,0.24299933373119223,0.11445666314921281,0.055207852562046966,1.4130490984287103,0.7809969528247355,1.1572689762896164,0.0,0.0,0.3233554151282566,0.0,0.31648616522439954,0.0,0.13951497287463654,0.0,0.0
0.5439024390243903,Nico Elvedi,43,Switzerland,DEF,0.3199999999999998,playing,0.3870967741935484,0.4057971014492753,1.0,1.1,0.15,0.0666666666666666,0.1428571428571428,0.5,,,,0.0067,0.0067,Argentina,Switzerland,False,Argentina,0.4635,0.4444,0.5455,0.2632,0.2434,0.7566,0.4545,0.0,0.0,0.4,0.375,1.0,0.5,0.0,0.0,0.5,0.0,0.0,0.1666666666666666,0.0,0.0,0.0,0.0,0.0,0.0,0.0,1.0,0.0,0.0,0.0,0.0,0.0,0.0,0.0,0.0,0.5,0.0,0.0,0.0,0.0,0.0,0.0,0.0,0.0,1.0,0.0,1.0,0.0,0.0,0.0,0.0,0.0,0.0,0.5,0.0,0.0,0.0,0.0,0.0,0.0,0.0,0.0,1.0,0.0,0.0,0.0,0.0,0.0,0.0,0.0,0.0,0.25,0.0,0.125,0.0,0.0,0.0,0.0,0.0,0.0,0.75,0.0,0.0,0.0,0.0,0.0,0.0,1.0,0.0,0.0,0.0,0.4,0.0,0.0,0.0,0.0,1.0,0.0,1.0,0.0,0.0,0.0,0.0,0.0,0.0,1.0,0.0,0.0,0.0,0.0,0.0,0.0,0.0,0.0,1.0,Nico Elvedi,0.0,0.0,0.0066666666666666,0.9688995215311008,1.0,0.0297671070896098,0.0,0.0,0.0,0.3508771929824561,,0.840012928248222,0.0,0.0,0.0,0.0,1.0,1.0,0.0,0.0,0.0,0.0,0.0,0.0,0.5625,0.51875,0.00365485,0.00176344,0.0,0.0,0.0,0.0,0.0,0.0,0.6666666666666666,1.0,0.5355335533553355,0.04375,-0.5831404840102103,0.03125,0.0499999999999999,0.03125,0.0,0.0,0.0,0.0,0.0,0.0,0.0,0.0,0.0,0.1041666666666666,0.0,0.0,0.0,0.0,0.0,0.5,0.3333333333333333,0.2941176470588235,0.3888888888888888,0.4710854652412549,0.45,0.75,0.75,0.9375,0.5625,0.5,0.5,0.6875,0.7250000000000001,1.0,4.3,0.8342773094732712,0.888325515879338,0.006722545760826811,0.01825355355572356,0.042182664974632134,0.03372474386227983,0.45,0.23316923803529963,0.0100248814310885,0.21376566722840454,0.12,0.02260231462760579,0.08,0.013807913324109751,0.14,0.015237728621830223,1.4130490984287103,0.24339999999999998,0.34393615055754806,0.24299933373119223,0.11445666314921281,0.055207852562046966,1.4130490984287103,0.7809969528247355,1.2552475693245175,0.0,0.0,0.2602673702883813,0.0,0.1556075739155854,0.0,0.13035928622087856,0.0,0.0
0.5443902439024391,Silvan Widmer,43,Switzerland,DEF,0.28,playing,0.2096774193548387,0.2898550724637681,0.8,0.4,0.05,0.6,0.0952380952380952,0.0555555555555555,,,,0.0067,0.0067,Argentina,Switzerland,False,Argentina,0.4635,0.4444,0.5455,0.2632,0.2434,0.7566,0.4545,0.0,0.0,0.6000000000000001,0.125,0.2875,0.0,0.0,0.0,0.25,0.0,0.0,0.1666666666666666,0.0,0.0,0.0,0.0,0.0,0.0,0.0,0.0,0.0,0.0,0.0,0.0,0.0,0.0,0.0,0.0,0.0,0.0,0.0,0.0,0.0,0.0,0.0,0.0,0.0,0.9555555555555556,0.0,0.0,0.0,0.0,0.0,0.0,1.0,0.0,0.0,0.0,0.0,0.0,0.0,0.0,0.0,1.0,0.0,0.1777777777777777,0.0,0.0,0.0,0.0,0.0,0.0,0.0,0.0,0.25,0.0,0.0,0.0,0.0,0.0,0.0,0.0,0.0,0.025,0.0,0.0,0.0,0.0,0.0,0.0,1.0,0.0,0.0,0.0,0.2,0.0,0.0,0.0,0.0,0.0,0.0,0.275,0.0,0.0,0.0,0.0,0.0,0.0,1.0,0.0,0.0,0.0,0.4,0.0,0.0,0.0,0.0,0.0,Silvan Widmer,0.0,0.0,0.0066666666666666,0.9688995215311008,1.0,0.0297671070896098,0.0,0.0,0.0,0.3508771929824561,,0.840012928248222,0.0,0.0,0.0,0.0,0.1733333333333333,0.2875,0.0,0.0,0.0,0.0,0.0,0.0,0.5625,0.51875,0.00365485,0.00176344,0.0,0.0,0.0,0.0,0.0,0.0,0.6666666666666666,0.1733333333333333,0.0928258159149248,0.0507246376811594,-0.14297833238169066,0.108695652173913,0.2884615384615384,0.108695652173913,0.0,0.0,0.0,0.0,0.0,0.0,0.0,0.0,0.0,0.0,0.0,0.0,0.0,0.0,0.0,0.0555555555555555,0.3076923076923077,0.2352941176470588,0.2222222222222222,0.5343416269481355,0.45,0.625,0.625,0.625,0.5625,0.5,0.5,0.6875,0.5875,1.0,4.2,0.3580701759464314,0.21780566493872333,0.006722545760826811,0.004201094719904493,0.04071794730001156,0.007981739627957021,0.45,0.05231180200051,0.0024119922042607246,0.06457214073339147,0.12,0.004876704816961247,0.08,0.003588717277147792,0.14,0.0030333992328156977,1.4130490984287103,0.24339999999999998,0.34393615055754806,0.24299933373119223,0.11445666314921281,0.055207852562046966,1.4130490984287103,0.7809969528247355,0.30777009847432873,0.0,0.0,0.36189798857673766,0.0,0.15094499021179938,0.0,0.12581268719553299,0.0,0.0
0.5448780487804878,Miro Muheim,43,Switzerland,DEF,0.1999999999999999,playing,0.0,0.036231884057971,0.4,0.3,0.0,0.0,0.0476190476190476,0.0,,,,0.0067,0.0067,Argentina,Switzerland,False,Argentina,0.4635,0.4444,0.5455,0.2632,0.2434,0.7566,0.4545,0.0,0.0,0.2,0.125,0.1041666666666666,0.5,0.0,0.0,0.0,0.0,0.0,0.0555555555555555,0.0,0.0,1.0,0.0,0.0,0.0,0.0,0.0111111111111111,0.0,0.0,0.0,1.0,0.0,0.0,0.0,0.0,0.5,0.0,0.0,0.0,0.0,0.0,0.0,0.0,0.0,0.0,0.0,0.0,0.0,0.0,0.0,0.0,0.0,0.0,0.0,0.0,0.0,0.0,0.0,0.0,0.0,0.0,0.0,0.0,0.0,0.0,0.0,0.0,0.0,0.0,0.0,0.0,0.0,0.0,0.0,0.0,0.0,0.0,0.0,0.0,0.0,0.0,0.0,0.0,0.0,0.0,0.0,0.0,0.0,0.0,0.0,0.0,0.0,0.0,0.0,0.0,0.0,0.0,0.0,0.4083333333333333,0.0,1.0,0.0,0.0,0.0,0.0,1.0,0.0,0.0,0.0,0.2,0.0,0.0,0.0,0.0,0.0,Miro Muheim,0.0,0.0,0.0066666666666666,0.9688995215311008,1.0,0.0297671070896098,0.0,0.0,0.0,0.3508771929824561,,0.840012928248222,0.0,0.0,0.0,0.0,0.1633333333333333,0.1041666666666666,0.0,0.0,0.0,0.0,0.0,0.0,0.5625,0.51875,0.00365485,0.00176344,0.0,0.0,0.0,0.0,0.0,0.0,0.3333333333333333,0.1633333333333333,0.0874704803813714,0.14,-0.09522522598527511,0.0999999999999999,0.1020408163265306,0.0999999999999999,0.0,0.0,0.0,0.0,0.0,0.0,0.0,0.0,0.0,1.0,0.0,0.0,1.0,0.0,0.0,0.0,0.0256410256410256,0.0,0.0158730158730158,0.0637145189011829,0.0,0.5,0.125,0.375,0.5625,0.5,0.5,0.375,0.3812500000000001,1.0,4.0,0.2301436960344651,0.14506109645547252,0.006722545760826811,0.0024324237963908183,0.04053374687972219,0.00529188278923898,0.45,0.09254935461576394,0.0015467845547505702,0.039465781471707456,0.12,0.0033596189663027847,0.08,0.0023901272872687476,0.14,0.0021291201584084634,1.4130490984287103,0.24339999999999998,0.34393615055754806,0.24299933373119223,0.11445666314921281,0.055207852562046966,1.4130490984287103,0.7809969528247355,0.20497845156348563,0.0,0.0,0.3165420993388613,0.0,0.1416845393809098,0.0,0.11678103782392116,0.0,0.0
0.5453658536585366,Eray Cömert,43,Switzerland,DEF,0.1599999999999999,playing,0.0161290322580645,0.072463768115942,0.0,0.0,0.05,0.0,0.0476190476190476,0.0,,,,0.0067,0.0067,Argentina,Switzerland,False,Argentina,0.4635,0.4444,0.5455,0.2632,0.2434,0.7566,0.4545,0.0,0.0,0.0,0.0,0.0,0.0,0.0,0.0,0.0,0.0,0.0,0.0,0.0,0.0,0.0,0.0,0.0,0.0,0.0,0.0,0.0,0.0,0.0,0.0,0.0,0.0,0.0,0.0,0.0,0.0,0.0,0.0,0.0,0.0,0.0,0.0,0.0,0.0,0.0,0.0,0.0,0.0,0.0,0.0,0.0,0.0,0.0,0.0,0.0,0.0,0.0,0.0,0.0,0.0,0.0,0.0,0.0,0.0,0.0,0.0,0.0,0.0,0.0,0.0,0.0,0.0,0.0,0.0,0.0,0.0,0.0,0.0,0.0,0.0,0.0,0.0,0.0,0.0,0.0,0.0,0.0,0.0,0.0,0.0,0.0,0.0,0.0,0.0,0.0,0.0,0.0,0.0,0.0,0.0,0.0,0.0,0.0,0.0,0.0,0.0,0.0,0.0,0.0,0.0,0.0,0.0,0.0,0.0,Eray Cömert,0.0,0.0,0.0066666666666666,0.9688995215311008,1.0,0.0297671070896098,0.0,0.0,0.0,0.3508771929824561,,0.840012928248222,0.0,0.0,0.0,0.0,0.0,0.0,0.0,0.0,0.0,0.0,0.0,0.0,0.5625,0.51875,0.00365485,0.00176344,0.0,0.0,0.0,0.0,0.0,0.0,0.0,0.0,0.0,0.0,-0.05060837698342001,0.0,0.0,0.0,0.0,0.0,0.0,0.0,0.0,0.0,0.0,0.0,0.0,0.0,0.0,0.0,0.0,0.0,0.0,0.0,0.0256410256410256,0.0196078431372549,0.0238095238095238,0.0,0.0,0.375,0.3125,0.1875,0.5625,0.5,0.5,0.1875,0.0375,1.0,3.9,0.11698980005742583,0.0770941373894141,0.006722545760826811,0.0011955967854928933,0.04040495615799836,0.0028034867171321813,0.45,0.016421250602374135,0.0008066275749930196,0.021785569971502602,0.12,0.0015627563381130861,0.08,0.0013059228112963963,0.14,0.0009516603433401262,1.4130490984287103,0.24339999999999998,0.34393615055754806,0.24299933373119223,0.11445666314921281,0.055207852562046966,1.4130490984287103,0.7809969528247355,0.10893780133225073,0.0,0.0,0.23070902613970698,0.0,0.13708627516740268,0.0,0.11229561910369332,0.0,0.0
0.5458536585365854,Aurèle Amenda,43,Switzerland,DEF,0.08,playing,0.0161290322580645,0.072463768115942,0.0,0.1,0.05,0.0,0.0476190476190476,0.0,,,,0.0067,0.0067,Argentina,Switzerland,False,Argentina,0.4635,0.4444,0.5455,0.2632,0.2434,0.7566,0.4545,0.0,0.0,0.0,0.0,0.0,0.0,0.0,0.0,0.0,0.0,0.0,0.0,0.0,0.0,0.0,0.0,0.0,0.0,0.0,0.0,0.0,0.0,0.0,0.0,0.0,0.0,0.0,0.0,0.0,0.0,0.0,0.0,0.0,0.0,0.0,0.0,0.0,0.0,0.0,0.0,0.0,0.0,0.0,0.0,0.0,0.0,0.0,0.0,0.0,0.0,0.0,0.0,0.0,0.0,0.0,0.0,0.0,0.0,0.0,0.0,0.0,0.0,0.0,0.0,0.0,0.0,0.0,0.0,0.0,0.0,0.0,0.0,0.0,0.0,0.0,0.0,0.0,0.0,0.0,0.0,0.0,0.0,0.0,0.0,0.0,0.0,0.0,0.0,0.0,0.0,0.0,0.0,0.0,0.0,0.0,0.0,0.0,0.0,0.0,0.0,0.0,0.0,0.0,0.0,0.0,0.0,0.0,0.0,Aurele Amenda,0.0,0.0,0.0066666666666666,0.9688995215311008,1.0,0.0297671070896098,0.0,0.0,0.0,0.3508771929824561,,0.840012928248222,0.0,0.0,0.0,0.0,0.0,0.0,0.0,0.0,0.0,0.0,0.0,0.0,0.5625,0.51875,0.00365485,0.00176344,0.0,0.0,0.0,0.0,0.0,0.0,0.0,0.0,0.0,0.0,-0.05256895518546846,0.0,0.0,0.0,0.0,0.0,0.0,0.0,0.0,0.0,0.0,0.0,0.0,0.0,0.0,0.0,0.0,0.0,0.0,0.0,0.0256410256410256,0.0196078431372549,0.0238095238095238,0.0,0.0,0.25,0.3125,0.1875,0.5625,0.5,0.5,0.1875,0.175,1.0,3.7,0.11776680231420372,0.08008077901439513,0.006722545760826811,0.0010401108704775341,0.04038876659270182,0.002910927502956725,0.45,0.017057412990903947,0.0008066775956848434,0.022629547118197556,0.12,0.0016243272467824207,0.08,0.0013565145107343047,0.14,0.000989458906764811,1.4130490984287103,0.24339999999999998,0.34393615055754806,0.24299933373119223,0.11445666314921281,0.055207852562046966,1.4130490984287103,0.7809969528247355,0.11315807258775983,0.0,0.0,0.23070902613970698,0.0,0.12795269681068364,0.0,0.10338469110757498,0.0,0.0
0.5463414634146342,Luca Jaquez,43,Switzerland,DEF,0.0,playing,0.1774193548387097,0.4347826086956521,0.4,0.3,0.05,0.0666666666666666,0.4761904761904761,0.0,,,,0.0067,0.0067,Argentina,Switzerland,False,Argentina,0.4635,0.4444,0.5455,0.2632,0.2434,0.7566,0.4545,0.0,0.0,0.2,0.125,0.1625,0.0,0.0,0.0,0.25,0.0,0.0,0.1111111111111111,0.0,0.0,0.0,0.0,0.0,0.0,0.0,0.0,0.0,0.0,0.0,0.0,0.0,0.0,0.0,0.0,0.0,0.0,0.0,0.0,0.0,0.0,0.0,0.0,0.0,0.0444444444444444,0.0,0.0,0.0,0.0,0.0,0.0,0.0,0.0,0.5,0.0,0.0,0.0,0.0,0.0,0.0,0.0,0.0,0.8222222222222223,0.0,0.0,0.0,0.0,0.0,0.0,1.0,0.0,0.0,0.0,0.25,0.0,0.0,0.0,0.0,1.0,0.0,0.0,0.0,0.0,0.0,0.0,0.0,0.0,0.0,0.0,0.0,0.0,0.0,0.0,0.0,0.0,0.0,0.0,0.0,0.0,0.0,0.0,0.0,0.0,0.0,0.0,0.0,0.0,0.0,0.0,0.0,0.0,0.0,0.0,0.0,0.0,Luca Jaquez,0.0,0.0,0.0066666666666666,0.9688995215311008,1.0,0.0297671070896098,0.0,0.0,0.0,0.3508771929824561,,0.840012928248222,0.0,0.0,0.0,0.0,0.2466666666666666,0.1624999999999999,0.0,0.0,0.0,0.0,0.0,0.0,0.5625,0.51875,0.00365485,0.00176344,0.0,0.0,0.0,0.0,0.0,0.0,0.3333333333333333,0.2466666666666666,0.1320982764943161,0.0897435897435897,-0.12636358426243335,0.1282051282051282,0.1351351351351351,0.1282051282051282,0.0,0.0,0.0,0.0,0.0,0.0,0.0,0.0,0.0,0.0,0.0,0.0,0.0,0.0,0.0,0.0,0.2820512820512821,0.2156862745098039,0.2539682539682539,0.5554502982531374,0.45,0.125,0.5,0.5,0.5625,0.5,0.5,0.5,0.3812500000000001,1.0,3.5,0.24554785372749516,0.19249563228116204,0.006722545760826811,0.002015096470869949,0.04049028875641094,0.007014783361870935,0.45,0.04717179920603408,0.0018667206942491097,0.052370971566442305,0.12,0.004337523884590442,0.08,0.0031716916157219564,0.14,0.0026934086651957618,1.4130490984287103,0.24339999999999998,0.34393615055754806,0.24299933373119223,0.11445666314921281,0.055207852562046966,1.4130490984287103,0.7809969528247355,0.2720057796463606,0.0,0.0,0.3430571981848041,0.0,0.11890178622449366,0.0,0.09455246694123413,0.0,0.0
0.546829268292683,Breel Embolo,43,Switzerland,FWD,0.5384615384615385,playing,0.5806451612903225,0.5797101449275363,1.0,1.6,0.5,0.4666666666666667,0.4285714285714285,0.5,,,,0.0067,0.0067,Argentina,Switzerland,False,Argentina,0.4635,0.4444,0.5455,0.2632,0.2434,0.7566,0.4545,0.25,0.4,0.6000000000000001,0.25,0.9041666666666668,0.0,0.0,0.2352941176470588,1.0,0.5,0.0,0.0555555555555555,0.0,0.0,0.0,0.0,0.0,0.0,0.0,1.0,0.0,0.0,0.0,0.0,0.0,0.0,0.0,0.3333333333333333,0.5,0.0,0.1666666666666666,1.0,0.25,0.0,0.0,1.0,0.0,0.9888888888888888,0.5,0.0,0.0,0.0,0.0,0.0,1.0,0.0,0.0,0.0,0.0,0.5,0.0,0.0,0.0,1.0,0.0,0.9444444444444444,0.5,0.0,0.0,0.0,0.0,0.0,0.0,0.0,0.25,0.0,0.0,0.0,0.6666666666666666,0.0,0.0,1.0,0.0,0.6916666666666667,0.0,0.0,0.0,0.0,0.0,0.0,1.0,0.5,0.0,0.0,0.0,0.0,0.1666666666666666,0.0,0.0,1.0,0.0,0.725,0.0,0.0,0.0,0.0,0.0,0.0,1.0,0.0,0.0,0.0,0.0,0.0,0.0,0.0,0.0,0.0,Breel Embolo,0.0,0.0,0.0066666666666666,0.9688995215311008,1.0,0.0297671070896098,0.0,0.0,0.0,0.3508771929824561,,0.840012928248222,0.0,0.0,0.0,0.0,0.85,0.9041666666666666,0.2361751152073732,0.0,0.1474654377880184,0.5,0.25,0.0,0.6000000000000001,0.56,0.00365485,0.00176344,0.2811059907834101,0.3333333333333333,0.4216589861751151,0.0,0.3393663594470046,0.0,0.6666666666666666,0.85,0.4552035203520351,0.032258064516129,0.0,0.0115207373271889,0.0,0.0115207373271889,0.4216589861751151,0.0,0.4216589861751151,0.1474654377880184,0.2235294117647059,0.1474654377880184,0.0,0.0,0.0,0.0,0.0,0.0,0.0,0.0,0.0,0.5,0.6410256410256411,0.6666666666666667,0.6825396825396826,0.1220040151072922,0.45,1.0,1.0,1.0,0.6000000000000001,0.8,1.0,0.3999999999999999,1.0,1.0,7.5,0.8528962762964285,0.8558511469672594,0.006722545760826811,0.11282899727670781,0.4303260849073568,0.3682950733378916,0.35,0.1762050048294133,0.02046355783134274,0.0,0.08,0.02010024629584698,0.02,0.012934256103879127,0.01,0.012057292106569105,1.4130490984287103,0.24339999999999998,0.34393615055754806,0.24299933373119223,0.11445666314921281,0.055207852562046966,1.4130490984287103,0.7809969528247355,0.0,0.0,0.0,0.2379906149975171,0.0,0.34383086038892446,0.0,0.2655019560708887,0.22723015362532104,0.0
0.5473170731707317,Noah Okafor,43,Switzerland,FWD,0.2923076923076924,playing,0.032258064516129,0.144927536231884,0.2,0.1,0.05,0.0,0.0476190476190476,0.0555555555555555,,,,0.0067,0.0067,Argentina,Switzerland,False,Argentina,0.4635,0.4444,0.5455,0.2632,0.2434,0.7566,0.4545,0.0,0.0,0.2,0.0,0.0395833333333333,0.0,0.0,0.0,0.0,0.0,0.0,0.1111111111111111,0.0,0.0,0.0,0.0,0.0,0.0,0.0,0.0,0.0,0.0,0.0,0.0,0.0,0.0,0.0,0.0,0.0,0.0,0.0,0.0,0.0,0.0,0.0,0.0,0.0,0.0,0.0,0.0,0.0,0.0,0.0,0.0,0.0,0.0,0.0,0.0,0.0,0.0,0.0,0.0,0.0,0.0,0.0,0.0,0.0,0.0,0.0,0.0,0.0,0.0,0.0,0.0,0.0,0.0,0.0,0.0,0.0,0.0,0.0,0.0,0.0,0.1583333333333333,0.0,0.0,0.0,0.0,0.0,0.0,1.0,0.0,0.0,0.0,0.4,0.0,0.0,0.0,0.0,0.0,0.0,0.0,0.0,0.0,0.0,0.0,0.0,0.0,0.0,0.0,0.0,0.0,0.0,0.0,0.0,0.0,0.0,0.0,Noah Okafor,0.0,0.0,0.0066666666666666,0.9688995215311008,1.0,0.0297671070896098,0.0,0.0,0.0,0.3508771929824561,,0.840012928248222,0.0,0.0,0.0,0.0,0.0633333333333333,0.0395833333333333,0.0,0.0,0.0,0.0,0.0,0.0,0.6000000000000001,0.56,0.00365485,0.00176344,0.0,0.0,0.0,0.0,0.0,0.0,0.3333333333333333,0.0633333333333333,0.0339171250458379,0.0,0.0,0.5263157894736842,0.5263157894736842,0.5263157894736841,0.0,0.0,0.0,0.0,0.0,0.0,0.0,0.0,0.0,0.0,0.0,0.0,0.0,0.0,0.0,0.0555555555555555,0.0512820512820512,0.0392156862745098,0.0555555555555555,0.0637145189011829,0.05,0.6000000000000001,0.2,0.2,0.6000000000000001,0.3999999999999999,0.5,0.6000000000000001,0.45,1.0,5.9,0.1867526944710885,0.11775381571188615,0.006722545760826811,0.0033098853901304326,0.04062512696141658,0.004783763713486626,0.35,0.03939825217960963,0.0013116135255058327,0.0,0.08,0.0032462215048869713,0.02,0.0018897755940465843,0.01,0.0018690155529888042,1.4130490984287103,0.24339999999999998,0.34393615055754806,0.24299933373119223,0.11445666314921281,0.055207852562046966,1.4130490984287103,0.7809969528247355,0.0,0.0,0.0,0.7943713871767303,0.0,0.15237731726710238,0.0,0.1272094403213111,0.014979396992407846,0.0
0.5478048780487805,Dan Ndoye,43,Switzerland,FWD,0.4307692307692308,playing,0.3064516129032257,0.3333333333333333,1.0,0.3,0.2,0.2,0.0952380952380952,0.5,,,,0.0067,0.0067,Argentina,Switzerland,False,Argentina,0.4635,0.4444,0.5455,0.2632,0.2434,0.7566,0.4545,0.125,0.0,1.0,0.0,0.6708333333333333,0.0,0.0,0.3529411764705882,0.25,0.0,0.0,0.3333333333333333,0.0,0.0,0.0,0.0,0.0,0.0,0.0,0.7222222222222222,0.0,0.0,0.0,0.0,0.0,0.0,1.0,0.0,0.0,0.0,0.0,0.0,0.5,0.0,0.0,0.0,0.0,0.788888888888889,0.0,0.0,0.0,0.0,0.0,0.0,1.0,0.0,0.0,0.0,0.2,0.0,0.5,0.0,0.0,0.0,0.0,0.1111111111111111,0.0,0.0,0.0,0.0,0.0,0.0,1.0,0.0,0.0,0.0,0.0,0.0,0.0,0.0,0.0,0.0,0.0,0.725,0.0,0.0,0.0,0.0,0.0,0.0,1.0,0.5,0.0,0.0,0.6000000000000001,0.0,0.1666666666666666,0.0,0.0,1.0,0.0,0.7416666666666667,0.0,0.0,0.0,0.0,0.0,0.0,1.0,0.0,0.0,0.0,0.4,0.0,0.25,0.0,0.0,0.0,Dan Ndoye,0.0,0.0,0.0066666666666666,0.9688995215311008,1.0,0.0297671070896098,0.0,0.0,0.0,0.3508771929824561,,0.840012928248222,0.0,0.0,0.0,0.0,0.62,0.6708333333333334,0.1591614906832298,0.0,0.2981366459627329,0.1666666666666666,0.25,0.0,0.6000000000000001,0.56,0.00365485,0.00176344,0.0,0.0,0.0,0.0,0.0,0.0,1.0,0.62,0.3320308030803079,0.0,0.0,0.093167701863354,0.1344086021505376,0.093167701863354,0.0,0.0,0.0,0.2981366459627329,0.2043010752688172,0.2981366459627329,0.0,0.0,0.0,0.0,0.0,0.0,0.0,0.0,0.0,0.5,0.358974358974359,0.3333333333333333,0.4047619047619047,0.4414271356666257,0.45,0.8,0.8,0.8,0.6000000000000001,1.0,0.5,1.0,0.7800000000000001,1.0,6.8,0.685787865380003,0.7052136604188517,0.006722545760826811,0.08255222411376804,0.048912155141973813,0.03449351996664611,0.35,0.15958598051644424,0.008384704957511679,0.0,0.08,0.01708066419446225,0.02,0.011317642286077347,0.01,0.010201027166659205,1.4130490984287103,0.24339999999999998,0.34393615055754806,0.24299933373119223,0.11445666314921281,0.055207852562046966,1.4130490984287103,0.7809969528247355,0.0,0.0,0.0,0.31851892398824944,0.0,0.16863396838611094,0.0,0.2962449617879124,0.20891599388309653,0.0
0.548780487804878,Gregor Kobel,43,Switzerland,GK,0.8000000000000003,playing,0.4677419354838709,0.4782608695652173,1.0,3.3,0.2,0.1333333333333333,0.238095238095238,0.5,,,,0.0067,0.0067,Argentina,Switzerland,False,Argentina,0.4635,0.4444,0.5455,0.2632,0.2434,0.7566,0.4545,0.0,0.0,0.4,0.375,1.0,0.0,0.0,0.0,0.5,0.0,0.0,0.0,1.0,0.0,0.0,0.0,0.0,0.0,0.0,1.0,0.0,0.0,0.0,0.0,0.0,0.0,0.0,0.0,0.5,0.0,0.0,0.0,0.0,0.0,0.75,0.0,0.0,1.0,0.0,0.0,0.0,0.0,0.0,0.0,0.0,0.0,0.5,0.0,0.0,0.0,0.0,0.0,0.6666666666666666,0.0,0.0,1.0,0.0,0.0,0.0,0.0,0.0,0.0,0.0,0.0,0.25,0.0,0.0,0.0,0.0,0.0,1.0,0.0,0.0,0.75,0.0,0.0,0.0,0.0,0.0,0.0,1.0,0.0,0.0,0.0,0.0,0.0,0.0,0.0,0.5,1.0,0.0,1.0,0.0,0.0,0.0,0.0,0.0,0.0,1.0,0.0,0.0,0.0,0.0,0.0,0.0,0.0,0.75,1.0,Gregor Kobel,0.0,0.0,0.0066666666666666,0.9688995215311008,1.0,0.0297671070896098,0.0,0.0,0.0,0.3508771929824561,,0.840012928248222,0.0,0.0,0.0,0.0,1.0,1.0,0.0,0.0,0.0,0.0,0.0,0.0,0.6666666666666667,0.6333333333333334,0.00365485,0.00176344,0.0,0.0,0.0,0.0,0.0,0.0,0.6666666666666666,1.0,0.5355335533553355,0.04375,-0.5952583775013652,0.0,0.0,0.0,0.0,0.0,0.0,0.0,0.0,0.0,0.6000000000000001,0.66,0.6,0.0,0.0,0.0,0.0,0.0,0.0,0.5,0.4102564102564103,0.3725490196078431,0.4603174603174603,0.3961929793176835,0.45,1.0,1.0,1.0,0.6666666666666667,0.6666666666666667,0.6666666666666667,0.6666666666666667,1.0,1.0,4.7,0.8909031788043871,0.9067852769181763,0.006722545760826811,0.0,0.04028047450202332,0.0036525741225712765,0.15,0.16594405030505513,0.012812843906600055,0.21820780365790704,0.04,0.020628217564690646,0.05,0.013687008966948567,0.08,0.013238118213618758,1.4130490984287103,0.24339999999999998,0.34393615055754806,0.24299933373119223,0.11445666314921281,0.055207852562046966,1.4130490984287103,0.7809969528247355,1.2813321180176576,2.811875868247269,0.028465122964827134,0.23070902613970698,0.0,0.21332317940038828,0.0,0.1865946735671317,0.0,0.0
0.5492682926829268,Yvon Mvogo,43,Switzerland,GK,0.4666666666666668,playing,0.0161290322580645,0.072463768115942,0.0,0.0,0.05,0.0,0.0476190476190476,0.0,,,,0.0067,0.0067,Argentina,Switzerland,False,Argentina,0.4635,0.4444,0.5455,0.2632,0.2434,0.7566,0.4545,0.0,0.0,0.0,0.0,0.0,0.0,0.0,0.0,0.0,0.0,0.0,0.0,0.0,0.0,0.0,0.0,0.0,0.0,0.0,0.0,0.0,0.0,0.0,0.0,0.0,0.0,0.0,0.0,0.0,0.0,0.0,0.0,0.0,0.0,0.0,0.0,0.0,0.0,0.0,0.0,0.0,0.0,0.0,0.0,0.0,0.0,0.0,0.0,0.0,0.0,0.0,0.0,0.0,0.0,0.0,0.0,0.0,0.0,0.0,0.0,0.0,0.0,0.0,0.0,0.0,0.0,0.0,0.0,0.0,0.0,0.0,0.0,0.0,0.0,0.0,0.0,0.0,0.0,0.0,0.0,0.0,0.0,0.0,0.0,0.0,0.0,0.0,0.0,0.0,0.0,0.0,0.0,0.0,0.0,0.0,0.0,0.0,0.0,0.0,0.0,0.0,0.0,0.0,0.0,0.0,0.0,0.0,0.0,Yvon Mvogo,0.0,0.0,0.0066666666666666,0.9688995215311008,1.0,0.0297671070896098,0.0,0.0,0.0,0.3508771929824561,,0.840012928248222,0.0,0.0,0.0,0.0,0.0,0.0,0.0,0.0,0.0,0.0,0.0,0.0,0.6666666666666667,0.6333333333333334,0.00365485,0.00176344,0.0,0.0,0.0,0.0,0.0,0.0,0.0,0.0,0.0,0.0,-0.07355317744234323,0.0,0.0,0.0,0.0,0.0,0.0,0.0,0.0,0.0,0.0,0.0,0.0,0.0,0.0,0.0,0.0,0.0,0.0,0.0,0.0256410256410256,0.0196078431372549,0.0238095238095238,0.0,0.0,0.6666666666666667,0.4999999999999999,0.4999999999999999,0.6666666666666667,0.6666666666666667,0.6666666666666667,0.6666666666666667,0.2666666666666667,1.0,4.2,0.22443598573092652,0.11204703855699032,0.006722545760826811,0.0,0.04028047450202332,0.00045133078796220726,0.15,0.020504897770314633,0.0013548622728010355,0.031662700709044325,0.04,0.002208741918043268,0.05,0.0018482450237780473,0.08,0.0013224236750727823,1.4130490984287103,0.24339999999999998,0.34393615055754806,0.24299933373119223,0.11445666314921281,0.055207852562046966,1.4130490984287103,0.7809969528247355,0.1583279668145621,0.13895873891562943,0.0027632185120296643,0.23070902613970698,0.0,0.1728921536792917,0.0,0.14720927168521658,0.0,0.0
0.5497560975609755,Marvin Keller,43,Switzerland,GK,0.1333333333333337,playing,0.0161290322580645,0.072463768115942,0.0,0.1,0.05,0.0,0.0476190476190476,0.0,,,,0.0067,0.0067,Argentina,Switzerland,False,Argentina,0.4635,0.4444,0.5455,0.2632,0.2434,0.7566,0.4545,0.0,0.0,0.0,0.0,0.0,0.0,0.0,0.0,0.0,0.0,0.0,0.0,0.0,0.0,0.0,0.0,0.0,0.0,0.0,0.0,0.0,0.0,0.0,0.0,0.0,0.0,0.0,0.0,0.0,0.0,0.0,0.0,0.0,0.0,0.0,0.0,0.0,0.0,0.0,0.0,0.0,0.0,0.0,0.0,0.0,0.0,0.0,0.0,0.0,0.0,0.0,0.0,0.0,0.0,0.0,0.0,0.0,0.0,0.0,0.0,0.0,0.0,0.0,0.0,0.0,0.0,0.0,0.0,0.0,0.0,0.0,0.0,0.0,0.0,0.0,0.0,0.0,0.0,0.0,0.0,0.0,0.0,0.0,0.0,0.0,0.0,0.0,0.0,0.0,0.0,0.0,0.0,0.0,0.0,0.0,0.0,0.0,0.0,0.0,0.0,0.0,0.0,0.0,0.0,0.0,0.0,0.0,0.0,,,0.0,0.0066666666666666,0.9688995215311008,1.0,0.0297671070896098,0.0,0.0,0.0,0.3508771929824561,,0.840012928248222,0.0,0.0,0.0,0.0,0.0,0.0,0.0,0.0,0.0,0.0,0.0,0.0,0.6666666666666667,0.6333333333333334,0.00365485,0.00176344,0.0,0.0,0.0,0.0,0.0,0.0,0.0,0.0,0.0,0.0,-0.08104983205984598,0.0,0.0,0.0,0.0,0.0,0.0,0.0,0.0,0.0,0.0,0.0,0.0,0.0,0.0,0.0,0.0,0.0,0.0,0.0,0.0256410256410256,0.0196078431372549,0.0238095238095238,0.0,0.0,0.3333333333333333,0.4999999999999999,0.4999999999999999,0.6666666666666667,0.6666666666666667,0.6666666666666667,0.6666666666666667,0.6333333333333335,1.0,3.7,0.22793645057321624,0.12346704756522399,0.006722545760826811,0.0,0.04028047450202332,0.0004973311261291106,0.15,0.022594788946963627,0.0012755961697086071,0.03488981257187485,0.04,0.002438969154676436,0.05,0.0020366210406080926,0.08,0.001461756221596305,1.4130490984287103,0.24339999999999998,0.34393615055754806,0.24299933373119223,0.11445666314921281,0.055207852562046966,1.4130490984287103,0.7809969528247355,0.17446500024769446,0.11432646991170614,0.0022199345810378947,0.23070902613970698,0.0,0.13403247052403994,0.0,0.10931647831822401,0.0,0.0
0.5502439024390243,Djibril Sow,43,Switzerland,MID,0.2641509433962262,playing,0.1612903225806451,0.2898550724637681,0.6000000000000001,0.0,0.05,0.2,0.1904761904761904,0.0,,,,0.0067,0.0067,Argentina,Switzerland,False,Argentina,0.4635,0.4444,0.5455,0.2632,0.2434,0.7566,0.4545,0.0,0.0,0.4,0.125,0.35,0.0,0.0,0.0,0.0,0.0,0.0,0.0555555555555555,0.0,0.0,0.0,0.0,1.0,0.0,0.0,0.0,0.0,0.0,0.0,0.0,0.0,0.0,0.0,0.0,0.0,0.0,0.0,0.0,0.0,0.0,0.0,0.0,0.0,0.2111111111111111,0.0,0.0,0.0,0.0,1.0,0.0,0.0,0.0,0.5,0.0,0.0,0.0,0.0,0.0,0.0,0.0,0.0,0.8222222222222223,0.0,0.0,0.0,0.0,0.0,0.0,1.0,0.0,0.0,0.0,0.125,0.0,0.0,0.0,0.0,0.0,0.0,0.0,0.0,0.0,0.0,0.0,0.0,0.0,0.0,0.0,0.0,0.0,0.0,0.0,0.0,0.0,0.0,0.0,0.0,0.625,0.0,0.0,0.0,0.0,0.0,0.0,1.0,0.0,0.0,0.0,0.0,0.0,0.0,0.0,0.0,0.0,Djibril Sow,0.0,0.0,0.0066666666666666,0.9688995215311008,1.0,0.0297671070896098,0.0,0.0,0.0,0.3508771929824561,,0.840012928248222,0.0,0.0,0.0,0.0,0.4966666666666666,0.35,0.0,0.0,0.0,0.0,0.0,0.0,0.5499999999999999,0.5050000000000001,0.00365485,0.00176344,0.0,0.0,0.0,0.0,0.0,0.0,0.6666666666666666,0.4966666666666666,0.2659816648331499,0.0416666666666666,0.0,0.0297619047619047,0.0335570469798657,0.0297619047619047,0.0,0.0,0.0,0.0,0.0,0.0,0.0,0.0,0.0,0.0,0.0,0.0,0.0,0.5357142857142857,0.0,0.0,0.1794871794871795,0.1372549019607843,0.1428571428571428,0.2207135678333128,0.15,0.6,0.4,0.4,0.5499999999999999,0.1999999999999999,0.35,0.2999999999999999,0.285,1.0,6.1,0.36842023839800847,0.2959831007193638,0.006722545760826811,0.007944620187044503,0.04110793333301174,0.012167253572069707,0.55,0.06820725198270298,0.005179112366713246,0.08409085795445449,0.14,0.00647747521305942,0.04,0.004700353436356943,0.05,0.003725122267487635,1.4130490984287103,0.24339999999999998,0.34393615055754806,0.24299933373119223,0.11445666314921281,0.055207852562046966,1.4130490984287103,0.7809969528247355,0.0,0.0,0.0,0.2561111242213491,0.07580456467575705,0.14910354811452975,0.04413213049919736,0.12401690705168708,0.0,0.0
0.5507317073170731,Denis Zakaria,43,Switzerland,MID,0.2641509433962262,playing,0.2258064516129032,0.3840579710144927,0.6000000000000001,0.0,0.15,0.0,0.0476190476190476,0.5,,,,0.0067,0.0067,Argentina,Switzerland,False,Argentina,0.4635,0.4444,0.5455,0.2632,0.2434,0.7566,0.4545,0.0,0.2,0.4,0.125,0.55,1.0,0.0,0.1176470588235294,0.25,0.1666666666666666,0.0,0.3888888888888888,0.0,0.0,0.0,0.0,0.0,0.0,0.0,1.0,0.0,1.0,0.0,0.0,0.0,0.0,0.0,0.0,0.5,0.0,0.5,0.0,0.25,0.0,0.0,0.0,0.0,0.0,0.0,0.0,0.0,0.0,0.0,0.0,0.0,0.0,0.0,0.0,0.0,0.0,0.0,0.0,0.0,0.0,0.0,0.0,0.0,0.0,0.0,0.0,0.0,0.0,0.0,0.0,0.0,0.0,0.0,0.0,0.0,0.0,0.0,0.0,0.0,0.725,0.5,0.0,0.0,0.0,0.0,0.0,1.0,0.0,0.0,0.0,0.6000000000000001,0.5,0.1666666666666666,0.0,0.0,1.0,0.0,0.725,0.0,1.0,0.0,0.0,0.0,0.0,1.0,0.0,0.0,0.0,0.2,0.0,0.0,0.0,0.0,0.0,Denis Zakaria,0.0,0.0,0.0066666666666666,0.9688995215311008,1.0,0.0297671070896098,0.0,0.0,0.0,0.3508771929824561,,0.840012928248222,0.0,0.0,0.0,0.0,0.58,0.5499999999999999,0.0,0.0,0.1212121212121212,0.0,0.0,0.0,0.5499999999999999,0.5050000000000001,0.00365485,0.00176344,0.231060606060606,0.3333333333333333,0.231060606060606,0.2068965517241379,0.185965909090909,0.0,0.6666666666666666,0.58,0.3106094609460946,0.0265151515151515,0.0,0.1325757575757575,0.1149425287356321,0.1325757575757575,0.231060606060606,0.2068965517241379,0.231060606060606,0.1212121212121212,0.1091954022988506,0.1212121212121212,0.0,0.0,0.0,0.3787878787878788,0.0,0.0,0.0,0.0,0.0,0.5,0.2564102564102564,0.2352941176470588,0.3253968253968253,0.5443770881228118,0.45,0.6,0.6,0.7,0.5499999999999999,0.75,0.7999999999999999,0.95,0.285,1.0,6.1,0.5164940131078768,0.6013276358326151,0.006722545760826811,0.021446347073294965,0.2360527657580334,0.1419450515650283,0.55,0.2451382321846245,0.008610132729965959,0.17084136454409488,0.14,0.016479878413616623,0.04,0.009549370935680979,0.05,0.010371110678472826,1.4130490984287103,0.24339999999999998,0.34393615055754806,0.24299933373119223,0.11445666314921281,0.055207852562046966,1.4130490984287103,0.7809969528247355,0.0,0.0,0.0,0.34186909492880463,0.20557533461777394,0.2638495355552245,0.15866001743095665,0.17323417650885195,0.0,0.0
0.5512195121951219,Rubén Vargas,43,Switzerland,MID,0.3962264150943396,playing,0.532258064516129,0.5362318840579711,1.0,2.2,0.2,1.0,0.5238095238095237,0.1666666666666666,,,,0.0067,0.0067,Argentina,Switzerland,False,Argentina,0.4635,0.4444,0.5455,0.2632,0.2434,0.7566,0.4545,0.25,0.4,0.6000000000000001,0.25,0.5833333333333334,0.0,0.0,0.2352941176470588,0.5,0.1666666666666666,0.0,0.2777777777777778,0.0,0.0,0.0,0.0,0.0,0.0,0.0,0.8777777777777778,0.0,0.0,0.0,0.0,0.0,0.0,1.0,0.0,0.0,0.0,0.1666666666666666,0.0,0.25,0.0,0.0,0.0,0.0,0.2111111111111111,1.0,0.0,0.0,0.0,0.0,0.0,0.0,0.5,0.5,0.0,0.2,0.5,0.5,0.0,0.0,1.0,0.0,0.888888888888889,0.0,0.0,0.0,0.0,0.0,0.0,0.0,0.3333333333333333,0.25,0.0,0.125,0.0,0.3333333333333333,0.0,0.0,1.0,0.0,0.5916666666666667,0.0,0.0,0.0,0.0,0.0,0.0,1.0,0.0,0.0,0.0,0.2,0.0,0.0,0.0,0.0,0.0,0.0,0.2583333333333333,0.0,0.0,0.0,0.0,0.0,0.0,1.0,0.0,0.0,0.0,0.2,0.0,0.0,0.0,0.0,0.0,Ruben Vargas,0.0,0.0,0.0066666666666666,0.9688995215311008,1.0,0.0297671070896098,0.0,0.0,0.0,0.3508771929824561,,0.840012928248222,0.0,0.0,0.0,0.0,0.6066666666666667,0.5833333333333333,0.3660714285714285,0.0,0.2285714285714286,0.5,0.25,0.0,0.5499999999999999,0.5050000000000001,0.00365485,0.00176344,0.4357142857142857,0.0,0.2178571428571428,0.0,0.1753392857142857,0.0,0.6666666666666666,0.6066666666666667,0.3248903557022368,0.05,0.0,0.0892857142857142,0.0824175824175824,0.0892857142857142,0.2178571428571428,0.0,0.2178571428571428,0.2285714285714286,0.1043956043956044,0.2285714285714286,0.0,0.0,0.0,0.0,0.0,0.0,0.0,0.0,0.0,0.1666666666666666,0.7435897435897437,0.6274509803921569,0.6190476190476191,0.74575932369422,0.75,1.0,0.9,0.7999999999999999,0.5499999999999999,1.0,0.7999999999999999,0.65,0.78,1.0,6.8,0.6863263221754041,0.6491944032522753,0.006722545760826811,0.08142970081131058,0.3012712823779593,0.19558363038040702,0.55,0.15926297701570216,0.009821692072363856,0.17758780462721593,0.14,0.01604399090291222,0.04,0.0100057985031913,0.05,0.009674945151456683,1.4130490984287103,0.24339999999999998,0.34393615055754806,0.24299933373119223,0.11445666314921281,0.055207852562046966,1.4130490984287103,0.7809969528247355,0.0,0.0,0.0,0.30521492853239546,0.19814382339227432,0.21492034000453908,0.13952508187602286,0.2841451899472708,0.0,0.0
0.6292682926829268,Lisandro Martínez,2,Argentina,DEF,0.4399999999999997,playing,0.5,0.6159420289855072,0.8,17.1,0.5,0.6,0.0476190476190476,0.611111111111111,,,,0.0067,0.0067,Argentina,Switzerland,True,Switzerland,0.4635,0.4444,0.7566,0.5348,0.4545,0.5455,0.2434,0.125,0.2,0.4,0.5,0.8125,0.0,0.0,0.0588235294117647,0.5,0.1666666666666666,0.0,0.3888888888888888,0.0,0.0,0.0,0.0,0.0,0.0,0.0,1.0,0.0,0.0,0.0,0.0,0.0,0.0,1.0,0.0,0.0,0.0,0.3333333333333333,0.0,0.0,0.0,0.0,1.0,0.0,1.0,0.0,0.0,0.0,0.0,0.0,0.0,1.0,0.0,0.0,0.0,0.2,0.0,0.0,0.0,0.0,1.0,0.0,0.0,0.0,0.0,0.0,0.0,0.0,0.0,0.0,0.0,0.0,0.0,0.0,0.0,0.0,0.0,0.0,0.0,0.0,1.0,0.5,0.0,0.0,0.0,0.0,0.0,0.0,0.5,1.0,0.0,0.0,0.5,0.1666666666666666,0.0,0.0,0.0,0.0,0.75,0.0,0.0,0.0,0.0,0.0,0.0,0.0,0.0,1.0,0.0,0.8,0.0,0.0,0.0,0.0,0.0,Lisandro Martínez,0.0,0.0,0.0066666666666666,0.9688995215311008,1.0,0.0297671070896098,0.0,0.840012928248222,0.7920656634746919,0.7692307692307692,,0.0,0.0,0.0,0.0,0.0,0.7000000000000001,0.8125,0.1314102564102564,0.0,0.041025641025641,1.0,0.25,0.0,0.5625,0.51875,0.00506922,0.00358316,0.1564102564102564,0.3333333333333333,0.1564102564102564,0.1714285714285714,0.1746,0.0,0.0,0.7000000000000001,0.7,0.0717948717948718,-0.20352767677532746,0.0897435897435897,0.0952380952380952,0.0897435897435897,0.1564102564102564,0.1714285714285714,0.1564102564102564,0.041025641025641,0.0904761904761904,0.041025641025641,0.0,0.0,0.0,0.0,0.0,0.0,0.0,0.0,0.0,0.611111111111111,0.5384615384615385,0.5882352941176471,0.5873015873015873,0.6275152365676011,0.55,0.75,1.0,1.0,0.5625,0.9375,0.875,0.625,1.0,0.0,4.6,0.784781239226995,0.8373647779404721,0.006722545760826811,0.060704848696125545,0.23589530888014903,0.17777738064386256,0.45,0.0564684452816267,0.016109450060925484,0.3669477762701955,0.12,0.007615718023019459,0.08,0.0027651269036518037,0.14,0.006719154929582579,0.7885573653646035,0.4545,0.35839932255821233,0.14130921277248132,0.037143473508538014,0.008647991160768309,0.7885573653646035,0.0,0.660310163141855,0.0,0.0,0.1602127779546999,0.0,0.2752645691226757,0.0,0.18311664202122951,0.0,0.0
0.6302439024390244,Facundo Medina,2,Argentina,DEF,0.1999999999999999,playing,0.3870967741935484,0.4927536231884057,0.8,15.2,0.5,0.7333333333333333,0.0476190476190476,0.1111111111111111,,,,0.0067,0.0067,Argentina,Switzerland,True,Switzerland,0.4635,0.4444,0.7566,0.5348,0.4545,0.5455,0.2434,0.0,0.2,0.6000000000000001,0.125,0.5395833333333333,0.5,0.0,0.0,0.5,0.0,0.0,0.4444444444444444,0.0,0.0,0.0,0.0,0.0,0.0,0.0,1.0,0.0,0.0,0.0,0.0,0.0,0.0,1.0,0.0,0.0,0.0,0.3333333333333333,0.0,0.0,0.0,0.0,1.0,0.0,0.9111111111111112,0.5,1.0,0.0,0.0,0.0,0.0,1.0,0.0,0.0,0.0,0.6000000000000001,0.0,0.0,0.0,0.0,1.0,0.0,0.0,0.0,0.0,0.0,0.0,0.0,0.0,0.0,0.0,0.0,0.0,0.0,0.0,0.0,0.0,0.0,0.0,0.0,0.7166666666666667,0.0,0.0,0.0,0.0,0.0,0.0,0.0,0.0,0.5,0.0,0.6000000000000001,0.0,0.0,0.0,0.0,0.0,0.0,0.0083333333333333,0.0,0.0,0.0,0.0,0.0,0.0,1.0,0.0,0.0,0.0,0.0,0.0,0.0,0.0,0.0,0.0,Facundo Medina,0.0,0.0,0.0066666666666666,0.9688995215311008,1.0,0.0297671070896098,0.0,0.840012928248222,0.7920656634746919,0.7692307692307692,,0.0,0.0,0.0,0.0,0.0,0.29,0.5395833333333333,0.0,0.0,0.0,0.0,0.0,0.0,0.5625,0.51875,0.00506922,0.00358316,0.2355212355212355,0.0,0.0,0.0,0.0,0.0,0.3333333333333333,0.29,0.29,0.027027027027027,-0.11535881559389945,0.1544401544401544,0.1724137931034482,0.1544401544401544,0.0,0.0,0.0,0.0,0.0,0.0,0.0,0.0,0.0,0.193050193050193,0.0,0.0,0.0,0.0,0.0,0.1111111111111111,0.358974358974359,0.4509803921568627,0.3333333333333333,0.6782928503223191,0.55,0.125,0.875,0.625,0.5625,0.4375,0.4375,0.8125,0.8625000000000002,0.0,4.0,0.4031156217402329,0.47461559299325456,0.006722545760826811,0.01066550044402999,0.14483928492737616,0.06186868479407303,0.45,0.07633248079588423,0.006531442384533763,0.2549663911014599,0.12,0.00461316381785272,0.08,0.0018485202618922889,0.14,0.004103411401736525,0.7885573653646035,0.4545,0.35839932255821233,0.14130921277248132,0.037143473508538014,0.008647991160768309,0.7885573653646035,0.0,0.3742616215717198,0.0,0.0,0.21314637277820667,0.0,0.1416845393809098,0.0,0.11678103782392116,0.0,0.0
0.6317073170731707,Gonzalo Montiel,2,Argentina,DEF,0.3199999999999998,playing,0.0967741935483871,0.1956521739130435,0.6000000000000001,0.2,0.1,0.0,0.0476190476190476,0.0,,,,0.0067,0.0067,Argentina,Switzerland,True,Switzerland,0.4635,0.4444,0.7566,0.5348,0.4545,0.5455,0.2434,0.0,0.2,0.6000000000000001,0.0,0.1625,0.5,0.0,0.0,0.0,0.0,0.0,0.1111111111111111,0.0,0.0,0.0,0.0,0.0,0.0,0.0,0.5,0.0,0.0,0.0,0.0,0.0,0.0,1.0,0.0,0.0,0.0,0.3333333333333333,0.0,0.0,0.0,0.0,0.0,0.0,0.0,0.0,0.0,0.0,0.0,0.0,0.0,0.0,0.0,0.0,0.0,0.0,0.0,0.0,0.0,0.0,0.0,0.0,0.0,0.0,0.0,0.0,0.0,0.0,0.0,0.0,0.0,0.0,0.0,0.0,0.0,0.0,0.0,0.0,0.0,0.0,0.1333333333333333,0.0,1.0,0.0,0.0,0.0,0.0,1.0,0.0,0.0,0.0,0.0,0.0,0.0,0.0,0.0,0.0,0.0,0.1416666666666666,0.5,0.0,0.0,0.0,0.0,0.0,1.0,0.0,0.0,0.0,0.0,0.0,0.0,0.0,0.0,0.0,,,0.0,0.0066666666666666,0.9688995215311008,1.0,0.0297671070896098,0.0,0.840012928248222,0.7920656634746919,0.7692307692307692,,0.0,0.0,0.0,0.0,0.0,0.11,0.1624999999999999,0.0,0.0,0.0,0.0,0.0,0.0,0.5625,0.51875,0.00506922,0.00358316,0.782051282051282,0.3333333333333333,0.0,0.0,0.0,0.0,0.6666666666666666,0.11,0.11,0.0,-0.027930713685171176,0.1282051282051282,0.0,0.1282051282051282,0.0,0.0,0.0,0.0,0.0,0.0,0.0,0.0,0.0,0.641025641025641,0.0,0.0,0.0,0.0,0.0,0.0,0.0256410256410256,0.0392156862745098,0.0317460317460317,0.0637145189011829,0.05,0.3125,0.3125,0.125,0.5625,0.4375,0.4375,0.3125,0.0375,1.0,4.3,0.13339715336165345,0.11491408064624208,0.006722545760826811,0.0030167096366310983,0.2091504125053396,0.021630894632850055,0.45,0.03831942612318918,0.0016720685717315645,0.06492985317080685,0.12,0.0010509949441849652,0.08,0.00047247369863064276,0.14,0.00091967462100453,0.7885573653646035,0.4545,0.35839932255821233,0.14130921277248132,0.037143473508538014,0.008647991160768309,0.7885573653646035,0.0,0.09061634467769623,0.0,0.0,0.16603399906682978,0.0,0.1556075739155854,0.0,0.13035928622087856,0.0,0.0
0.6331707317073171,Giovani Lo Celso,2,Argentina,MID,0.2830188679245283,playing,0.1935483870967742,0.8695652173913043,0.2,0.2,0.05,0.0,0.5714285714285714,0.0,,,,0.0067,0.0067,Argentina,Switzerland,True,Switzerland,0.4635,0.4444,0.7566,0.5348,0.4545,0.5455,0.2434,0.125,0.0,0.0,0.125,0.125,0.0,0.0,0.0588235294117647,0.25,0.0,0.0,0.0555555555555555,0.0,0.0,0.0,0.0,0.0,1.0,0.0,0.0,0.0,0.0,0.0,0.0,0.0,0.0,0.0,0.0,0.0,0.0,0.0,0.0,0.0,0.0,0.0,0.0,0.0,0.0,0.0,0.0,0.0,0.0,0.0,0.0,0.0,0.0,0.0,0.0,0.0,0.0,0.0,0.0,0.0,0.0,0.0,0.6666666666666667,0.0,0.0,0.0,0.0,0.0,0.0,0.0,0.3333333333333333,0.25,0.0,0.125,0.0,0.3333333333333333,1.0,0.0,1.0,0.0,0.0,0.0,0.0,0.0,0.0,0.0,0.0,0.0,0.0,0.0,0.0,0.0,0.0,0.0,0.0,0.0,0.0,0.0,0.0,0.0,0.0,0.0,0.0,0.0,0.0,0.0,0.0,0.0,0.0,0.0,0.0,0.0,0.0,0.0,0.0,Giovani Lo Celso,0.0,0.0,0.0066666666666666,0.9688995215311008,1.0,0.0297671070896098,0.0,0.840012928248222,0.7920656634746919,0.7692307692307692,,0.0,0.0,0.0,0.0,0.0,0.2,0.125,0.8541666666666666,0.0,0.2666666666666666,1.0,0.25,0.0,0.5454545454545455,0.5,0.00506922,0.00358316,0.0,0.0,0.0,0.0,0.0,0.0,0.0,0.2,0.1999999999999999,0.1166666666666666,0.0,0.0833333333333333,0.0833333333333333,0.0833333333333333,0.0,0.0,0.0,0.2666666666666666,0.3166666666666667,0.2666666666666666,0.0,0.0,0.0,0.0,0.0,0.0,0.0,0.0,0.0,0.0,0.3076923076923077,0.2352941176470588,0.2857142857142857,0.7008597079130126,0.55,0.6818181818181818,0.7272727272727273,0.1818181818181818,0.5454545454545455,0.7272727272727273,0.4545454545454546,0.1363636363636363,0.1999999999999999,1.0,6.2,0.19991620185874978,0.1282422067587793,0.006722545760826811,0.012375409733543199,0.08496714891017922,0.010896374678243191,0.55,0.009725034012540762,0.001834259253858878,0.06313051114987105,0.14,0.0011111156444402622,0.04,0.0004657215330535512,0.05,0.0008766793925673855,0.7885573653646035,0.4545,0.35839932255821233,0.14130921277248132,0.037143473508538014,0.008647991160768309,0.7885573653646035,0.0,0.0,0.0,0.0,0.15437181538703512,0.019796982266592263,0.15129612587041286,0.01940254905567578,0.26215107335785276,0.0,0.0
0.6390243902439025,Lautaro Martínez,2,Argentina,FWD,0.7384615384615385,playing,0.3387096774193548,0.3623188405797101,1.0,2.7,0.1,0.2666666666666666,0.4761904761904761,0.1111111111111111,,,,0.0067,0.0067,Argentina,Switzerland,True,Switzerland,0.4635,0.4444,0.7566,0.5348,0.4545,0.5455,0.2434,0.125,0.2,0.4,0.375,0.55625,0.0,0.0,0.1176470588235294,0.25,0.3333333333333333,0.0,0.1666666666666666,0.0,0.0,0.0,0.0,1.0,0.0,0.0,0.6111111111111112,0.0,0.0,0.0,0.0,0.0,0.0,1.0,0.0,0.0,0.0,0.1666666666666666,0.0,0.25,0.0,0.0,0.0,0.0,0.7222222222222222,0.0,0.0,0.0,0.0,1.0,0.0,1.0,0.0,0.0,0.0,0.4,0.0,0.0,0.0,0.0,0.0,0.0,0.6666666666666667,0.0,0.0,0.0,0.0,0.0,0.0,0.0,0.3333333333333333,0.25,0.0,0.0,0.0,0.3333333333333333,0.0,0.0,1.0,0.0,0.525,0.0,0.0,0.0,0.0,0.0,0.0,0.0,0.0,0.5,0.0,0.0,0.5,0.0,0.0,0.0,0.0,0.0,0.2,0.5,0.0,0.0,0.0,0.0,0.0,0.0,0.0,0.5,0.0,0.0,0.5,0.0,0.0,0.0,0.0,Lautaro Martínez,0.0,0.0,0.0066666666666666,0.9688995215311008,1.0,0.0297671070896098,0.0,0.840012928248222,0.7920656634746919,0.7692307692307692,,0.0,0.0,0.0,0.0,0.0,0.49,0.5562499999999999,0.1919475655430711,0.0,0.1198501872659176,0.5,0.25,0.0,0.625,0.5875,0.00506922,0.00358316,0.2284644194756554,0.3333333333333333,0.4569288389513108,0.489795918367347,0.5100674157303371,0.0,0.0,0.49,0.49,0.0786516853932584,0.0,0.0561797752808988,0.0,0.0561797752808988,0.4569288389513108,0.489795918367347,0.4569288389513108,0.1198501872659176,0.1292517006802721,0.1198501872659176,0.0,0.0,0.0,0.0,0.0,0.0,0.0,0.3370786516853932,0.0,0.1111111111111111,0.4102564102564103,0.3333333333333333,0.373015873015873,0.4535232693989723,0.45,0.75,0.75,0.5,0.625,0.5,0.75,0.75,0.45,1.0,8.8,0.48781491312279696,0.49053238176013286,0.006722545760826811,0.0595540509860685,0.45805334560721783,0.22468999859390584,0.35,0.02405813310542673,0.02144141954119794,0.0,0.08,0.004125785870410686,0.02,0.0015387765830105636,0.01,0.0032467066971802404,0.7885573653646035,0.4545,0.35839932255821233,0.14130921277248132,0.037143473508538014,0.008647991160768309,0.7885573653646035,0.0,0.0,0.0,0.0,0.12439597662720155,0.0,0.49714211605425507,0.0,0.2545874178872551,0.12488337246239749,0.0
0.6829268292682926,Robin Risser,19,France,GK,0.0,playing,0.0161290322580645,0.072463768115942,0.0,0.4,0.05,0.0,0.0476190476190476,0.0,,,,0.0067,0.0067,France,Morocco,True,Morocco,0.4859,0.493,0.7885,0.5882,0.4384,0.5616,0.2115,0.0,0.0,0.0,0.0,0.0,0.0,0.0,0.0,0.0,0.0,0.0,0.0,0.0,0.0,0.0,0.0,0.0,0.0,0.0,0.0,0.0,0.0,0.0,0.0,0.0,0.0,0.0,0.0,0.0,0.0,0.0,0.0,0.0,0.0,0.0,0.0,0.0,0.0,0.0,0.0,0.0,0.0,0.0,0.0,0.0,0.0,0.0,0.0,0.0,0.0,0.0,0.0,0.0,0.0,0.0,0.0,0.0,0.0,0.0,0.0,0.0,0.0,0.0,0.0,0.0,0.0,0.0,0.0,0.0,0.0,0.0,0.0,0.0,0.0,0.0,0.0,0.0,0.0,0.0,0.0,0.0,0.0,0.0,0.0,0.0,0.0,0.0,0.0,0.0,0.0,0.0,0.0,0.0,0.0,0.0,0.0,0.0,0.0,0.0,0.0,0.0,0.0,0.0,0.0,0.0,0.0,0.0,0.0,Robin Risser,0.0,0.0,0.0066666666666666,1.0,0.0,0.0,0.4559409307296223,0.972165991902834,0.948016415868673,0.7874015748031495,,0.0679086538461537,0.0,0.0,0.0,0.0,0.0,0.0,0.0,0.0,0.0,0.0,0.0,0.0,0.6666666666666667,0.6333333333333334,0.00528295,0.0039409399999999,0.0,0.0,0.0,0.0,0.0,0.0,0.0,0.0,0.0,0.0,-0.03247474033736217,0.0,0.0,0.0,0.0,0.0,0.0,0.0,0.0,0.0,0.0,0.0,0.0,0.0,0.0,0.0,0.0,0.0,0.0,0.0,0.0256410256410256,0.0196078431372549,0.0238095238095238,0.0,0.0,0.3333333333333333,0.4999999999999999,0.4999999999999999,0.6666666666666667,0.6666666666666667,0.6666666666666667,0.6666666666666667,0.6333333333333335,1.0,3.5,0.22793645057321624,0.12346704756522399,0.006722545760826811,0.0,0.09236751369625965,0.001140434420701757,0.15,0.003528901912381038,0.0016268322181165365,0.0618668679866056,0.04,0.001035695770314128,0.05,0.0005576699289818385,0.08,0.000849911742491515,0.8246235433483312,0.4384,0.36151496140390843,0.14905687422316308,0.04097193592744376,0.010056228445484705,0.8246235433483312,0.04510480061460542,0.10181383424999195,0.025628388015004923,0.0011640364706007123,0.11134027001888536,0.0,0.13268032631278925,0.0,0.10529385121328314,0.0,0.0
0.6834146341463414,William Saliba,19,France,DEF,0.72,playing,0.3870967741935484,0.4927536231884057,0.8,14.2,0.15,0.4666666666666667,0.0476190476190476,0.3888888888888888,,William Saliba,1.0,0.0769,0.0286,France,Morocco,True,Morocco,0.4859,0.493,0.7885,0.5882,0.4384,0.5616,0.2115,0.0,0.0,0.6000000000000001,0.125,0.75,0.0,0.0,0.0,0.0,0.0,0.0,0.1111111111111111,0.0,0.0,0.0,0.0,0.0,0.0,0.0,1.0,0.0,0.0,0.0,0.0,0.0,0.0,0.0,0.0,0.5,0.0,0.0,0.0,0.0,0.0,0.0,0.0,0.0,1.0,0.0,0.0,0.0,0.0,0.0,0.0,1.0,0.0,0.0,0.0,0.2,0.0,0.0,0.0,0.0,0.0,0.0,0.0,0.0,0.0,0.0,0.0,0.0,0.0,0.0,0.0,0.0,0.0,0.0,0.0,0.0,0.0,0.0,0.0,0.0,0.75,0.0,0.0,0.0,0.0,0.0,0.0,1.0,0.0,0.0,0.0,0.2,0.0,0.0,0.0,0.0,0.0,0.0,0.75,0.0,0.0,0.0,0.0,0.0,0.0,1.0,0.0,0.0,0.0,0.0,0.0,0.0,0.0,0.0,0.0,William Saliba,0.0,1.0,0.0285714285714285,1.0,0.0,0.0,0.4559409307296223,0.972165991902834,0.948016415868673,0.7874015748031495,,0.0679086538461537,0.0,0.0,0.0,0.0,0.6,0.75,0.0,0.0,0.0,0.0,0.0,0.0,0.1666666666666666,0.938888888888889,0.0606356499999999,0.0452325799999999,0.0,0.0,0.0,0.0,0.0,0.0,0.6666666666666666,0.6,0.5787458745874587,0.0194444444444444,-0.20414406511696626,0.0277777777777777,0.0277777777777777,0.0277777777777777,0.0,0.0,0.0,0.0,0.0,0.0,0.0,0.0,0.0,0.0,0.0,0.0,0.0,0.0,0.0,0.3888888888888888,0.3846153846153847,0.3333333333333333,0.373015873015873,0.4535232693989723,0.35,0.8333333333333333,0.6666666666666667,0.7777777777777779,0.5555555555555556,0.4999999999999999,0.4444444444444445,0.5555555555555556,1.0,0.0,5.3,0.8150755331627056,0.7761436961808821,0.08001770798603118,0.07283737232595541,0.10038816191562604,0.07012407513779897,0.45,0.050857727826937954,0.015674051174493216,0.40200152110179077,0.12,0.0072630039223637675,0.08,0.003498209825305125,0.14,0.006197928615003041,0.8246235433483312,0.4384,0.36151496140390843,0.14905687422316308,0.04097193592744376,0.010056228445484705,0.8246235433483312,0.04510480061460542,0.6400263648921496,0.0,0.0,0.1317287619373522,0.0,0.23166097177400088,0.0,0.20577034325686488,0.0,0.0
0.6839024390243902,Jules Koundé,19,France,DEF,0.76,playing,0.4193548387096774,0.4347826086956521,1.0,9.6,0.15,0.4666666666666667,0.1428571428571428,0.3888888888888888,,Jules Koundé,1.0,0.0909,0.037,France,Morocco,True,Morocco,0.4859,0.493,0.7885,0.5882,0.4384,0.5616,0.2115,0.0,0.0,0.6000000000000001,0.25,0.8854166666666666,0.0,0.0,0.0,0.0,0.3333333333333333,0.0,0.7222222222222222,0.0,0.0,0.0,0.0,0.0,0.0,0.0,1.0,0.0,0.0,0.0,0.0,0.0,0.0,0.0,0.0,0.5,0.0,0.6666666666666666,0.5,0.0,0.0,0.0,0.0,0.0,0.9222222222222224,0.0,0.0,0.0,0.0,0.0,0.0,1.0,0.0,0.0,0.0,0.2,0.0,0.0,0.0,0.0,0.0,0.0,0.9666666666666668,0.0,0.0,0.0,0.0,0.0,0.0,0.0,0.0,0.25,0.0,0.5,0.0,0.0,0.0,0.0,0.0,0.0,0.625,0.0,0.0,0.0,0.0,0.0,0.0,1.0,0.0,0.0,0.0,0.4,0.5,0.0,0.0,0.0,0.0,0.0,0.75,0.0,0.0,0.0,0.0,0.0,0.0,1.0,0.0,0.0,0.0,0.4,0.0,0.0,0.0,0.0,0.0,Jules Koundé,0.0,1.0,0.0344827586206896,1.0,0.0,0.0,0.4559409307296223,0.972165991902834,0.948016415868673,0.7874015748031495,,0.0679086538461537,0.0,0.0,0.0,0.0,0.84,0.8854166666666666,0.0,0.0,0.0,0.0,0.0,0.0,0.5555555555555556,0.5111111111111112,0.0716746499999999,0.0534673799999999,0.0,0.0,0.2870588235294117,0.1428571428571428,0.3339529411764705,0.0,0.6666666666666666,0.84,0.8102442244224421,0.0329411764705882,-0.22517790368445845,0.1529411764705882,0.1587301587301587,0.1529411764705882,0.2870588235294117,0.1428571428571428,0.2870588235294117,0.0,0.0,0.0,0.0,0.0,0.0,0.0,0.0,0.0,0.0,0.0,0.0,0.3888888888888888,0.4358974358974359,0.3725490196078431,0.4206349206349206,0.3678559463888548,0.35,1.0,0.7777777777777779,0.8888888888888888,0.5555555555555556,0.4999999999999999,1.0,1.0,0.7555555555555558,0.0,5.4,0.8819732049200765,0.8561131099441068,0.0953001798543245,0.09103721222340258,0.2755731923979239,0.2123296404849111,0.45,0.08288632427144094,0.027158069592007072,0.41935108514036956,0.12,0.009038083180042886,0.08,0.003658160345250149,0.14,0.007816104680063907,0.8246235433483312,0.4384,0.36151496140390843,0.14905687422316308,0.04097193592744376,0.010056228445484705,0.8246235433483312,0.04510480061460542,0.7059710262290688,0.0,0.0,0.2302258619450059,0.0,0.4033662408433033,0.0,0.21415903324274518,0.0,0.0
0.684390243902439,Bradley Barcola,19,France,MID,0.6226415094339622,playing,0.4838709677419354,0.4927536231884057,1.0,4.6,0.5,0.2,0.238095238095238,0.611111111111111,,Bradley Barcola,1.0,0.3077,0.137,France,Morocco,True,Morocco,0.4859,0.493,0.7885,0.5882,0.4384,0.5616,0.2115,0.25,0.2,0.8,0.125,0.5604166666666667,0.5,0.0,0.1764705882352941,0.5,0.1666666666666666,0.0,0.2222222222222222,0.0,0.0,0.0,0.0,0.0,0.0,0.0,0.1111111111111111,0.0,0.0,0.0,0.0,0.0,0.0,0.0,0.3333333333333333,0.5,0.0,0.0,0.0,0.25,0.0,0.0,1.0,0.0,0.9222222222222224,0.0,0.0,0.0,0.0,0.0,0.0,1.0,0.0,0.0,0.0,0.4,0.0,0.0,0.0,0.0,0.0,0.0,0.2777777777777778,0.5,0.0,0.0,0.0,0.0,0.0,1.0,0.0,0.0,0.0,0.0,0.5,0.0,0.0,0.0,0.0,0.0,0.75,0.0,0.0,0.0,0.0,0.0,0.0,1.0,0.5,0.0,0.0,0.2,0.0,0.3333333333333333,0.0,0.0,1.0,0.0,0.5083333333333333,0.0,1.0,0.0,0.0,0.0,0.0,1.0,0.0,0.0,0.0,0.2,0.0,0.0,0.0,0.0,0.0,Bradley Barcola,0.0,1.0,0.1351351351351351,1.0,0.0,0.0,0.4559409307296223,0.972165991902834,0.948016415868673,0.7874015748031495,,0.0679086538461537,0.0,0.0,0.0,0.0,0.5866666666666667,0.5604166666666666,0.3810408921933085,0.0,0.1784386617100371,0.6666666666666666,0.25,0.0,0.8636363636363636,0.15,0.2426214499999999,0.1809891399999999,0.2267657992565055,0.3333333333333333,0.2267657992565055,0.2045454545454545,0.2638104089219331,0.0,1.0,0.5866666666666667,0.5658848551521818,0.0260223048327137,0.0,0.0743494423791821,0.0568181818181818,0.0743494423791821,0.2267657992565055,0.2045454545454545,0.2267657992565055,0.1784386617100371,0.2159090909090909,0.1784386617100371,0.0,0.0,0.0,0.1858736059479554,0.0,0.0,0.0,0.0,0.0,0.611111111111111,0.4871794871794872,0.5490196078431373,0.5873015873015873,0.4921577137012236,0.55,0.7727272727272728,0.8636363636363636,0.5454545454545455,0.5454545454545455,0.7272727272727273,0.7272727272727273,0.6818181818181818,0.8000000000000002,1.0,8.0,0.7120458232956334,0.6834250168128594,0.36773589129815726,0.35539662357271,0.3422496927016574,0.23390200198882616,0.55,0.11038580663904064,0.022791433385323023,0.36420222319568274,0.14,0.007121513239701238,0.04,0.0028767142963319497,0.05,0.005703534818556417,0.8246235433483312,0.4384,0.36151496140390843,0.14905687422316308,0.04097193592744376,0.010056228445484705,0.8246235433483312,0.04510480061460542,0.0,0.0,0.0,0.16377049891885323,0.11192485597706764,0.39226093996712863,0.2680809394920629,0.38913568561958556,0.0,0.0
0.6848780487804877,Jean-Philippe Mateta,19,France,FWD,0.3846153846153846,playing,0.0483870967741935,0.144927536231884,0.4,0.2,0.05,0.0,0.0952380952380952,0.0555555555555555,,Jean-Philippe Mateta,1.0,0.3891,0.1818,France,Morocco,True,Morocco,0.4859,0.493,0.7885,0.5882,0.4384,0.5616,0.2115,0.0,0.0,0.4,0.0,0.0166666666666666,0.0,0.0,0.0,0.0,0.0,0.0,0.0,0.0,0.0,0.0,0.0,0.0,0.0,0.0,0.0,0.0,0.0,0.0,0.0,0.0,0.0,0.0,0.0,0.0,0.0,0.0,0.0,0.0,0.0,0.0,0.0,0.0,0.0,0.0,0.0,0.0,0.0,0.0,0.0,0.0,0.0,0.0,0.0,0.0,0.0,0.0,0.0,0.0,0.0,0.0,0.0333333333333333,0.0,0.0,0.0,0.0,0.0,0.0,1.0,0.0,0.0,0.0,0.0,0.0,0.0,0.0,0.0,0.0,0.0,0.0416666666666666,0.0,0.0,0.0,0.0,0.0,0.0,1.0,0.0,0.0,0.0,0.0,0.0,0.0,0.0,0.0,0.0,0.0,0.0,0.0,0.0,0.0,0.0,0.0,0.0,0.0,0.0,0.0,0.0,0.0,0.0,0.0,0.0,0.0,0.0,Jean-Philippe Mateta,0.0,1.0,0.1818181818181818,1.0,0.0,0.0,0.4559409307296223,0.972165991902834,0.948016415868673,0.7874015748031495,,0.0679086538461537,0.0,0.0,0.0,0.0,0.0266666666666666,0.0166666666666666,0.0,0.0,0.0,0.0,0.0,0.0,0.6666666666666667,0.6333333333333334,0.30680535,0.2288686199999999,0.0,0.0,0.0,0.0,0.0,0.0,0.6666666666666666,0.0266666666666666,0.0257220388705537,0.0,0.0,0.0,0.0,0.0,0.0,0.0,0.0,0.0,0.0,0.0,0.0,0.0,0.0,0.0,0.0,0.0,0.0,0.0,0.0,0.0555555555555555,0.0769230769230769,0.0588235294117647,0.0793650793650793,0.0735711892777709,0.05,0.3333333333333333,0.6666666666666667,0.6666666666666667,0.6666666666666667,0.4999999999999999,0.4999999999999999,0.4999999999999999,0.2666666666666667,1.0,6.5,0.3566348543055984,0.18071659961438358,0.4928219993264158,0.09983088414791708,0.10337702675626768,0.018681944753637846,0.35,0.00877952518799685,0.004760771140637019,0.0,0.08,0.0015532304473062082,0.02,0.0007755167023933764,0.01,0.0011765791350478365,0.8246235433483312,0.4384,0.36151496140390843,0.14905687422316308,0.04097193592744376,0.010056228445484705,0.8246235433483312,0.04510480061460542,0.0,0.0,0.0,0.11134027001888536,0.0,0.2485594903459349,0.0,0.24192066616653443,0.04371908016606255,0.0
0.728780487804878,Thibaut Courtois,5,Belgium,GK,0.9333333333333336,playing,0.2741935483870967,0.3043478260869565,1.0,9.5,0.15,0.5333333333333333,0.1428571428571428,0.1111111111111111,,,,0.0067,0.0067,Spain,Belgium,False,Spain,0.5211,0.5211,0.5936,0.3077,0.2043,0.7957,0.4064,0.0,0.0,0.2,0.625,1.0,0.0,0.0,0.0,0.0,0.0,0.0,0.0,0.625,0.0,0.0,0.0,0.0,0.0,0.0,1.0,0.0,0.0,0.0,0.0,0.0,0.0,0.0,0.0,0.5,0.0,0.0,0.0,0.0,0.0,0.5,0.0,0.0,1.0,0.0,0.0,0.0,0.0,0.0,0.0,1.0,0.0,0.0,0.0,0.0,0.0,0.0,0.0,1.0,0.0,0.0,1.0,0.0,0.0,0.0,0.0,0.0,0.0,0.0,0.0,0.25,0.0,0.0,0.0,0.0,0.0,0.1666666666666666,0.0,0.0,1.0,0.0,0.0,0.0,0.0,0.0,0.0,0.0,0.0,1.0,0.0,0.0,0.0,0.0,0.0,0.75,0.0,0.0,0.75,0.0,0.0,0.0,0.0,0.0,0.0,0.0,0.0,0.5,0.0,0.0,0.0,0.0,0.0,0.25,0.0,Thibaut Courtois,0.0,0.0,0.0066666666666666,0.9688995215311008,0.0,0.0194772429104854,0.8294333990725438,0.1858552631578947,0.1298747763864044,0.3389830508474576,,1.0,0.0,0.0,0.0,0.0,1.0,1.0,0.0,0.0,0.0,0.0,0.0,0.0,0.6666666666666667,0.6333333333333334,0.00397712,0.00206159,0.0,0.0,0.0,0.0,0.0,0.0,0.0,1.0,0.4495049504950494,0.0729166666666666,-0.732350765574192,0.0,0.0,0.0,0.0,0.0,0.0,0.0,0.0,0.0,0.375,0.3,0.375,0.0,0.0,0.0,0.0,0.0,0.0,0.1111111111111111,0.3333333333333333,0.2941176470588235,0.2777777777777778,0.3822871134070977,0.4,1.0,1.0,1.0,0.6666666666666667,0.6666666666666667,0.6666666666666667,0.6666666666666667,1.0,0.0,4.9,0.8909031788043871,0.9241418199787566,0.006722545760826811,0.0,0.047254094528696514,0.00436694849191978,0.15,0.19869049129543268,0.014473246168699508,0.1524358191653123,0.04,0.025189066555531024,0.05,0.015841194982008863,0.08,0.015557911047351089,1.5881657771585607,0.2043,0.32446226827349395,0.2576499352256015,0.13639693653747337,0.07719085996343122,1.5881657771585607,1.0,1.4676904117312886,2.8474618907986007,0.03322750330754388,0.2933246284379707,0.0,0.254393449319168,0.0,0.22176117390495914,0.0,0.0
0.7292682926829268,Mike Penders,5,Belgium,GK,0.0,playing,0.0161290322580645,0.072463768115942,0.0,0.7,0.05,0.0,0.0476190476190476,0.0,,,,0.0067,0.0067,Spain,Belgium,False,Spain,0.5211,0.5211,0.5936,0.3077,0.2043,0.7957,0.4064,0.0,0.0,0.0,0.0,0.0,0.0,0.0,0.0,0.0,0.0,0.0,0.0,0.0,0.0,0.0,0.0,0.0,0.0,0.0,0.0,0.0,0.0,0.0,0.0,0.0,0.0,0.0,0.0,0.0,0.0,0.0,0.0,0.0,0.0,0.0,0.0,0.0,0.0,0.0,0.0,0.0,0.0,0.0,0.0,0.0,0.0,0.0,0.0,0.0,0.0,0.0,0.0,0.0,0.0,0.0,0.0,0.0,0.0,0.0,0.0,0.0,0.0,0.0,0.0,0.0,0.0,0.0,0.0,0.0,0.0,0.0,0.0,0.0,0.0,0.0,0.0,0.0,0.0,0.0,0.0,0.0,0.0,0.0,0.0,0.0,0.0,0.0,0.0,0.0,0.0,0.0,0.0,0.0,0.0,0.0,0.0,0.0,0.0,0.0,0.0,0.0,0.0,0.0,0.0,0.0,0.0,0.0,0.0,Mike Penders,0.0,0.0,0.0066666666666666,0.9688995215311008,0.0,0.0194772429104854,0.8294333990725438,0.1858552631578947,0.1298747763864044,0.3389830508474576,,1.0,0.0,0.0,0.0,0.0,0.0,0.0,0.0,0.0,0.0,0.0,0.0,0.0,0.6666666666666667,0.6333333333333334,0.00397712,0.00206159,0.0,0.0,0.0,0.0,0.0,0.0,0.0,0.0,0.0,0.0,-0.08879344348838054,0.0,0.0,0.0,0.0,0.0,0.0,0.0,0.0,0.0,0.0,0.0,0.0,0.0,0.0,0.0,0.0,0.0,0.0,0.0,0.0256410256410256,0.0196078431372549,0.0238095238095238,0.0,0.0,0.3333333333333333,0.4999999999999999,0.4999999999999999,0.6666666666666667,0.6666666666666667,0.6666666666666667,0.6666666666666667,0.2666666666666667,1.0,3.5,0.19154534856146752,0.11204703855699032,0.006722545760826811,0.0,0.047254094528696514,0.0005294681351632524,0.15,0.02409011328975292,0.0011335163021088798,0.027578139423682754,0.04,0.0025938357810216727,0.05,0.0021703163111473694,0.08,0.0014711880025129946,1.5881657771585607,0.2043,0.32446226827349395,0.2576499352256015,0.13639693653747337,0.07719085996343122,1.5881657771585607,1.0,0.17794927206817773,0.1295490088971736,0.0019851580759372334,0.2933246284379707,0.0,0.1407344150734921,0.0,0.11155745486219198,0.0,0.0
0.7297560975609756,Hans Vanaken,5,Belgium,MID,0.1509433962264149,playing,0.4032258064516129,0.4202898550724637,1.0,0.1,0.1,0.0666666666666666,0.3809523809523809,0.1111111111111111,,Hans Vanaken,1.0,0.1852,0.0714,Spain,Belgium,False,Spain,0.5211,0.5211,0.5936,0.3077,0.2043,0.7957,0.4064,0.125,0.4,0.4,0.5,0.5375,0.0,0.0,0.0588235294117647,0.5,0.1666666666666666,0.0,0.1666666666666666,0.0,0.0,0.0,0.0,0.0,0.0,0.0,0.0444444444444444,0.0,0.0,0.0,0.0,0.0,0.0,1.0,0.0,0.0,0.0,0.0,0.0,0.0,0.0,0.0,0.0,0.0,0.3555555555555555,0.0,0.0,0.0,0.0,0.0,0.0,1.0,0.0,0.0,0.0,0.0,0.0,0.0,0.0,0.0,0.0,0.0,1.0,0.5,0.0,0.0,0.0,0.0,0.0,0.0,0.0,0.25,0.0,0.0,0.5,0.0,0.0,0.0,1.0,0.0,0.525,0.0,0.0,0.0,0.0,0.0,0.0,0.0,0.0,1.0,0.0,0.2,0.0,0.0,0.0,0.0,0.0,0.0,0.575,0.5,0.0,0.0,0.0,0.0,0.0,0.0,0.5,0.5,0.0,0.4,0.0,0.25,0.0,0.0,1.0,,,1.0,0.0714285714285714,0.9688995215311008,0.0,0.0194772429104854,0.8294333990725438,0.1858552631578947,0.1298747763864044,0.3389830508474576,,1.0,0.0,0.0,0.0,0.0,0.74,0.5375,0.1986434108527131,0.0,0.062015503875969,1.0,0.25,0.2,0.7272727272727273,0.3,0.10993472,0.0569860399999999,0.4728682170542636,0.6666666666666666,0.2364341085271317,0.1621621621621621,0.2070697674418604,0.0,0.0,0.74,0.3326336633663366,0.1085271317829457,0.0,0.0581395348837209,0.0675675675675675,0.0581395348837209,0.2364341085271317,0.1621621621621621,0.2364341085271317,0.062015503875969,0.0855855855855856,0.062015503875969,0.0,0.0,0.0,0.0,0.0,0.0,0.0,0.0,0.0,0.1111111111111111,0.2820512820512821,0.2352941176470588,0.2777777777777778,0.3660120453218768,0.35,0.3636363636363636,0.7727272727272728,0.6363636363636364,0.5454545454545455,0.5,0.7727272727272728,0.5454545454545455,0.1,1.0,5.5,0.6376611654927213,0.6770505219360564,0.20481259462948634,0.19752166435519714,0.3444796700824505,0.23323014042568363,0.55,0.1824887337032301,0.012292568518667828,0.1287073598592788,0.14,0.019455116066098104,0.04,0.011816414691958805,0.05,0.011265971204911046,1.5881657771585607,0.2043,0.32446226827349395,0.2576499352256015,0.13639693653747337,0.07719085996343122,1.5881657771585607,1.0,0.0,0.0,0.0,0.3473257874986779,0.23515710570783166,0.2948497615103667,0.19962818492331552,0.21916368895727512,0.0,0.0
0.7302439024390244,Matias Fernandez-Pardo,5,Belgium,FWD,0.2461538461538461,playing,0.064516129032258,0.144927536231884,0.6000000000000001,0.0,0.1,0.0666666666666666,0.0952380952380952,0.0,,Matias Fernandez Pardo,1.0,0.2151,0.0851,Spain,Belgium,False,Spain,0.5211,0.5211,0.5936,0.3077,0.2043,0.7957,0.4064,0.0,0.0,0.4,0.125,0.0854166666666666,0.0,0.0,0.0,0.0,0.0,0.0,0.1111111111111111,0.0,0.0,0.0,0.0,0.0,0.0,0.0,0.0444444444444444,0.0,0.0,0.0,0.0,0.0,0.0,1.0,0.0,0.0,0.0,0.0,0.0,0.0,0.0,0.0,0.0,0.0,0.0333333333333333,0.0,0.0,0.0,0.0,0.0,0.0,1.0,0.0,0.0,0.0,0.0,0.0,0.0,0.0,0.0,0.0,0.0,0.3777777777777777,0.0,0.0,0.0,0.0,0.0,0.0,0.0,0.0,0.25,0.0,0.25,0.0,0.0,0.0,0.0,0.0,0.0,0.0,0.0,0.0,0.0,0.0,0.0,0.0,0.0,0.0,0.0,0.0,0.0,0.0,0.0,0.0,0.0,0.0,0.0,0.0,0.0,0.0,0.0,0.0,0.0,0.0,0.0,0.0,0.0,0.0,0.0,0.0,0.0,0.0,0.0,0.0,Matias Fernandez-Pardo,0.0,1.0,0.0851063829787234,0.9688995215311008,0.0,0.0194772429104854,0.8294333990725438,0.1858552631578947,0.1298747763864044,0.3389830508474576,,1.0,0.0,0.0,0.0,0.0,0.1133333333333333,0.0854166666666666,0.0,0.0,0.0,0.0,0.0,0.0,0.6666666666666667,0.6333333333333334,0.12768336,0.0661862699999999,0.0,0.0,0.0,0.0,0.0,0.0,0.0,0.1133333333333333,0.0509438943894389,0.1707317073170731,0.0,0.2439024390243902,0.2941176470588235,0.2439024390243902,0.0,0.0,0.0,0.0,0.0,0.0,0.0,0.0,0.0,0.0,0.0,0.0,0.0,0.0,0.0,0.0,0.0769230769230769,0.0784313725490196,0.0714285714285714,0.0637145189011829,0.05,0.3333333333333333,0.3333333333333333,0.3333333333333333,0.6666666666666667,0.3333333333333333,0.6666666666666667,0.8333333333333333,0.2666666666666667,1.0,5.6,0.3060290646016877,0.1672665437584334,0.24219895784936912,0.045934207814415436,0.05208141622287756,0.008711478485645132,0.35,0.04950681728069729,0.002545755632609452,0.0,0.08,0.004613886109386734,0.02,0.0030968933701809817,0.01,0.0025006524472799014,1.5881657771585607,0.2043,0.32446226827349395,0.2576499352256015,0.13639693653747337,0.07719085996343122,1.5881657771585607,1.0,0.0,0.0,0.0,0.545225345319784,0.0,0.20721531268920748,0.0,0.18856748358589373,0.031541031244637564,0.0
0.7307317073170732,Leandro Trossard,5,Belgium,MID,0.3584905660377356,playing,0.564516129032258,0.5652173913043479,1.0,7.0,0.15,0.2,0.8571428571428572,0.3888888888888888,,Leandro Trossard,1.0,0.2151,0.0851,Spain,Belgium,False,Spain,0.5211,0.5211,0.5936,0.3077,0.2043,0.7957,0.4064,0.25,0.4,0.4,0.5,0.9375,0.0,0.0,0.1764705882352941,0.5,0.5,0.0,0.3333333333333333,0.0,0.0,0.0,0.0,0.0,0.0,0.0,1.0,0.0,0.0,0.0,0.0,0.0,0.0,0.0,0.0,0.5,0.0,0.3333333333333333,0.0,0.0,0.0,0.0,0.0,0.0,1.0,0.0,0.0,0.0,0.0,0.0,0.0,1.0,0.0,0.0,0.0,0.4,0.0,0.0,0.0,0.0,0.0,0.0,0.8,0.0,0.0,0.0,0.0,0.0,0.0,1.0,0.6666666666666666,0.0,0.0,0.125,0.5,0.6666666666666666,0.0,0.0,1.0,0.0,0.9083333333333332,0.5,0.0,0.0,0.0,0.0,0.0,0.0,0.0,1.0,0.0,0.0,0.5,0.1666666666666666,0.0,0.0,1.0,0.0,0.7416666666666667,0.5,0.0,0.0,0.0,0.0,0.0,0.0,0.0,0.5,0.0,0.2,0.5,0.0,0.0,0.0,0.0,Leandro Trossard,0.0,1.0,0.0851063829787234,0.9688995215311008,0.0,0.0194772429104854,0.8294333990725438,0.1858552631578947,0.1298747763864044,0.3389830508474576,,1.0,0.0,0.0,0.0,0.0,0.9,0.9375,0.2277777777777777,0.0,0.1066666666666666,0.6666666666666666,0.5,0.0,0.8636363636363636,0.15,0.12768336,0.0661862699999999,0.2711111111111111,0.6666666666666666,0.4066666666666666,0.4,0.35616,0.0,0.3333333333333333,0.9,0.4045544554455445,0.0622222222222222,0.0,0.0666666666666666,0.037037037037037,0.0666666666666666,0.4066666666666666,0.4,0.4066666666666666,0.1066666666666666,0.2111111111111111,0.1066666666666666,0.0,0.0,0.0,0.0,0.0,0.0,0.0,0.0,0.0,0.3888888888888888,0.717948717948718,0.5882352941176471,0.7142857142857143,0.8728346491536603,0.8500000000000001,0.8181818181818182,1.0,0.9090909090909092,0.5454545454545455,0.7727272727272728,0.9545454545454546,0.7727272727272728,1.0,0.0,6.6,0.898915049003692,0.908603742865037,0.24219895784936912,0.36835456775062925,0.46750260137616056,0.4247746134095209,0.55,0.24683735014500172,0.02720092574704307,0.17272564618665584,0.14,0.027753778264538943,0.04,0.015857662417359718,0.05,0.016593466920547188,1.5881657771585607,0.2043,0.32446226827349395,0.2576499352256015,0.13639693653747337,0.07719085996343122,1.5881657771585607,1.0,0.0,0.0,0.0,0.3468786403486943,0.31517523094075867,0.5505875147761367,0.5002658767003566,0.2983014455124197,0.0,0.0
0.7312195121951219,Diego Moreira,5,Belgium,MID,0.0,playing,0.032258064516129,0.144927536231884,0.2,0.1,0.05,0.0,0.0476190476190476,0.0555555555555555,,Diego Moreira,1.0,0.1639,0.0625,Spain,Belgium,False,Spain,0.5211,0.5211,0.5936,0.3077,0.2043,0.7957,0.4064,0.0,0.0,0.2,0.0,0.11875,0.0,0.0,0.0,0.0,0.0,0.0,0.0555555555555555,0.0,0.0,0.0,0.0,0.0,0.0,0.0,0.0,0.0,0.0,0.0,0.0,0.0,0.0,0.0,0.0,0.0,0.0,0.0,0.0,0.0,0.0,0.0,0.0,0.0,0.0,0.0,0.0,0.0,0.0,0.0,0.0,0.0,0.0,0.0,0.0,0.0,0.0,0.0,0.0,0.0,0.0,0.0,0.0,0.0,0.0,0.0,0.0,0.0,0.0,0.0,0.0,0.0,0.0,0.0,0.0,0.0,0.0,0.0,0.0,0.0,0.475,0.0,0.0,0.0,0.0,0.0,0.0,1.0,0.0,0.0,0.0,0.2,0.0,0.0,0.0,0.0,0.0,0.0,0.0,0.0,0.0,0.0,0.0,0.0,0.0,0.0,0.0,0.0,0.0,0.0,0.0,0.0,0.0,0.0,0.0,Diego Moreira,0.0,1.0,0.0625,0.9688995215311008,0.0,0.0194772429104854,0.8294333990725438,0.1858552631578947,0.1298747763864044,0.3389830508474576,,1.0,0.0,0.0,0.0,0.0,0.19,0.11875,0.0,0.0,0.0,0.0,0.0,0.0,0.4545454545454546,0.6000000000000001,0.09729104,0.0504320299999999,0.0,0.0,0.0,0.0,0.0,0.0,0.3333333333333333,0.19,0.0854059405940594,0.0,0.0,0.087719298245614,0.087719298245614,0.087719298245614,0.0,0.0,0.0,0.0,0.0,0.0,0.0,0.0,0.0,0.0,0.0,0.0,0.0,0.0,0.0,0.0555555555555555,0.0512820512820512,0.0392156862745098,0.0555555555555555,0.0637145189011829,0.05,0.0909090909090909,0.1363636363636363,0.1818181818181818,0.5454545454545455,0.1818181818181818,0.3636363636363636,0.2727272727272727,0.1,1.0,4.7,0.22791645330226676,0.223442616380863,0.17900705582612475,0.04406029394145749,0.05188402609216721,0.011593102538406804,0.55,0.061877924553893376,0.0028235620588157374,0.057521230133029545,0.14,0.005848738074865819,0.04,0.004297253356438361,0.05,0.0031923838802235113,1.5881657771585607,0.2043,0.32446226827349395,0.2576499352256015,0.13639693653747337,0.07719085996343122,1.5881657771585607,1.0,0.0,0.0,0.0,0.3728588335382916,0.08331255330651254,0.16825298487508425,0.037594887154378594,0.14734058789870913,0.0,0.0
0.7575609756097561,Christian Fassnacht,43,Switzerland,MID,0.2641509433962262,playing,0.032258064516129,0.144927536231884,0.2,0.0,0.05,0.0,0.0952380952380952,0.0,,,,0.0067,0.0067,Argentina,Switzerland,False,Argentina,0.4635,0.4444,0.5455,0.2632,0.2434,0.7566,0.4545,0.0,0.0,0.2,0.0,0.0104166666666666,0.0,0.0,0.0,0.0,0.0,0.0,0.0555555555555555,0.0,0.0,0.0,0.0,0.0,0.0,0.0,0.0,0.0,0.0,0.0,0.0,0.0,0.0,0.0,0.0,0.0,0.0,0.0,0.0,0.0,0.0,0.0,0.0,0.0,0.0,0.0,0.0,0.0,0.0,0.0,0.0,0.0,0.0,0.0,0.0,0.0,0.0,0.0,0.0,0.0,0.0,0.0,0.0555555555555555,0.0,0.0,0.0,0.0,0.0,0.0,1.0,0.0,0.0,0.0,0.125,0.0,0.0,0.0,0.0,0.0,0.0,0.0,0.0,0.0,0.0,0.0,0.0,0.0,0.0,0.0,0.0,0.0,0.0,0.0,0.0,0.0,0.0,0.0,0.0,0.0,0.0,0.0,0.0,0.0,0.0,0.0,0.0,0.0,0.0,0.0,0.0,0.0,0.0,0.0,0.0,0.0,,,0.0,0.0066666666666666,0.9688995215311008,1.0,0.0297671070896098,0.0,0.0,0.0,0.3508771929824561,,0.840012928248222,0.0,0.0,0.0,0.0,0.0166666666666666,0.0104166666666666,0.0,0.0,0.0,0.0,0.0,0.0,0.5499999999999999,0.5050000000000001,0.00365485,0.00176344,0.0,0.0,0.0,0.0,0.0,0.0,0.3333333333333333,0.0166666666666666,0.0089255592225889,0.0,0.0,1.0,1.0,1.0,0.0,0.0,0.0,0.0,0.0,0.0,0.0,0.0,0.0,0.0,0.0,0.0,0.0,0.0,0.0,0.0,0.0512820512820512,0.0392156862745098,0.0476190476190476,0.0637145189011829,0.05,0.6,0.1,0.1,0.5499999999999999,0.1999999999999999,0.35,0.2999999999999999,0.285,1.0,6.1,0.13910422185012689,0.07942940865624855,0.006722545760826811,0.0021320017322669933,0.04050246242318459,0.0032170866393954793,0.55,0.03757031567102781,0.000873044395219589,0.023424117784339178,0.14,0.002845461429846235,0.04,0.0012984013452262363,0.05,0.0017036538219787096,1.4130490984287103,0.24339999999999998,0.34393615055754806,0.24299933373119223,0.11445666314921281,0.055207852562046966,1.4130490984287103,0.7809969528247355,0.0,0.0,0.0,1.9381471596465956,0.15394588277951685,0.14910354811452975,0.011843206655285602,0.12401690705168708,0.0,0.0
0.7580487804878049,Zeki Amdouni,43,Switzerland,FWD,0.1384615384615385,playing,0.064516129032258,0.144927536231884,0.6000000000000001,0.1,0.1,0.0,0.0476190476190476,0.0555555555555555,,,,0.0067,0.0067,Argentina,Switzerland,False,Argentina,0.4635,0.4444,0.5455,0.2632,0.2434,0.7566,0.4545,0.0,0.0,0.4,0.125,0.0729166666666666,0.0,0.0,0.0,0.0,0.0,0.0,0.1666666666666666,0.0,0.0,0.0,0.0,0.0,0.0,0.0,0.1222222222222222,0.0,0.0,0.0,0.0,0.0,0.0,0.0,0.0,0.5,0.0,0.1666666666666666,0.0,0.0,0.0,0.0,0.0,0.0,0.0,0.0,0.0,0.0,0.0,0.0,0.0,0.0,0.0,0.0,0.0,0.0,0.0,0.0,0.0,0.0,0.0,0.0,0.0,0.0,0.0,0.0,0.0,0.0,0.0,0.0,0.0,0.0,0.0,0.0,0.0,0.0,0.0,0.0,0.0,0.0,0.0583333333333333,0.0,0.0,0.0,0.0,0.0,0.0,1.0,0.0,0.0,0.0,0.2,0.0,0.0,0.0,0.0,0.0,0.0,0.1416666666666666,0.0,0.0,0.0,0.0,0.0,0.0,1.0,0.0,0.0,0.0,0.2,0.0,0.0,0.0,0.0,0.0,Zeki Amdouni,0.0,0.0,0.0066666666666666,0.9688995215311008,1.0,0.0297671070896098,0.0,0.0,0.0,0.3508771929824561,,0.840012928248222,0.0,0.0,0.0,0.0,0.08,0.0729166666666666,0.0,0.0,0.0,0.0,0.0,0.0,0.6000000000000001,0.56,0.00365485,0.00176344,0.0,0.0,0.0,0.0,0.0,0.0,0.6666666666666666,0.08,0.0428426842684268,0.2,0.0,0.4285714285714285,0.4166666666666666,0.4285714285714286,0.0,0.0,0.0,0.0,0.0,0.0,0.0,0.0,0.0,0.0,0.0,0.0,0.0,0.0,0.0,0.0555555555555555,0.0512820512820512,0.0588235294117647,0.0634920634920634,0.0735711892777709,0.05,0.2,0.5,0.3999999999999999,0.6000000000000001,0.3999999999999999,0.5,0.8,0.45,1.0,4.9,0.19368365020723857,0.1348342337557593,0.006722545760826811,0.0028565228765517724,0.04057791211043105,0.005471291686818516,0.35,0.04181822313176762,0.001396427188911507,0.0,0.08,0.003530876124849383,0.02,0.0021008793366319215,0.01,0.002024086980397697,1.4130490984287103,0.24339999999999998,0.34393615055754806,0.24299933373119223,0.11445666314921281,0.055207852562046966,1.4130490984287103,0.7809969528247355,0.0,0.0,0.0,0.6593551321510821,0.0,0.13461901684040148,0.0,0.10988870115053606,0.014816758818048153,0.0
0.7585365853658537,Cedric Itten,43,Switzerland,FWD,0.2153846153846154,playing,0.064516129032258,0.144927536231884,0.6000000000000001,0.0,0.05,0.0666666666666666,0.0952380952380952,0.0,,,,0.0067,0.0067,Argentina,Switzerland,False,Argentina,0.4635,0.4444,0.5455,0.2632,0.2434,0.7566,0.4545,0.0,0.0,0.4,0.125,0.08125,0.0,0.0,0.0,0.0,0.0,0.0,0.0,0.0,0.0,0.0,0.0,0.0,0.0,0.0,0.0,0.0,0.0,0.0,0.0,0.0,0.0,0.0,0.0,0.0,0.0,0.0,0.0,0.0,0.0,0.0,0.0,0.0,0.0111111111111111,0.0,0.0,0.0,0.0,0.0,0.0,0.0,0.0,0.5,0.0,0.0,0.0,0.0,0.0,0.0,0.0,0.0,0.0555555555555555,0.0,0.0,0.0,0.0,0.0,0.0,1.0,0.0,0.0,0.0,0.0,0.0,0.0,0.0,0.0,0.0,0.0,0.0,0.0,0.0,0.0,0.0,0.0,0.0,0.0,0.0,0.0,0.0,0.0,0.0,0.0,0.0,0.0,0.0,0.0,0.275,0.0,0.0,0.0,0.0,0.0,0.0,1.0,0.0,0.0,0.0,0.0,0.0,0.0,0.0,0.0,0.0,,,0.0,0.0066666666666666,0.9688995215311008,1.0,0.0297671070896098,0.0,0.0,0.0,0.3508771929824561,,0.840012928248222,0.0,0.0,0.0,0.0,0.1266666666666666,0.0812499999999999,0.0,0.0,0.0,0.0,0.0,0.0,0.6000000000000001,0.56,0.00365485,0.00176344,0.0,0.0,0.0,0.0,0.0,0.0,0.6666666666666666,0.1266666666666666,0.0678342500916758,0.1794871794871795,0.0,0.0,0.0,0.0,0.0,0.0,0.0,0.0,0.0,0.0,0.0,0.0,0.0,0.0,0.0,0.0,0.0,0.0,0.0,0.0,0.0769230769230769,0.0588235294117647,0.0634920634920634,0.0735711892777709,0.05,0.3999999999999999,0.5,0.6000000000000001,0.6000000000000001,0.3999999999999999,0.5,0.2,0.12,1.0,5.4,0.23339309950889256,0.1512442979920987,0.006722545760826811,0.003727715299823916,0.040668643289554454,0.00615090040461974,0.35,0.030702983557161365,0.0016245004935853667,0.0,0.08,0.003060589301448701,0.02,0.002356567850643708,0.01,0.0017071335497750746,1.4130490984287103,0.24339999999999998,0.34393615055754806,0.24299933373119223,0.11445666314921281,0.055207852562046966,1.4130490984287103,0.7809969528247355,0.0,0.0,0.0,0.23070902613970698,0.0,0.14345874791745505,0.0,0.11851157020401154,0.017924199239447047,0.0
0.7985365853658536,Munir El Kajoui,29,Morocco,GK,0.3333333333333335,playing,0.0161290322580645,0.072463768115942,0.0,0.2,0.05,0.0,0.0476190476190476,0.0,,,,0.0067,0.0067,France,Morocco,False,France,0.4859,0.493,0.5616,0.2817,0.2115,0.7885,0.4384,0.0,0.0,0.0,0.0,0.0,0.0,0.0,0.0,0.0,0.0,0.0,0.0,0.0,0.0,0.0,0.0,0.0,0.0,0.0,0.0,0.0,0.0,0.0,0.0,0.0,0.0,0.0,0.0,0.0,0.0,0.0,0.0,0.0,0.0,0.0,0.0,0.0,0.0,0.0,0.0,0.0,0.0,0.0,0.0,0.0,0.0,0.0,0.0,0.0,0.0,0.0,0.0,0.0,0.0,0.0,0.0,0.0,0.0,0.0,0.0,0.0,0.0,0.0,0.0,0.0,0.0,0.0,0.0,0.0,0.0,0.0,0.0,0.0,0.0,0.0,0.0,0.0,0.0,0.0,0.0,0.0,0.0,0.0,0.0,0.0,0.0,0.0,0.0,0.0,0.0,0.0,0.0,0.0,0.0,0.0,0.0,0.0,0.0,0.0,0.0,0.0,0.0,0.0,0.0,0.0,0.0,0.0,0.0,,,0.0,0.0066666666666666,1.0,0.0,0.0,0.4559409307296223,0.0679086538461537,0.0540452014412055,0.3333333333333333,,0.972165991902834,0.0,0.0,0.0,0.0,0.0,0.0,0.0,0.0,0.0,0.0,0.0,0.0,0.6666666666666667,0.6333333333333334,0.00376272,0.00188739,0.0,0.0,0.0,0.0,0.0,0.0,0.0,0.0,0.0,0.0,-0.08571937733597852,0.0,0.0,0.0,0.0,0.0,0.0,0.0,0.0,0.0,0.0,0.0,0.0,0.0,0.0,0.0,0.0,0.0,0.0,0.0,0.0256410256410256,0.0196078431372549,0.0238095238095238,0.0,0.0,0.6666666666666667,0.4999999999999999,0.4999999999999999,0.6666666666666667,0.6666666666666667,0.6666666666666667,0.6666666666666667,0.2666666666666667,1.0,4.0,0.22443598573092652,0.11204703855699032,0.006722545760826811,0.0,0.043173715984047976,0.0004837487019513173,0.15,0.023466369654061174,0.001294831150460604,0.028302940360714797,0.04,0.002523605262146798,0.05,0.0021162768804228954,0.08,0.0014443734269242146,1.5535302804958044,0.2115,0.3285716543248626,0.25522300715313717,0.13216555663053195,0.07253978189146826,1.5535302804958044,0.956684426837069,0.17406846723816538,0.15974053095736995,0.0026766281922805603,0.27720734317964696,0.0,0.17148646893886738,0.0,0.1430316152677817,0.0,0.0
0.7999999999999999,Youssef Belammari,29,Morocco,DEF,0.04,playing,0.0161290322580645,0.072463768115942,0.0,0.2,0.05,0.0,0.0476190476190476,0.0,,Youssef Belammari,1.0,0.0714,0.0286,France,Morocco,False,France,0.4859,0.493,0.5616,0.2817,0.2115,0.7885,0.4384,0.0,0.0,0.0,0.0,0.0,0.0,0.0,0.0,0.0,0.0,0.0,0.0,0.0,0.0,0.0,0.0,0.0,0.0,0.0,0.0,0.0,0.0,0.0,0.0,0.0,0.0,0.0,0.0,0.0,0.0,0.0,0.0,0.0,0.0,0.0,0.0,0.0,0.0,0.0,0.0,0.0,0.0,0.0,0.0,0.0,0.0,0.0,0.0,0.0,0.0,0.0,0.0,0.0,0.0,0.0,0.0,0.0,0.0,0.0,0.0,0.0,0.0,0.0,0.0,0.0,0.0,0.0,0.0,0.0,0.0,0.0,0.0,0.0,0.0,0.0,0.0,0.0,0.0,0.0,0.0,0.0,0.0,0.0,0.0,0.0,0.0,0.0,0.0,0.0,0.0,0.0,0.0,0.0,0.0,0.0,0.0,0.0,0.0,0.0,0.0,0.0,0.0,0.0,0.0,0.0,0.0,0.0,0.0,,,1.0,0.027027027027027,1.0,0.0,0.0,0.4559409307296223,0.0679086538461537,0.0540452014412055,0.3333333333333333,,0.972165991902834,0.0,0.0,0.0,0.0,0.0,0.0,0.0,0.0,0.0,0.0,0.0,0.0,0.6875,0.3812500000000001,0.04009824,0.02011338,0.0,0.0,0.0,0.0,0.0,0.0,0.0,0.0,0.0,0.0,-0.08346237172048042,0.0,0.0,0.0,0.0,0.0,0.0,0.0,0.0,0.0,0.0,0.0,0.0,0.0,0.0,0.0,0.0,0.0,0.0,0.0,0.0256410256410256,0.0196078431372549,0.0238095238095238,0.0,0.0,0.25,0.1875,0.1875,0.5625,0.4375,0.5,0.25,0.3125,1.0,3.6,0.2089526757256573,0.10909682119561298,0.07407720339631574,0.00672281280884856,0.04387590429360458,0.004308049516963687,0.45,0.026121400832018433,0.0012030758228861896,0.027557719183023983,0.12,0.002540606202878104,0.08,0.0021059843810191663,0.14,0.0014842885223707932,1.5535302804958044,0.2115,0.3285716543248626,0.25522300715313717,0.13216555663053195,0.07253978189146826,1.5535302804958044,0.956684426837069,0.16948521523322127,0.0,0.0,0.27720734317964696,0.0,0.1484536056827659,0.0,0.12429418727204078,0.0,0.0
0.8029268292682926,Ayyoub Bouaddi,29,Morocco,MID,0.1509433962264149,playing,0.1935483870967742,0.2753623188405797,0.8,0.5,0.2,0.2,0.0476190476190476,0.1111111111111111,,Ayyoub Bouaddi,1.0,0.093,0.0385,France,Morocco,False,France,0.4859,0.493,0.5616,0.2817,0.2115,0.7885,0.4384,0.0,0.0,0.4,0.25,0.6708333333333333,0.0,0.0,0.0,0.0,0.0,0.0,0.4444444444444444,0.0,0.0,0.0,0.0,0.0,0.0,0.0,1.0,0.0,0.0,0.0,0.0,0.0,0.0,0.0,0.0,0.5,0.0,0.6666666666666666,0.0,0.0,0.0,0.0,0.0,0.0,1.0,0.0,0.0,0.0,0.0,0.0,0.0,1.0,0.0,0.0,0.0,0.2,0.0,0.0,0.0,0.0,0.0,0.0,0.0,0.0,0.0,0.0,0.0,0.0,0.0,0.0,0.0,0.0,0.0,0.0,0.0,0.0,0.0,0.0,0.0,0.0,0.6583333333333333,0.0,0.0,0.0,0.0,0.0,0.0,0.0,0.0,0.5,0.0,0.4,0.0,0.0,0.0,0.0,0.0,0.0,0.525,0.0,0.0,0.0,0.0,0.0,0.0,1.0,0.0,0.0,0.0,0.2,0.0,0.0,0.0,0.0,0.0,,,1.0,0.037037037037037,1.0,0.0,0.0,0.4559409307296223,0.0679086538461537,0.0540452014412055,0.3333333333333333,,0.972165991902834,0.0,0.0,0.0,0.0,0.4733333333333334,0.6708333333333334,0.0,0.0,0.0,0.0,0.0,0.0,0.3888888888888889,0.6944444444444445,0.0522288,0.0261981,0.0,0.0,0.0,0.0,0.0,0.0,0.3333333333333333,0.4733333333333334,0.2202640264026402,0.0434782608695652,0.0,0.124223602484472,0.1056338028169013,0.124223602484472,0.0,0.0,0.0,0.0,0.0,0.0,0.0,0.0,0.0,0.0,0.0,0.0,0.0,0.0,0.0,0.1111111111111111,0.1538461538461538,0.1764705882352941,0.1587301587301587,0.1802118735002597,0.15,0.3333333333333333,0.4444444444444445,0.4444444444444445,0.5555555555555556,0.2777777777777777,0.3333333333333333,0.7777777777777779,0.7555555555555558,1.0,5.5,0.5984874263687554,0.6106986720448438,0.09761282886700041,0.07190178261257307,0.05070944197965635,0.03096818887711119,0.55,0.17129432028338368,0.007316042476084095,0.14247276807793757,0.14,0.01755821411843137,0.04,0.010904240918245328,0.05,0.010235303056848073,1.5535302804958044,0.2115,0.3285716543248626,0.25522300715313717,0.13216555663053195,0.07253978189146826,1.5535302804958044,0.956684426837069,0.0,0.0,0.0,0.38575003713070893,0.23557703541697314,0.16522180205450543,0.10090073510754252,0.14190272277725788,0.0,0.0
0.8034146341463414,Marwane Saadane,29,Morocco,MID,0.0,playing,0.032258064516129,0.144927536231884,0.2,0.1,0.05,0.0,0.0476190476190476,0.0,,Marwane Saadane,1.0,0.0714,0.0286,France,Morocco,False,France,0.4859,0.493,0.5616,0.2817,0.2115,0.7885,0.4384,0.0,0.0,0.2,0.0,0.00625,0.0,0.0,0.0,0.0,0.0,0.0,0.0,0.0,0.0,0.0,0.0,0.0,0.0,0.0,0.0,0.0,0.0,0.0,0.0,0.0,0.0,0.0,0.0,0.0,0.0,0.0,0.0,0.0,0.0,0.0,0.0,0.0,0.0,0.0,0.0,0.0,0.0,0.0,0.0,0.0,0.0,0.0,0.0,0.0,0.0,0.0,0.0,0.0,0.0,0.0,0.0,0.0,0.0,0.0,0.0,0.0,0.0,0.0,0.0,0.0,0.0,0.0,0.0,0.0,0.0,0.0,0.0,0.0,0.0,0.0,0.0,0.0,0.0,0.0,0.0,0.0,0.0,0.0,0.0,0.0,0.0,0.0,0.0,0.0,0.0,0.0,0.025,0.0,0.0,0.0,0.0,0.0,0.0,1.0,0.0,0.0,0.0,0.0,0.0,0.0,0.0,0.0,0.0,,,1.0,0.027027027027027,1.0,0.0,0.0,0.4559409307296223,0.0679086538461537,0.0540452014412055,0.3333333333333333,,0.972165991902834,0.0,0.0,0.0,0.0,0.01,0.0062499999999999,0.0,0.0,0.0,0.0,0.0,0.0,0.2222222222222222,0.8777777777777779,0.04009824,0.02011338,0.0,0.0,0.0,0.0,0.0,0.0,0.3333333333333333,0.01,0.0046534653465346,0.0,0.0,0.0,0.0,0.0,0.0,0.0,0.0,0.0,0.0,0.0,0.0,0.0,0.0,0.0,0.0,0.0,0.0,0.0,0.0,0.0,0.0256410256410256,0.0196078431372549,0.0238095238095238,0.0,0.0,0.1666666666666666,0.1111111111111111,0.1111111111111111,0.5555555555555556,0.2777777777777777,0.3333333333333333,0.1111111111111111,0.1444444444444445,1.0,4.7,0.1734673533224768,0.10004647155549239,0.07407720339631574,0.008627213694740388,0.044074905931032145,0.00440953882254001,0.55,0.024954911386776867,0.0010826079542550404,0.02642162022063312,0.14,0.0023451465877510308,0.04,0.001875582458593054,0.05,0.001260313462346654,1.5535302804958044,0.2115,0.3285716543248626,0.25522300715313717,0.13216555663053195,0.07253978189146826,1.5535302804958044,0.956684426837069,0.0,0.0,0.0,0.27720734317964696,0.027733616574396165,0.14382418210995485,0.014389101944455555,0.11977501833717662,0.0,0.0
0.8039024390243902,Ayoube Amaimouni-Echghouyab,29,Morocco,FWD,0.0461538461538461,playing,0.0483870967741935,0.144927536231884,0.4,0.0,0.1,0.0666666666666666,0.0476190476190476,0.0,,Ayoube Amaimouni-Echghouyab,1.0,0.1613,0.0667,France,Morocco,False,France,0.4859,0.493,0.5616,0.2817,0.2115,0.7885,0.4384,0.0,0.0,0.4,0.0,0.0333333333333333,0.0,0.0,0.0588235294117647,0.0,0.0,0.0,0.0555555555555555,0.0,0.0,0.0,0.0,0.0,0.0,0.0,0.1111111111111111,0.0,0.0,0.0,0.0,0.0,0.0,1.0,0.0,0.0,0.0,0.1666666666666666,0.0,0.25,0.0,0.0,0.0,0.0,0.0666666666666666,0.0,0.0,0.0,0.0,0.0,0.0,1.0,0.0,0.0,0.0,0.0,0.0,0.0,0.0,0.0,0.0,0.0,0.0,0.0,0.0,0.0,0.0,0.0,0.0,0.0,0.0,0.0,0.0,0.0,0.0,0.0,0.0,0.0,0.0,0.0,0.0,0.0,0.0,0.0,0.0,0.0,0.0,0.0,0.0,0.0,0.0,0.0,0.0,0.0,0.0,0.0,0.0,0.0,0.0,0.0,0.0,0.0,0.0,0.0,0.0,0.0,0.0,0.0,0.0,0.0,0.0,0.0,0.0,0.0,0.0,Ayoube Amaimouni Echghouyab,1.0,1.0,0.0666666666666666,1.0,0.0,0.0,0.4559409307296223,0.0679086538461537,0.0540452014412055,0.3333333333333333,,0.972165991902834,0.0,0.0,0.0,0.0,0.0,0.0333333333333333,0.0,0.0,1.0,0.0,0.0,0.0,0.4166666666666666,0.7250000000000001,0.09058608,0.04543821,0.0,0.0,0.0,0.0,0.0,0.0,0.0,0.0,0.0,0.0,0.0,0.3125,0.0,0.3125,0.0,0.0,0.0,1.0,0.0,1.0,0.0,0.0,0.0,0.0,0.0,0.0,0.0,0.0,0.0,0.0,0.0512820512820512,0.0588235294117647,0.0476190476190476,0.0735711892777709,0.05,0.3333333333333332,0.3333333333333332,0.3333333333333332,0.5833333333333333,0.5833333333333333,0.4166666666666666,0.3333333333333332,0.175,1.0,4.3,0.2404890830508888,0.12265766503517304,0.17590220499177123,0.02448700864556388,0.0457337257475489,0.005609592013553322,0.35,0.03772437047578486,0.001540101793125025,0.0,0.08,0.0033881181514405097,0.02,0.002264807446077866,0.01,0.0018486323932353564,1.5535302804958044,0.2115,0.3285716543248626,0.25522300715313717,0.13216555663053195,0.07253978189146826,1.5535302804958044,0.956684426837069,0.0,0.0,0.0,0.5080838259737377,0.0,0.16494585399852263,0.0,0.6645118815393382,0.08150747577774473,0.0
0.8063414634146341,Sander Tangvik,32,Norway,GK,0.0,playing,0.0161290322580645,0.072463768115942,0.0,0.8,0.05,0.0,0.0476190476190476,0.0,,,,0.0067,0.0067,Norway,England,True,England,0.5627,0.5365,0.6592,0.3891,0.219,0.781,0.3408,0.0,0.0,0.0,0.0,0.0,0.0,0.0,0.0,0.0,0.0,0.0,0.0,0.0,0.0,0.0,0.0,0.0,0.0,0.0,0.0,0.0,0.0,0.0,0.0,0.0,0.0,0.0,0.0,0.0,0.0,0.0,0.0,0.0,0.0,0.0,0.0,0.0,0.0,0.0,0.0,0.0,0.0,0.0,0.0,0.0,0.0,0.0,0.0,0.0,0.0,0.0,0.0,0.0,0.0,0.0,0.0,0.0,0.0,0.0,0.0,0.0,0.0,0.0,0.0,0.0,0.0,0.0,0.0,0.0,0.0,0.0,0.0,0.0,0.0,0.0,0.0,0.0,0.0,0.0,0.0,0.0,0.0,0.0,0.0,0.0,0.0,0.0,0.0,0.0,0.0,0.0,0.0,0.0,0.0,0.0,0.0,0.0,0.0,0.0,0.0,0.0,0.0,0.0,0.0,0.0,0.0,0.0,0.0,Sander Tangvik,0.0,0.0,0.0066666666666666,0.0,0.6947162426614462,1.0,1.0,0.4441325098259403,0.367297077187585,0.4219409282700421,,0.9448160535117056,0.0,0.0,0.0,0.0,0.0,0.0,0.0,0.0,0.0,0.0,0.0,0.0,0.6666666666666667,0.6333333333333334,0.00441664,0.00260697,0.0,0.0,0.0,0.0,0.0,0.0,0.0,0.0,0.0,0.0,-0.07976473866354312,0.0,0.0,0.0,0.0,0.0,0.0,0.0,0.0,0.0,0.0,0.0,0.0,0.0,0.0,0.0,0.0,0.0,0.0,0.0,0.0256410256410256,0.0196078431372549,0.0238095238095238,0.0,0.0,0.3333333333333333,0.4999999999999999,0.3333333333333333,0.6666666666666667,0.6666666666666667,0.6666666666666667,0.4999999999999999,0.6333333333333335,1.0,3.5,0.19466158359157792,0.10812866676200353,0.006722545760826811,0.0,0.06013755295373408,0.0006502593423216654,0.15,0.022054270041741757,0.0011815737626624742,0.028054588147173695,0.04,0.0023681867038880273,0.05,0.0019901017565453457,0.08,0.0013671975151225105,1.5186835491656363,0.21899999999999997,0.33259169726727433,0.2525507696144435,0.12784823304752532,0.06800930007075678,1.5186835491656363,0.913104681031259,0.1642132274046679,0.10944219414664105,0.0018201399571126584,0.28006542245497085,0.0,0.14517607236212474,0.0,0.11500689270963164,0.0,0.0
0.8068292682926829,Thelo Aasgaard,32,Norway,MID,0.1509433962264149,playing,0.1935483870967742,0.8695652173913043,0.2,0.2,0.05,0.0,0.5714285714285714,0.0,,Thelo Aasgaard,1.0,0.2041,0.0833,Norway,England,True,England,0.5627,0.5365,0.6592,0.3891,0.219,0.781,0.3408,0.125,0.0,0.0,0.5,0.1875,0.0,0.0,0.0588235294117647,0.25,0.1666666666666666,0.0,0.1666666666666666,0.0,0.0,0.0,0.0,0.0,0.0,0.0,0.0,0.0,0.0,0.0,0.0,0.0,0.0,0.0,0.0,0.0,0.0,0.0,0.0,0.0,0.0,0.0,0.0,0.0,0.0,0.0,0.0,0.0,0.0,0.0,0.0,0.0,0.0,0.0,0.0,0.0,0.0,0.0,0.0,0.0,0.0,0.0,1.0,0.0,0.0,0.0,0.0,0.0,0.0,0.0,0.3333333333333333,1.0,0.0,0.375,0.5,0.3333333333333333,0.0,0.0,1.0,0.0,0.0,0.0,0.0,0.0,0.0,0.0,0.0,0.0,0.0,0.0,0.0,0.0,0.0,0.0,0.0,0.0,0.0,0.0,0.0,0.0,0.0,0.0,0.0,0.0,0.0,0.0,0.0,0.0,0.0,0.0,0.0,0.0,0.0,0.0,0.0,,,1.0,0.08,0.0,0.6947162426614462,1.0,1.0,0.4441325098259403,0.367297077187585,0.4219409282700421,,0.9448160535117056,0.0,0.0,0.0,0.0,0.3,0.1875,0.5694444444444444,0.0,0.1777777777777777,1.0,0.25,0.0,0.75,0.285,0.13454272,0.07941531,0.0,0.0,0.6777777777777777,0.4,0.6592,0.0,0.0,0.3,0.1445544554455445,0.3111111111111111,0.0,0.1666666666666666,0.1666666666666666,0.1666666666666666,0.6777777777777777,0.4,0.6777777777777777,0.1777777777777777,0.2111111111111111,0.1777777777777777,0.0,0.0,0.0,0.0,0.0,0.0,0.0,0.0,0.0,0.0,0.3076923076923077,0.2352941176470588,0.2857142857142857,0.7008597079130126,0.55,0.2999999999999999,0.7,0.4,0.5499999999999999,0.7,0.75,0.4499999999999999,0.45,1.0,5.5,0.3983128198171433,0.25421632509094144,0.22828172917033332,0.08105001984553356,0.5197972333600617,0.1321409424572334,0.55,0.07261177776092542,0.0062023490021057715,0.046421062160538956,0.14,0.00667219327909709,0.04,0.0041782717619570425,0.05,0.0037425567068840346,1.5186835491656363,0.21899999999999997,0.33259169726727433,0.2525507696144435,0.12784823304752532,0.06800930007075678,1.5186835491656363,0.913104681031259,0.0,0.0,0.0,0.4347894476672261,0.11053057557428242,0.3878722828170945,0.09860346634239608,0.27996070818361496,0.0,0.0
0.8073170731707316,Fredrik Aursnes,32,Norway,MID,0.339622641509434,playing,0.1451612903225806,0.1884057971014492,1.0,0.1,0.15,0.0666666666666666,0.1904761904761904,0.0555555555555555,,Fredrik Aursnes,1.0,0.1212,0.0455,Norway,England,True,England,0.5627,0.5365,0.6592,0.3891,0.219,0.781,0.3408,0.0,0.0,0.4,0.75,0.5041666666666667,0.0,0.0,0.0,0.0,0.1666666666666666,0.0,0.5555555555555556,0.0,0.0,0.0,0.0,0.0,0.0,0.0,0.8111111111111111,0.0,0.0,0.0,0.0,0.0,0.0,0.0,0.0,0.5,0.0,0.3333333333333333,0.0,0.0,0.0,0.0,0.0,0.0,0.5,0.0,0.0,0.0,0.0,0.0,0.0,1.0,0.0,0.0,0.0,0.2,0.0,0.0,0.0,0.0,0.0,0.0,1.0,0.0,0.0,0.0,0.0,0.0,0.0,0.0,0.0,1.0,0.0,0.625,0.5,0.0,0.0,0.0,0.0,0.0,0.0583333333333333,0.0,0.0,0.0,0.0,0.0,0.0,1.0,0.0,0.0,0.0,0.0,0.0,0.0,0.0,0.0,0.0,0.0,0.225,0.0,0.0,0.0,0.0,0.0,0.0,0.0,0.0,0.5,0.0,0.4,0.0,0.0,0.0,0.0,0.0,,,1.0,0.0454545454545454,0.0,0.6947162426614462,1.0,1.0,0.4441325098259403,0.367297077187585,0.4219409282700421,,0.9448160535117056,0.0,0.0,0.0,0.0,0.4133333333333334,0.5041666666666667,0.0,0.0,0.0,0.0,0.0,0.0,0.25,0.8350000000000001,0.07989504,0.04715892,0.0,0.0,0.2520661157024793,0.2903225806451613,0.2451570247933884,0.0,0.3333333333333333,0.4133333333333334,0.1991639163916391,0.1735537190082644,0.0,0.2066115702479338,0.282258064516129,0.2066115702479339,0.2520661157024793,0.2903225806451613,0.2520661157024793,0.0,0.0,0.0,0.0,0.0,0.0,0.0,0.0,0.0,0.0,0.0,0.0,0.0555555555555555,0.1538461538461538,0.1568627450980392,0.1587301587301587,0.1220040151072922,0.15,0.9,0.4499999999999999,0.6,0.5499999999999999,0.2999999999999999,0.75,1.0,0.285,1.0,6.5,0.6102825363791173,0.408480614134919,0.12919793847168187,0.06642460705627426,0.21200644792065615,0.08660052404719235,0.55,0.12075344740958294,0.008028331513260465,0.06840056179404785,0.14,0.011448842723088182,0.04,0.006332516786236805,0.05,0.006594360153348926,1.5186835491656363,0.21899999999999997,0.33259169726727433,0.2525507696144435,0.12784823304752532,0.06800930007075678,1.5186835491656363,0.913104681031259,0.0,0.0,0.0,0.4941491145455069,0.2018503337837751,0.35741032280478907,0.14599518815745988,0.1809252490666043,0.0,0.0
0.8078048780487804,Martin Ødegaard,32,Norway,MID,0.5660377358490566,playing,0.3709677419354839,0.4710144927536231,0.8,4.5,0.3,0.4666666666666667,0.0476190476190476,0.4444444444444444,,Martin Odegaard,1.0,0.1667,0.0667,Norway,England,True,England,0.5627,0.5365,0.6592,0.3891,0.219,0.781,0.3408,0.0,0.6000000000000001,0.0,0.625,0.73125,0.0,0.0,0.1176470588235294,0.5,0.3333333333333333,0.0,0.3333333333333333,0.0,0.0,0.0,0.0,0.0,0.0,0.0,0.9,1.0,0.0,0.0,0.0,0.0,0.0,0.0,0.0,0.5,0.0,0.3333333333333333,0.5,0.0,0.0,0.0,0.0,0.0,1.0,0.5,0.0,0.0,0.0,0.0,0.0,0.0,0.0,1.0,0.0,0.2,0.5,0.25,0.0,0.0,1.0,0.0,0.0,0.0,0.0,0.0,0.0,0.0,0.0,0.0,0.0,0.0,0.0,0.0,0.0,0.0,0.0,0.0,0.0,0.0,0.75,0.5,0.0,0.0,0.0,0.0,0.0,0.0,0.0,0.5,0.0,0.6000000000000001,0.0,0.0,0.0,0.0,1.0,0.0,0.75,0.0,0.0,0.0,0.0,0.0,0.0,0.0,0.0,0.5,0.0,0.0,0.0,0.25,0.0,0.0,0.0,Martin Ødegaard,0.0,1.0,0.064516129032258,0.0,0.6947162426614462,1.0,1.0,0.4441325098259403,0.367297077187585,0.4219409282700421,,0.9448160535117056,0.0,0.0,0.0,0.0,0.6,0.73125,0.0,0.0,0.0911680911680911,0.0,0.0,0.0,0.5,0.56,0.10988864,0.0648629699999999,0.5213675213675214,0.3333333333333333,0.3475783475783475,0.0,0.338051282051282,0.0,0.0,0.6,0.2891089108910891,0.0997150997150997,0.0,0.0854700854700854,0.0833333333333333,0.0854700854700854,0.3475783475783475,0.0,0.3475783475783475,0.0911680911680911,0.1055555555555555,0.0911680911680911,0.0,0.0,0.0,0.0,0.0,0.0,0.0,0.0,0.0,0.4444444444444444,0.4102564102564103,0.4117647058823529,0.4285714285714286,0.4535232693989723,0.4,1.0,1.0,0.9,0.5499999999999999,0.95,0.9,0.75,1.0,1.0,7.7,0.847322044088647,0.7913570766256693,0.1823615575939759,0.18790604671362168,0.49936081423773443,0.39517271413658744,0.55,0.2099713524697551,0.022054942136821448,0.13168830976093754,0.14,0.022511453655249206,0.04,0.012638126571016357,0.05,0.01345397988108331,1.5186835491656363,0.21899999999999997,0.33259169726727433,0.2525507696144435,0.12784823304752532,0.06800930007075678,1.5186835491656363,0.913104681031259,0.0,0.0,0.0,0.35596197657427964,0.2816930291717169,0.35534312679851066,0.28120329802229393,0.26026485690840334,0.0,0.0
0.82,Reece James,18,England,DEF,0.6799999999999999,playing,0.1774193548387097,0.4347826086956521,0.4,3.0,0.1,0.6,0.0476190476190476,0.0,,,,0.0067,0.0067,Norway,England,False,Norway,0.5627,0.5365,0.781,0.5714,0.3408,0.6592,0.219,0.0,0.0,0.2,0.25,0.375,0.0,0.0,0.0,0.25,0.1666666666666666,0.0,0.1111111111111111,0.0,0.0,0.0,0.0,0.0,0.0,0.0,1.0,0.0,0.0,0.0,0.0,0.0,0.0,0.0,0.0,1.0,0.0,0.0,0.0,0.0,0.0,0.0,0.0,0.0,1.0,0.0,0.0,0.0,0.0,0.0,0.0,1.0,0.0,0.0,0.0,0.4,0.5,0.0,0.0,0.0,1.0,0.0,0.0,0.0,0.0,0.0,0.0,0.0,0.0,0.0,0.0,0.0,0.0,0.0,0.0,0.0,0.0,0.0,0.0,0.0,0.0,0.0,0.0,0.0,0.0,0.0,0.0,0.0,0.0,0.0,0.0,0.0,0.0,0.0,0.0,0.0,0.0,0.0,0.0,0.0,0.0,0.0,0.0,0.0,0.0,0.0,0.0,0.0,0.0,0.0,0.0,0.0,0.0,0.0,0.0,Reece James,0.0,0.0,0.0066666666666666,0.0,0.6947162426614462,1.0,1.0,0.9448160535117056,0.899003322259136,0.6944444444444444,,0.4441325098259403,0.0,0.0,0.0,0.0,0.0,0.375,0.0,0.0,0.0,0.0,0.0,0.0,0.1666666666666666,0.938888888888889,0.0052327,0.00382838,0.0,0.0,0.3388888888888888,0.0,0.3905,0.0,0.0,0.0,0.0,0.0777777777777777,-0.06783741530027657,0.0555555555555555,0.0,0.0555555555555555,0.3388888888888888,0.0,0.3388888888888888,0.0,0.0,0.0,0.0,0.0,0.0,0.0,0.0,0.0,0.0,0.0,0.0,0.0,0.2564102564102564,0.2156862745098039,0.1746031746031746,0.5554502982531374,0.45,1.0,0.5555555555555556,0.5555555555555556,0.5555555555555556,0.3888888888888889,0.9444444444444444,0.6666666666666667,0.6333333333333335,1.0,5.2,0.34788854539657743,0.16257848628286853,0.006722545760826811,0.006236587330097161,0.29541604019886286,0.043225463375289146,0.45,0.024015344645738113,0.003901853714976778,0.05652870707885219,0.12,0.0022802938136523847,0.08,0.0014556679558948562,0.14,0.0016296340194497615,1.0764594840269763,0.3408,0.3668573921563935,0.19745355953607674,0.07085025227249835,0.02403879603503145,1.0764594840269763,0.3600538893987516,0.17500915345794352,0.0,0.0,0.20959310123294608,0.0,0.28076825031877917,0.0,0.19436174988875773,0.0,0.0
0.8204878048780487,Eberechi Eze,18,England,MID,0.6226415094339622,playing,0.064516129032258,0.144927536231884,0.6000000000000001,0.9,0.05,0.0666666666666666,0.0952380952380952,0.0555555555555555,,Eberechi Eze,1.0,0.274,0.1111,Norway,England,False,Norway,0.5627,0.5365,0.781,0.5714,0.3408,0.6592,0.219,0.0,0.0,0.6000000000000001,0.0,0.1145833333333333,0.0,0.0,0.0,0.0,0.0,0.0,0.0,0.0,0.0,0.0,0.0,0.0,0.0,0.0,0.0,0.0,0.0,0.0,0.0,0.0,0.0,0.0,0.0,0.0,0.0,0.0,0.0,0.0,0.0,0.0,0.0,0.0,0.1777777777777777,0.0,0.0,0.0,0.0,0.0,0.0,1.0,0.0,0.0,0.0,0.0,0.0,0.0,0.0,0.0,0.0,0.0,0.2111111111111111,0.0,0.0,0.0,0.0,0.0,0.0,1.0,0.0,0.0,0.0,0.0,0.0,0.0,0.0,0.0,0.0,0.0,0.1666666666666666,0.0,0.0,0.0,0.0,0.0,0.0,1.0,0.0,0.0,0.0,0.0,0.0,0.0,0.0,0.0,0.0,0.0,0.0,0.0,0.0,0.0,0.0,0.0,0.0,0.0,0.0,0.0,0.0,0.0,0.0,0.0,0.0,0.0,0.0,Eberechi Eze,0.0,1.0,0.1111111111111111,0.0,0.6947162426614462,1.0,1.0,0.9448160535117056,0.899003322259136,0.6944444444444444,,0.4441325098259403,0.0,0.0,0.0,0.0,0.13,0.1145833333333333,0.0,0.0,0.0,0.0,0.0,0.0,0.5,0.56,0.213994,0.1565636,0.0,0.0,0.0,0.0,0.0,0.0,0.6666666666666666,0.13,0.0974785478547854,0.0,0.0,0.0,0.0,0.0,0.0,0.0,0.0,0.0,0.0,0.0,0.0,0.0,0.0,0.0,0.0,0.0,0.0,0.0,0.0,0.0555555555555555,0.1025641025641025,0.0784313725490196,0.0952380952380952,0.0637145189011829,0.05,0.7999999999999999,0.2999999999999999,0.2999999999999999,0.5499999999999999,0.25,0.25,0.15,0.3400000000000001,1.0,8.0,0.3549731021513752,0.18665779047595404,0.320205264157341,0.07118687528446623,0.0974239685638032,0.018184942711518312,0.55,0.02684633706870747,0.004624270667059249,0.08015723763634118,0.14,0.0025553526185167486,0.04,0.0017245001139942154,0.05,0.0016732757717662957,1.0764594840269763,0.3408,0.3668573921563935,0.19745355953607674,0.07085025227249835,0.02403879603503145,1.0764594840269763,0.3600538893987516,0.0,0.0,0.0,0.175911843061125,0.03283531594434238,0.27113854233083556,0.050610121224344704,0.25407213561861897,0.0,0.0
0.8209756097560975,Ollie Watkins,18,England,FWD,0.6000000000000001,playing,0.032258064516129,0.144927536231884,0.2,0.8,0.05,0.0,0.0952380952380952,0.0,,Ollie Watkins,1.0,0.4831,0.2198,Norway,England,False,Norway,0.5627,0.5365,0.781,0.5714,0.3408,0.6592,0.219,0.0,0.0,0.2,0.0,0.0125,0.0,0.0,0.0,0.0,0.0,0.0,0.0,0.0,0.0,0.0,0.0,0.0,0.0,0.0,0.0,0.0,0.0,0.0,0.0,0.0,0.0,0.0,0.0,0.0,0.0,0.0,0.0,0.0,0.0,0.0,0.0,0.0,0.0,0.0,0.0,0.0,0.0,0.0,0.0,0.0,0.0,0.0,0.0,0.0,0.0,0.0,0.0,0.0,0.0,0.0,0.0666666666666666,0.0,0.0,0.0,0.0,0.0,0.0,1.0,0.0,0.0,0.0,0.0,0.0,0.0,0.0,0.0,0.0,0.0,0.0,0.0,0.0,0.0,0.0,0.0,0.0,0.0,0.0,0.0,0.0,0.0,0.0,0.0,0.0,0.0,0.0,0.0,0.0,0.0,0.0,0.0,0.0,0.0,0.0,0.0,0.0,0.0,0.0,0.0,0.0,0.0,0.0,0.0,0.0,Ollie Watkins,0.0,1.0,0.2197802197802197,0.0,0.6947162426614462,1.0,1.0,0.9448160535117056,0.899003322259136,0.6944444444444444,,0.4441325098259403,0.0,0.0,0.0,0.0,0.02,0.0124999999999999,0.0,0.0,0.0,0.0,0.0,0.0,0.75,0.45,0.3773011,0.2760433399999999,0.0,0.0,0.0,0.0,0.0,0.0,0.3333333333333333,0.02,0.0149966996699669,0.0,0.0,0.0,0.0,0.0,0.0,0.0,0.0,0.0,0.0,0.0,0.0,0.0,0.0,0.0,0.0,0.0,0.0,0.0,0.0,0.0,0.0512820512820512,0.0392156862745098,0.0476190476190476,0.0637145189011829,0.05,0.75,0.5,0.5,0.625,0.375,0.375,0.375,0.7250000000000001,1.0,7.9,0.4218947671156909,0.16738845663579688,0.6599058467801434,0.12337251353115754,0.10319314538380633,0.01727334134118875,0.35,0.0207271270545623,0.005375707407135048,0.0,0.08,0.0022181037229829664,0.02,0.0015039971065726066,0.01,0.001434291189961187,1.0764594840269763,0.3408,0.3668573921563935,0.19745355953607674,0.07085025227249835,0.02403879603503145,1.0764594840269763,0.3600538893987516,0.0,0.0,0.0,0.175911843061125,0.0,0.3100503883137892,0.0,0.30641647050803117,0.05129058008612751,0.0
0.8214634146341463,Ivan Toney,18,England,FWD,0.5384615384615385,playing,0.0161290322580645,0.072463768115942,0.0,0.2,0.05,0.0,0.0476190476190476,0.0,,Ivan Toney,1.0,0.4717,0.2151,Norway,England,False,Norway,0.5627,0.5365,0.781,0.5714,0.3408,0.6592,0.219,0.0,0.0,0.0,0.0,0.0,0.0,0.0,0.0,0.0,0.0,0.0,0.0,0.0,0.0,0.0,0.0,0.0,0.0,0.0,0.0,0.0,0.0,0.0,0.0,0.0,0.0,0.0,0.0,0.0,0.0,0.0,0.0,0.0,0.0,0.0,0.0,0.0,0.0,0.0,0.0,0.0,0.0,0.0,0.0,0.0,0.0,0.0,0.0,0.0,0.0,0.0,0.0,0.0,0.0,0.0,0.0,0.0,0.0,0.0,0.0,0.0,0.0,0.0,0.0,0.0,0.0,0.0,0.0,0.0,0.0,0.0,0.0,0.0,0.0,0.0,0.0,0.0,0.0,0.0,0.0,0.0,0.0,0.0,0.0,0.0,0.0,0.0,0.0,0.0,0.0,0.0,0.0,0.0,0.0,0.0,0.0,0.0,0.0,0.0,0.0,0.0,0.0,0.0,0.0,0.0,0.0,0.0,0.0,,,1.0,0.2150537634408602,0.0,0.6947162426614462,1.0,1.0,0.9448160535117056,0.899003322259136,0.6944444444444444,,0.4441325098259403,0.0,0.0,0.0,0.0,0.0,0.0,0.0,0.0,0.0,0.0,0.0,0.0,0.5,0.7250000000000001,0.3683977,0.26952938,0.0,0.0,0.0,0.0,0.0,0.0,0.0,0.0,0.0,0.0,0.0,0.0,0.0,0.0,0.0,0.0,0.0,0.0,0.0,0.0,0.0,0.0,0.0,0.0,0.0,0.0,0.0,0.0,0.0,0.0,0.0256410256410256,0.0196078431372549,0.0238095238095238,0.0,0.0,0.5,0.25,0.25,0.625,0.375,0.375,0.375,0.175,1.0,7.5,0.2437000299008145,0.11430523620900063,0.6380909748118669,0.08131312073818056,0.0985408360401159,0.01126373353979785,0.35,0.014154017556065103,0.00352580930573337,0.0,0.08,0.0015039219773842576,0.02,0.0010270406214359614,0.01,0.0009694259100321357,1.0764594840269763,0.3408,0.3668573921563935,0.19745355953607674,0.07085025227249835,0.02403879603503145,1.0764594840269763,0.3600538893987516,0.0,0.0,0.0,0.175911843061125,0.0,0.2993851589969651,0.0,0.2950238291077808,0.03372276847344872,0.0
0.8219512195121951,Amine Sbaï,29,Morocco,FWD,0.123076923076923,playing,0.0161290322580645,0.072463768115942,0.0,0.0,0.05,0.0,0.0476190476190476,0.0,,Amine Sbai,1.0,0.1818,0.0769,France,Morocco,False,France,0.4859,0.493,0.5616,0.2817,0.2115,0.7885,0.4384,0.0,0.0,0.0,0.0,0.0,0.0,0.0,0.0,0.0,0.0,0.0,0.0,0.0,0.0,0.0,0.0,0.0,0.0,0.0,0.0,0.0,0.0,0.0,0.0,0.0,0.0,0.0,0.0,0.0,0.0,0.0,0.0,0.0,0.0,0.0,0.0,0.0,0.0,0.0,0.0,0.0,0.0,0.0,0.0,0.0,0.0,0.0,0.0,0.0,0.0,0.0,0.0,0.0,0.0,0.0,0.0,0.0,0.0,0.0,0.0,0.0,0.0,0.0,0.0,0.0,0.0,0.0,0.0,0.0,0.0,0.0,0.0,0.0,0.0,0.0,0.0,0.0,0.0,0.0,0.0,0.0,0.0,0.0,0.0,0.0,0.0,0.0,0.0,0.0,0.0,0.0,0.0,0.0,0.0,0.0,0.0,0.0,0.0,0.0,0.0,0.0,0.0,0.0,0.0,0.0,0.0,0.0,0.0,,,1.0,0.0769230769230769,1.0,0.0,0.0,0.4559409307296223,0.0679086538461537,0.0540452014412055,0.3333333333333333,,0.972165991902834,0.0,0.0,0.0,0.0,0.0,0.0,0.0,0.0,0.0,0.0,0.0,0.0,0.6666666666666666,0.45,0.1020988799999999,0.05121306,0.0,0.0,0.0,0.0,0.0,0.0,0.0,0.0,0.0,0.0,0.0,0.0,0.0,0.0,0.0,0.0,0.0,0.0,0.0,0.0,0.0,0.0,0.0,0.0,0.0,0.0,0.0,0.0,0.0,0.0,0.0256410256410256,0.0196078431372549,0.0238095238095238,0.0,0.0,0.6666666666666666,0.1666666666666666,0.1666666666666666,0.5833333333333333,0.25,0.4166666666666666,0.1666666666666666,0.175,1.0,4.8,0.2368549842731445,0.10456506985934419,0.2006484734868388,0.023492671752752013,0.0456296444118781,0.004771266955585067,0.35,0.023990698416716746,0.0014007158158434248,0.0,0.08,0.0023929937733635645,0.02,0.0019307374614475584,0.01,0.0012716280609874244,1.5535302804958044,0.2115,0.3285716543248626,0.25522300715313717,0.13216555663053195,0.07253978189146826,1.5535302804958044,0.956684426837069,0.0,0.0,0.0,0.27720734317964696,0.0,0.17772536624796043,0.0,0.15930960525445104,0.01665822000269622,0.0
0.8224390243902439,Sondre Langås,32,Norway,DEF,0.1999999999999999,playing,0.032258064516129,0.144927536231884,0.2,0.2,0.05,0.0,0.0952380952380952,0.0,,Sondre Langas,1.0,0.069,0.027,Norway,England,True,England,0.5627,0.5365,0.6592,0.3891,0.219,0.781,0.3408,0.0,0.0,0.0,0.125,0.05,0.0,0.0,0.0,0.0,0.0,0.0,0.0,0.0,0.0,0.0,0.0,0.0,0.0,0.0,0.0,0.0,0.0,0.0,0.0,0.0,0.0,0.0,0.0,0.0,0.0,0.0,0.0,0.0,0.0,0.0,0.0,0.0,0.0,0.0,0.0,0.0,0.0,0.0,0.0,0.0,0.0,0.0,0.0,0.0,0.0,0.0,0.0,0.0,0.0,0.0,0.2666666666666666,0.0,0.0,0.0,0.0,0.0,0.0,0.0,0.0,0.25,0.0,0.0,0.0,0.0,0.0,0.0,0.0,0.0,0.0,0.0,0.0,0.0,0.0,0.0,0.0,0.0,0.0,0.0,0.0,0.0,0.0,0.0,0.0,0.0,0.0,0.0,0.0,0.0,0.0,0.0,0.0,0.0,0.0,0.0,0.0,0.0,0.0,0.0,0.0,0.0,0.0,0.0,0.0,,,1.0,0.025,0.0,0.6947162426614462,1.0,1.0,0.4441325098259403,0.367297077187585,0.4219409282700421,,0.9448160535117056,0.0,0.0,0.0,0.0,0.08,0.0499999999999999,0.0,0.0,0.0,0.0,0.0,0.0,0.3888888888888889,0.6944444444444445,0.0454848,0.0268479,0.0,0.0,0.0,0.0,0.0,0.0,0.0,0.08,0.0385478547854785,0.2916666666666667,-0.0857378669169531,0.0,0.0,0.0,0.0,0.0,0.0,0.0,0.0,0.0,0.0,0.0,0.0,0.0,0.0,0.0,0.0,0.0,0.0,0.0,0.0512820512820512,0.0392156862745098,0.0476190476190476,0.0637145189011829,0.05,0.4444444444444445,0.3333333333333333,0.1111111111111111,0.5555555555555556,0.3333333333333333,0.3888888888888889,0.1666666666666666,0.0833333333333333,1.0,4.0,0.2141650169574414,0.11622580849732614,0.07149600170506992,0.007789530540181654,0.06096512990262805,0.006377149361769713,0.45,0.027192563322509865,0.0015233571831872008,0.027711853021374883,0.12,0.0026390189184733216,0.08,0.002137061644662027,0.14,0.0015569706613523659,1.5186835491656363,0.21899999999999997,0.33259169726727433,0.2525507696144435,0.12784823304752532,0.06800930007075678,1.5186835491656363,0.913104681031259,0.17651022335336483,0.0,0.0,0.28006542245497085,0.0,0.17969500919207465,0.0,0.152102778209958,0.0,0.0
0.9595121951219512,Eric García,41,Spain,DEF,0.3999999999999999,playing,0.0161290322580645,0.072463768115942,0.0,0.6,0.05,0.0,0.0476190476190476,0.0,,Eric Garcia,1.0,0.1282,0.0513,Spain,Belgium,True,Belgium,0.5211,0.5211,0.7957,0.6061,0.4064,0.5936,0.2043,0.0,0.0,0.0,0.0,0.0,0.0,0.0,0.0,0.0,0.0,0.0,0.0,0.0,0.0,0.0,0.0,0.0,0.0,0.0,0.0,0.0,0.0,0.0,0.0,0.0,0.0,0.0,0.0,0.0,0.0,0.0,0.0,0.0,0.0,0.0,0.0,0.0,0.0,0.0,0.0,0.0,0.0,0.0,0.0,0.0,0.0,0.0,0.0,0.0,0.0,0.0,0.0,0.0,0.0,0.0,0.0,0.0,0.0,0.0,0.0,0.0,0.0,0.0,0.0,0.0,0.0,0.0,0.0,0.0,0.0,0.0,0.0,0.0,0.0,0.0,0.0,0.0,0.0,0.0,0.0,0.0,0.0,0.0,0.0,0.0,0.0,0.0,0.0,0.0,0.0,0.0,0.0,0.0,0.0,0.0,0.0,0.0,0.0,0.0,0.0,0.0,0.0,0.0,0.0,0.0,0.0,0.0,0.0,Eric García,0.0,1.0,0.05,0.9688995215311008,0.0,0.0194772429104854,0.8294333990725438,1.0,1.0,0.78125,,0.1858552631578947,0.0,0.0,0.0,0.0,0.0,0.0,0.0,0.0,0.0,0.0,0.0,0.0,0.8125,0.24375,0.10200874,0.07770202,0.0,0.0,0.0,0.0,0.0,0.0,0.0,0.0,0.0,0.0,-0.03226237334628855,0.0,0.0,0.0,0.0,0.0,0.0,0.0,0.0,0.0,0.0,0.0,0.0,0.0,0.0,0.0,0.0,0.0,0.0,0.0,0.0256410256410256,0.0196078431372549,0.0238095238095238,0.0,0.0,0.25,0.1875,0.1875,0.5625,0.375,0.4375,0.25,0.175,1.0,4.5,0.19564325660821438,0.10515171291958882,0.13719523917784482,0.013266634186911486,0.09677708494433916,0.00915864862793563,0.45,0.008640426936616213,0.00200233133599619,0.04865886585420241,0.12,0.0010518429035134052,0.08,0.0006364463301632031,0.14,0.0008349783219051851,0.900417382717865,0.4064,0.3659296243365403,0.1647446973020196,0.04944632972044379,0.013479348640996314,0.900417382717865,0.1398934974962288,0.09468043013535647,0.0,0.0,0.13376459081246012,0.0,0.2101101068568969,0.0,0.1861609177166758,0.0,0.0
0.96,Marc Pubill,41,Spain,DEF,0.28,playing,0.032258064516129,0.144927536231884,0.2,0.1,0.05,0.0,0.0476190476190476,0.0555555555555555,,Marc Pubill,1.0,0.1176,0.0455,Spain,Belgium,True,Belgium,0.5211,0.5211,0.7957,0.6061,0.4064,0.5936,0.2043,0.0,0.0,0.2,0.0,0.0020833333333333,0.0,0.0,0.0,0.0,0.0,0.0,0.0,0.0,0.0,0.0,0.0,0.0,0.0,0.0,0.0,0.0,0.0,0.0,0.0,0.0,0.0,0.0,0.0,0.0,0.0,0.0,0.0,0.0,0.0,0.0,0.0,0.0,0.0,0.0,0.0,0.0,0.0,0.0,0.0,0.0,0.0,0.0,0.0,0.0,0.0,0.0,0.0,0.0,0.0,0.0,0.0,0.0,0.0,0.0,0.0,0.0,0.0,0.0,0.0,0.0,0.0,0.0,0.0,0.0,0.0,0.0,0.0,0.0,0.0083333333333333,0.0,0.0,0.0,0.0,0.0,0.0,1.0,0.0,0.0,0.0,0.0,0.0,0.0,0.0,0.0,0.0,0.0,0.0,0.0,0.0,0.0,0.0,0.0,0.0,0.0,0.0,0.0,0.0,0.0,0.0,0.0,0.0,0.0,0.0,Marc Pubill,0.0,1.0,0.0454545454545454,0.9688995215311008,0.0,0.0194772429104854,0.8294333990725438,1.0,1.0,0.78125,,0.1858552631578947,0.0,0.0,0.0,0.0,0.0033333333333333,0.0020833333333333,0.0,0.0,0.0,0.0,0.0,0.0,0.5,0.5875,0.0935743199999999,0.07127736,0.0,0.0,0.0,0.0,0.0,0.0,0.3333333333333333,0.0033333333333333,0.0029805647231389,0.0,-0.03665817448479621,0.0,0.0,0.0,0.0,0.0,0.0,0.0,0.0,0.0,0.0,0.0,0.0,0.0,0.0,0.0,0.0,0.0,0.0,0.0555555555555555,0.0512820512820512,0.0392156862745098,0.0555555555555555,0.0637145189011829,0.05,0.125,0.375,0.375,0.5625,0.375,0.4375,0.25,0.0375,1.0,4.2,0.20751005855963564,0.11947880579668906,0.12510981104284438,0.013561299805571256,0.09680954627126169,0.010410020080388693,0.45,0.009817699239477937,0.0021236375000645126,0.05707440592395583,0.12,0.0011967420019952043,0.08,0.0007231631836538431,0.14,0.0009505075545716467,0.900417382717865,0.4064,0.3659296243365403,0.1647446973020196,0.04944632972044379,0.013479348640996314,0.900417382717865,0.1398934974962288,0.10758079360571084,0.0,0.0,0.13376459081246012,0.0,0.19348159905300577,0.0,0.1692947749539177,0.0,0.0
0.9604878048780487,Mikel Merino,41,Spain,MID,0.2830188679245283,playing,0.2580645161290322,0.2898550724637681,1.0,0.4,0.1,0.0666666666666666,0.1904761904761904,0.0555555555555555,,Mikel Merino,1.0,0.2857,0.1212,Spain,Belgium,True,Belgium,0.5211,0.5211,0.7957,0.6061,0.4064,0.5936,0.2043,0.125,0.0,1.0,0.0,0.275,0.0,0.0,0.1176470588235294,0.25,0.1666666666666666,0.0,0.1111111111111111,0.0,0.0,0.0,0.0,0.0,0.0,0.0,0.2111111111111111,0.0,0.0,0.0,0.0,0.0,0.0,1.0,0.0,0.0,0.0,0.1666666666666666,0.0,0.25,0.0,0.0,0.0,0.0,0.3222222222222222,0.0,0.0,0.0,0.0,0.0,0.0,1.0,0.0,0.0,0.0,0.0,0.5,0.0,0.0,0.0,0.0,0.0,0.6666666666666667,0.0,0.0,0.0,0.0,0.0,0.0,1.0,0.0,0.0,0.0,0.125,0.0,0.0,0.0,0.0,0.0,0.0,0.1583333333333333,0.0,0.0,0.0,0.0,0.0,0.0,1.0,0.0,0.0,0.0,0.0,0.0,0.0,0.0,0.0,0.0,0.0,0.0416666666666666,0.0,0.0,0.0,0.0,0.0,0.0,1.0,0.5,0.0,0.0,0.0,0.0,0.25,0.0,0.0,1.0,Mikel Merino,0.0,1.0,0.1212121212121212,0.9688995215311008,0.0,0.0194772429104854,0.8294333990725438,1.0,1.0,0.78125,,0.1858552631578947,0.0,0.0,0.0,0.0,0.28,0.2749999999999999,0.3882575757575757,0.0,0.2424242424242424,0.5,0.25,0.2,0.6818181818181818,0.3500000000000001,0.22733149,0.17316277,0.0,0.0,0.462121212121212,0.0,0.5425227272727272,0.0,1.0,0.28,0.2503674367436743,0.0,0.0,0.0757575757575757,0.0595238095238095,0.0757575757575757,0.462121212121212,0.0,0.462121212121212,0.2424242424242424,0.2261904761904762,0.2424242424242424,0.0,0.0,0.0,0.0,0.0,0.0,0.0,0.0,0.0,0.0555555555555555,0.1538461538461538,0.1372549019607843,0.1507936507936507,0.1274290378023659,0.15,0.3636363636363636,0.5454545454545455,0.5454545454545455,0.5454545454545455,0.8181818181818182,0.7727272727272728,0.4545454545454546,0.1999999999999999,1.0,6.2,0.4179088664640117,0.3007312406581523,0.33645223682121034,0.13510869060204506,0.4087000475684121,0.12290887236229445,0.55,0.033414382447370015,0.00947969943430909,0.16167577097516148,0.14,0.003283529141844911,0.04,0.0017067497352282934,0.05,0.0024099873884726197,0.900417382717865,0.4064,0.3659296243365403,0.1647446973020196,0.04944632972044379,0.013479348640996314,0.900417382717865,0.1398934974962288,0.0,0.0,0.0,0.18875587340128738,0.05676478798948229,0.2785222235301435,0.08376033383308729,0.34709295763594483,0.0,0.0
0.9609756097560976,Fabián Ruiz,41,Spain,MID,0.3962264150943396,playing,0.1290322580645161,0.1739130434782608,1.0,0.5,0.2,0.0666666666666666,0.0952380952380952,0.0555555555555555,,Fabián Ruiz,1.0,0.2,0.0833,Spain,Belgium,True,Belgium,0.5211,0.5211,0.7957,0.6061,0.4064,0.5936,0.2043,0.0,0.0,1.0,0.0,0.2645833333333333,0.0,0.0,0.0588235294117647,0.0,0.1666666666666666,0.0,0.0555555555555555,0.0,0.0,0.0,0.0,0.0,0.0,0.0,0.788888888888889,0.0,0.0,0.0,0.0,0.0,0.0,1.0,0.0,0.0,0.0,0.1666666666666666,0.0,0.25,0.0,0.0,0.0,0.0,0.2222222222222222,0.0,0.0,0.0,0.0,0.0,0.0,1.0,0.0,0.0,0.0,0.0,0.0,0.0,0.0,0.0,0.0,0.0,0.3333333333333333,0.0,0.0,0.0,0.0,0.0,0.0,1.0,0.0,0.0,0.0,0.0,0.5,0.0,0.0,0.0,0.0,0.0,0.0083333333333333,0.0,0.0,0.0,0.0,0.0,0.0,1.0,0.0,0.0,0.0,0.0,0.0,0.0,0.0,0.0,0.0,0.0,0.0416666666666666,0.0,0.0,0.0,0.0,0.0,0.0,1.0,0.0,0.0,0.0,0.0,0.0,0.0,0.0,0.0,0.0,,,1.0,0.08,0.9688995215311008,0.0,0.0194772429104854,0.8294333990725438,1.0,1.0,0.78125,,0.1858552631578947,0.0,0.0,0.0,0.0,0.12,0.2645833333333333,0.0,0.0,0.1259842519685039,0.0,0.0,0.0,0.4545454545454546,0.6000000000000001,0.15914,0.12122,0.0,0.0,0.4803149606299212,1.0,0.5638818897637795,0.0,1.0,0.12,0.1073003300330032,0.0,0.0,0.0393700787401574,0.0,0.0393700787401574,0.4803149606299212,1.0,0.4803149606299212,0.1259842519685039,0.0,0.1259842519685039,0.0,0.0,0.0,0.0,0.0,0.0,0.0,0.0,0.0,0.0555555555555555,0.1025641025641025,0.1372549019607843,0.119047619047619,0.1274290378023659,0.15,0.5454545454545455,0.4545454545454546,0.4545454545454546,0.5454545454545455,0.6818181818181818,0.7727272727272728,0.3636363636363636,0.3,1.0,6.8,0.3734104144169191,0.20165035623770758,0.2231435513142097,0.05539853169639415,0.41039574396639544,0.08275644796926267,0.55,0.020571073198727224,0.0060271172445398,0.10840901244844961,0.14,0.0021181320701227748,0.04,0.0011444327877748496,0.05,0.0015450379284374705,0.900417382717865,0.4064,0.3659296243365403,0.1647446973020196,0.04944632972044379,0.013479348640996314,0.900417382717865,0.1398934974962288,0.0,0.0,0.0,0.15652406874812314,0.03156313422283446,0.6764165379140848,0.13639963583545203,0.2586892940587778,0.0,0.0
0.9614634146341464,Gavi,41,Spain,MID,0.339622641509434,playing,0.0967741935483871,0.2536231884057971,0.4,0.8,0.25,0.0,0.0476190476190476,0.0555555555555555,,Gavi,1.0,0.1639,0.0667,Spain,Belgium,True,Belgium,0.5211,0.5211,0.7957,0.6061,0.4064,0.5936,0.2043,0.0,0.0,0.4,0.0,0.1583333333333333,0.0,0.0,0.0,0.0,0.0,0.0,0.1666666666666666,0.0,0.0,0.0,0.0,0.0,0.0,0.0,0.788888888888889,0.0,0.0,0.0,0.0,0.0,0.0,1.0,0.0,0.0,0.0,0.5,0.0,0.0,0.0,0.0,0.0,0.0,0.0,0.0,0.0,0.0,0.0,0.0,0.0,0.0,0.0,0.0,0.0,0.0,0.0,0.0,0.0,0.0,0.0,0.0,0.0,0.0,0.0,0.0,0.0,0.0,0.0,0.0,0.0,0.0,0.0,0.0,0.0,0.0,0.0,0.0,0.0,0.0,0.0416666666666666,0.0,0.0,0.0,0.0,0.0,0.0,1.0,0.0,0.0,0.0,0.0,0.0,0.0,0.0,0.0,0.0,0.0,0.0,0.0,0.0,0.0,0.0,0.0,0.0,0.0,0.0,0.0,0.0,0.0,0.0,0.0,0.0,0.0,0.0,Gavi,0.0,1.0,0.064516129032258,0.9688995215311008,0.0,0.0194772429104854,0.8294333990725438,1.0,1.0,0.78125,,0.1858552631578947,0.0,0.0,0.0,0.0,0.0166666666666666,0.1583333333333333,0.0,0.0,0.0,0.0,0.0,0.0,0.2272727272727272,0.8500000000000001,0.13041523,0.0993397899999999,0.0,0.0,0.0,0.0,0.0,0.0,0.3333333333333333,0.0166666666666666,0.0149028236156949,0.0,0.0,0.1973684210526315,0.0,0.1973684210526315,0.0,0.0,0.0,0.0,0.0,0.0,0.0,0.0,0.0,0.0,0.0,0.0,0.0,0.0,0.0,0.0555555555555555,0.0512820512820512,0.1176470588235294,0.0873015873015873,0.2412192754243848,0.2,0.4545454545454546,0.3636363636363636,0.3636363636363636,0.5454545454545455,0.3181818181818182,0.3181818181818182,0.5454545454545455,0.4000000000000001,1.0,6.5,0.3015347839974612,0.15310476842661822,0.17900705582612475,0.03390098258937345,0.09905278269838187,0.015165453357047892,0.55,0.021666339268793144,0.0029776780617440483,0.07543173736987886,0.14,0.0017890802838025906,0.04,0.0008689204433913743,0.05,0.0013071768784288593,0.900417382717865,0.4064,0.3659296243365403,0.1647446973020196,0.04944632972044379,0.013479348640996314,0.900417382717865,0.1398934974962288,0.0,0.0,0.0,0.2534587423022017,0.0388057420458805,0.2092680924673082,0.032039942836287354,0.18748960516141386,0.0,0.0
0.9619512195121952,Nico Williams,41,Spain,MID,0.5849056603773585,playing,0.064516129032258,0.144927536231884,0.6000000000000001,1.6,0.1,0.0666666666666666,0.0952380952380952,0.0,,Nico Williams,1.0,0.3279,0.1471,Spain,Belgium,True,Belgium,0.5211,0.5211,0.7957,0.6061,0.4064,0.5936,0.2043,0.0,0.0,0.6000000000000001,0.0,0.0958333333333333,0.0,0.0,0.0,0.0,0.0,0.0,0.0,0.0,0.0,0.0,0.0,0.0,0.0,0.0,0.0333333333333333,0.0,0.0,0.0,0.0,0.0,0.0,1.0,0.0,0.0,0.0,0.0,0.0,0.0,0.0,0.0,0.0,0.0,0.3222222222222222,0.0,0.0,0.0,0.0,0.0,0.0,1.0,0.0,0.0,0.0,0.0,0.0,0.0,0.0,0.0,0.0,0.0,0.1555555555555555,0.0,0.0,0.0,0.0,0.0,0.0,1.0,0.0,0.0,0.0,0.0,0.0,0.0,0.0,0.0,0.0,0.0,0.0,0.0,0.0,0.0,0.0,0.0,0.0,0.0,0.0,0.0,0.0,0.0,0.0,0.0,0.0,0.0,0.0,0.0,0.0,0.0,0.0,0.0,0.0,0.0,0.0,0.0,0.0,0.0,0.0,0.0,0.0,0.0,0.0,0.0,0.0,Nico Williams,0.0,1.0,0.144927536231884,0.9688995215311008,0.0,0.0194772429104854,0.8294333990725438,1.0,1.0,0.78125,,0.1858552631578947,0.0,0.0,0.0,0.0,0.0466666666666666,0.0958333333333333,0.0,0.0,0.0,0.0,0.0,0.0,0.9090909090909092,0.1,0.26091003,0.19874019,0.0,0.0,0.0,0.0,0.0,0.0,0.3333333333333333,0.0466666666666666,0.0417279061239457,0.0,0.0,0.0,0.0,0.0,0.0,0.0,0.0,0.0,0.0,0.0,0.0,0.0,0.0,0.0,0.0,0.0,0.0,0.0,0.0,0.0,0.0769230769230769,0.0784313725490196,0.0714285714285714,0.0637145189011829,0.05,0.8181818181818182,0.2727272727272727,0.1818181818181818,0.5454545454545455,0.3181818181818182,0.3181818181818182,0.1818181818181818,0.5000000000000001,1.0,7.8,0.31593855434774315,0.1329825820246526,0.397348140006217,0.061400624913811847,0.10209370471269331,0.0135766844611564,0.55,0.01225714456687752,0.0035838809046990256,0.06751251693106464,0.14,0.001347723087308165,0.04,0.0007547203481880688,0.05,0.0009790160054894807,0.900417382717865,0.4064,0.3659296243365403,0.1647446973020196,0.04944632972044379,0.013479348640996314,0.900417382717865,0.1398934974962288,0.0,0.0,0.0,0.13376459081246012,0.01778836066971207,0.27174385143348967,0.03613719901294905,0.2591471806843178,0.0,0.0
0.966341463414634,Ahmed Tagnaouti,29,Morocco,GK,0.0,playing,0.0161290322580645,0.072463768115942,0.0,1.2,0.05,0.0,0.0476190476190476,0.0,,,,0.0067,0.0067,France,Morocco,False,France,0.4859,0.493,0.5616,0.2817,0.2115,0.7885,0.4384,0.0,0.0,0.0,0.0,0.0,0.0,0.0,0.0,0.0,0.0,0.0,0.0,0.0,0.0,0.0,0.0,0.0,0.0,0.0,0.0,0.0,0.0,0.0,0.0,0.0,0.0,0.0,0.0,0.0,0.0,0.0,0.0,0.0,0.0,0.0,0.0,0.0,0.0,0.0,0.0,0.0,0.0,0.0,0.0,0.0,0.0,0.0,0.0,0.0,0.0,0.0,0.0,0.0,0.0,0.0,0.0,0.0,0.0,0.0,0.0,0.0,0.0,0.0,0.0,0.0,0.0,0.0,0.0,0.0,0.0,0.0,0.0,0.0,0.0,0.0,0.0,0.0,0.0,0.0,0.0,0.0,0.0,0.0,0.0,0.0,0.0,0.0,0.0,0.0,0.0,0.0,0.0,0.0,0.0,0.0,0.0,0.0,0.0,0.0,0.0,0.0,0.0,0.0,0.0,0.0,0.0,0.0,0.0,,,0.0,0.0066666666666666,1.0,0.0,0.0,0.4559409307296223,0.0679086538461537,0.0540452014412055,0.3333333333333333,,0.972165991902834,0.0,0.0,0.0,0.0,0.0,0.0,0.0,0.0,0.0,0.0,0.0,0.0,0.6666666666666667,0.6333333333333334,0.00376272,0.00188739,0.0,0.0,0.0,0.0,0.0,0.0,0.0,0.0,0.0,0.0,-0.09445603003081214,0.0,0.0,0.0,0.0,0.0,0.0,0.0,0.0,0.0,0.0,0.0,0.0,0.0,0.0,0.0,0.0,0.0,0.0,0.0,0.0256410256410256,0.0196078431372549,0.0238095238095238,0.0,0.0,0.3333333333333333,0.4999999999999999,0.4999999999999999,0.6666666666666667,0.6666666666666667,0.6666666666666667,0.6666666666666667,0.6333333333333335,1.0,3.5,0.22793645057321624,0.12346704756522399,0.006722545760826811,0.0,0.043173715984047976,0.0005330531244969924,0.15,0.02585809866619044,0.0012185713304080472,0.031187620206264345,0.04,0.0027872615630702303,0.05,0.0023319711223198257,0.08,0.00159718235545481,1.5535302804958044,0.2115,0.3285716543248626,0.25522300715313717,0.13216555663053195,0.07253978189146826,1.5535302804958044,0.956684426837069,0.19180979703599124,0.13370096820156074,0.002132746568424614,0.27720734317964696,0.0,0.13268032631278925,0.0,0.10529385121328314,0.0,0.0
0.9668292682926828,Yassine Bounou,29,Morocco,GK,0.8000000000000003,playing,0.3548387096774193,0.3768115942028985,1.0,5.7,0.2,0.6,0.0,0.1111111111111111,,,,0.0067,0.0067,France,Morocco,False,France,0.4859,0.493,0.5616,0.2817,0.2115,0.7885,0.4384,0.0,0.0,0.4,0.5,1.0,0.0,0.0,0.0,0.25,0.0,0.0,0.0,0.5625,0.0,1.0,0.0,0.0,0.0,0.0,1.0,0.0,0.0,0.0,0.0,0.0,0.0,0.0,0.0,0.5,0.0,0.0,0.0,0.0,0.0,1.0,0.0,0.0,1.0,0.0,0.0,0.0,0.0,0.0,0.0,1.0,0.0,0.0,0.0,0.0,0.0,0.0,0.0,0.0,1.0,0.0,1.0,0.0,0.0,0.0,1.0,0.0,0.0,0.0,0.0,0.5,0.0,0.0,0.0,0.0,0.0,0.1666666666666666,0.0,0.0,1.0,0.0,0.0,0.0,0.0,0.0,0.0,0.0,0.0,0.5,0.0,0.0,0.0,0.0,0.0,0.25,0.0,0.0,0.75,0.0,0.0,0.0,0.0,0.0,0.0,1.0,0.0,0.0,0.0,0.0,0.0,0.0,0.0,0.75,0.0,,,0.0,0.0066666666666666,1.0,0.0,0.0,0.4559409307296223,0.0679086538461537,0.0540452014412055,0.3333333333333333,,0.972165991902834,0.0,0.0,0.0,0.0,1.0,1.0,0.0,0.0,0.0,0.0,0.0,0.0,0.6666666666666667,0.6333333333333334,0.00376272,0.00188739,0.0,0.0,0.0,0.0,0.0,0.0,0.3333333333333333,1.0,0.4653465346534652,0.0583333333333333,-0.7069964757562514,0.0,0.0,0.0,0.0,0.0,0.0,0.0,0.0,0.0,0.3375,0.3,0.3374999999999999,0.0,0.0,0.0,0.1041666666666666,0.0,0.0,0.1111111111111111,0.2820512820512821,0.2745098039215686,0.2301587301587301,0.5343416269481355,0.45,1.0,1.0,1.0,0.6666666666666667,0.6666666666666667,0.6666666666666667,0.6666666666666667,1.0,0.0,4.7,0.8909031788043871,0.9241418199787566,0.006722545760826811,0.0,0.043173715984047976,0.003989863646474403,0.15,0.193545977115389,0.013284389755468256,0.18064946315559954,0.04,0.024440841016489877,0.05,0.015793065042271622,0.08,0.0151940612811858,1.5535302804958044,0.2115,0.3285716543248626,0.25522300715313717,0.13216555663053195,0.07253978189146826,1.5535302804958044,0.956684426837069,1.4356823008095008,2.604399250758298,0.03067991043446215,0.27720734317964696,0.0,0.22847649622013413,0.0,0.19837777066897833,0.0,0.0
0.9678048780487803,Achraf Hakimi,29,Morocco,DEF,1.0000000000000002,playing,0.5161290322580645,0.5217391304347827,1.0,33.4,0.15,0.4666666666666667,0.5714285714285714,0.1111111111111111,,Achraf Hakimi,1.0,0.1515,0.0645,France,Morocco,False,France,0.4859,0.493,0.5616,0.2817,0.2115,0.7885,0.4384,0.125,0.4,0.4,0.5,1.0,0.5,0.0,0.2352941176470588,0.0,0.3333333333333333,0.0,0.5,0.0,0.0,0.0,0.0,0.0,0.0,0.0,1.0,0.0,0.0,0.0,0.0,0.0,0.0,0.0,0.0,0.5,0.0,0.8333333333333333,0.0,0.0,0.0,0.0,0.0,0.0,1.0,0.0,0.0,0.0,0.0,0.0,0.0,1.0,0.0,0.0,0.0,0.0,0.0,0.0,0.0,0.0,0.0,0.0,1.0,0.5,0.0,0.0,0.0,0.0,0.0,0.0,0.3333333333333333,0.5,0.0,0.125,0.5,1.0,0.0,0.0,0.0,0.0,1.0,0.0,0.0,0.0,0.0,0.0,0.0,0.0,0.0,0.5,0.0,0.2,0.5,0.1666666666666666,0.0,0.0,0.0,0.0,0.75,0.5,1.0,0.0,0.0,0.0,0.0,1.0,0.0,0.0,0.0,0.4,0.0,0.0,0.0,0.0,0.0,Achraf Hakimi,0.0,1.0,0.0625,1.0,0.0,0.0,0.4559409307296223,0.0679086538461537,0.0540452014412055,0.3333333333333333,,0.972165991902834,0.0,0.0,0.0,0.0,1.0,1.0,0.1067708333333333,0.0,0.1333333333333333,0.25,0.25,0.0,1.0,0.0375,0.0850824,0.04267755,0.2541666666666666,0.6666666666666666,0.2541666666666666,0.24,0.2106,0.0,0.3333333333333333,1.0,0.4653465346534652,0.0583333333333333,-0.718519119051968,0.09375,0.0666666666666666,0.09375,0.2541666666666666,0.24,0.2541666666666666,0.1333333333333333,0.2533333333333333,0.1333333333333333,0.0,0.0,0.0,0.1041666666666666,0.0,0.0,0.0,0.0,0.0,0.1111111111111111,0.5384615384615385,0.4509803921568627,0.4761904761904761,0.5554502982531374,0.55,1.0,1.0,1.0,0.5625,1.0,1.0,0.875,1.0,0.0,6.0,0.9312627374489,0.9392035026199311,0.16428519430785601,0.1971324840222982,0.32085044249113487,0.2712094734643458,0.45,0.2860225599310062,0.027091315241206514,0.18359369187085317,0.12,0.029178980334850495,0.08,0.016463053712141112,0.14,0.019332937486481384,1.5535302804958044,0.2115,0.3285716543248626,0.25522300715313717,0.13216555663053195,0.07253978189146826,1.5535302804958044,0.956684426837069,1.4590810808677837,0.0,0.0,0.35521552943884305,0.0,0.49316308438951484,0.0,0.3485886784664675,0.0,0.0
0.9682926829268292,Chadi Riad,29,Morocco,DEF,0.1599999999999999,playing,0.2903225806451612,0.3840579710144927,0.8,1.5,0.15,0.6,0.238095238095238,0.1111111111111111,,Chadi Riad,1.0,0.0556,0.0222,France,Morocco,False,France,0.4859,0.493,0.5616,0.2817,0.2115,0.7885,0.4384,0.0,0.2,0.2,0.5,0.71875,0.0,0.0,0.0,0.25,0.0,0.0,0.0555555555555555,0.0,0.0,0.0,0.0,0.0,0.0,0.0,1.0,0.0,0.0,0.0,0.0,0.0,0.0,0.0,0.0,0.5,0.0,0.0,0.0,0.0,0.0,0.0,0.0,0.0,1.0,0.0,0.0,0.0,0.0,0.0,0.0,1.0,0.0,0.0,0.0,0.0,0.0,0.0,0.0,0.0,1.0,0.0,1.0,0.5,0.0,0.0,0.0,0.0,0.0,0.0,0.0,0.5,0.0,0.125,0.0,0.0,0.0,0.0,0.0,0.0,0.625,0.0,0.0,0.0,0.0,0.0,0.0,0.0,0.0,0.5,0.0,0.0,0.0,0.0,0.0,0.0,0.0,0.0,0.0,0.0,0.0,0.0,0.0,0.0,0.0,0.0,0.0,0.0,0.0,0.0,0.0,0.0,0.0,0.0,0.0,Chadi Riad,0.0,1.0,0.02,1.0,0.0,0.0,0.4559409307296223,0.0679086538461537,0.0540452014412055,0.3333333333333333,,0.972165991902834,0.0,0.0,0.0,0.0,0.55,0.71875,0.0,0.0,0.0,0.0,0.0,0.0,0.3125,0.7937500000000001,0.0312249599999999,0.01566252,0.1768115942028985,0.3333333333333333,0.0,0.0,0.0,0.0,0.0,0.55,0.2559405940594059,0.081159420289855,-0.51107785696087,0.0144927536231884,0.0303030303030303,0.0144927536231884,0.0,0.0,0.0,0.0,0.0,0.0,0.0,0.0,0.0,0.0,0.0,0.0,0.0,0.0,0.0,0.1111111111111111,0.4102564102564103,0.3529411764705882,0.3412698412698413,0.4210303747411443,0.45,0.4375,0.625,0.625,0.5625,0.4375,0.5,0.5625,0.45,1.0,3.9,0.6558828412078138,0.6680491870591688,0.05720547377077918,0.0354077581108733,0.09813880535071655,0.05900539422015379,0.45,0.16237362160216934,0.007623772348818954,0.12440020062754069,0.12,0.01782307250206428,0.08,0.011710060299208585,0.14,0.011126653487777303,1.5535302804958044,0.2115,0.3285716543248626,0.25522300715313717,0.13216555663053195,0.07253978189146826,1.5535302804958044,0.956684426837069,1.0378346409570247,0.0,0.0,0.2928882616771857,0.0,0.15968764724507226,0.0,0.13435458850015047,0.0,0.0
0.968780487804878,Noussair Mazraoui,29,Morocco,DEF,0.3600000000000001,playing,0.3870967741935484,0.4057971014492753,1.0,3.1,0.15,0.6,0.0952380952380952,0.1111111111111111,,Noussair Mazraoui,1.0,0.0714,0.0286,France,Morocco,False,France,0.4859,0.493,0.5616,0.2817,0.2115,0.7885,0.4384,0.0,0.0,0.6000000000000001,0.25,0.80625,0.0,0.0,0.0,0.5,0.0,0.0,0.611111111111111,0.0,0.0,0.0,0.0,0.0,0.0,0.0,0.888888888888889,0.0,0.0,0.0,0.0,0.0,0.0,0.0,0.0,0.5,0.0,0.6666666666666666,0.0,0.0,0.0,0.0,0.0,0.0,1.0,0.0,0.0,0.0,0.0,0.0,0.0,1.0,0.0,0.0,0.0,0.0,0.0,0.0,0.0,0.0,1.0,0.0,0.0777777777777777,0.0,0.0,0.0,0.0,0.0,0.0,1.0,0.0,0.0,0.0,0.0,0.0,0.0,0.0,0.0,0.0,0.0,1.0,0.0,0.0,0.0,0.0,0.0,0.0,0.0,0.0,0.5,0.0,1.0,0.0,0.0,0.0,0.0,0.0,0.0,0.75,0.0,0.0,0.0,0.0,0.0,0.0,1.0,0.0,0.0,0.0,0.4,0.0,0.0,0.0,0.0,1.0,Noussair Mazraoui,0.0,1.0,0.027027027027027,1.0,0.0,0.0,0.4559409307296223,0.0679086538461537,0.0540452014412055,0.3333333333333333,,0.972165991902834,0.0,0.0,0.0,0.0,0.7233333333333333,0.80625,0.0,0.0,0.0,0.0,0.0,0.0,0.6875,0.3812500000000001,0.04009824,0.02011338,0.0,0.0,0.0,0.0,0.0,0.0,0.6666666666666666,0.7233333333333333,0.3366006600660065,0.0361757105943152,-0.6538880098605147,0.1421188630490956,0.1612903225806451,0.1421188630490956,0.0,0.0,0.0,0.0,0.0,0.0,0.0,0.0,0.0,0.0,0.0,0.0,0.0,0.0,0.0,0.1111111111111111,0.3333333333333333,0.2941176470588235,0.2698412698412698,0.4710854652412549,0.45,0.75,0.75,0.8125,0.5625,0.4375,0.5,1.0,0.8625000000000002,1.0,4.4,0.8344500606177571,0.854721736552362,0.07407720339631574,0.061285637874920106,0.04959322851617073,0.03814956935872161,0.45,0.23501677946366686,0.01095614080496023,0.20872134895216946,0.12,0.02605393547721855,0.08,0.015751614857862268,0.14,0.016910547634079554,1.5535302804958044,0.2115,0.3285716543248626,0.25522300715313717,0.13216555663053195,0.07253978189146826,1.5535302804958044,0.956684426837069,1.3278360991320521,0.0,0.0,0.4115168489137915,0.0,0.1862813865816434,0.0,0.16120214977402647,0.0,0.0
0.9692682926829268,Redouane Halhal,29,Morocco,DEF,0.0,playing,0.1612903225806451,0.3985507246376811,0.4,2.8,0.05,0.0,0.0952380952380952,0.0,,Redouane Halhal,1.0,0.0556,0.0222,France,Morocco,False,France,0.4859,0.493,0.5616,0.2817,0.2115,0.7885,0.4384,0.0,0.0,0.2,0.25,0.375,0.5,0.0,0.0,0.25,0.0,0.0,0.0555555555555555,0.0,0.0,0.0,0.0,0.0,0.0,0.0,0.0,0.0,0.0,0.0,0.0,0.0,0.0,0.0,0.0,0.0,0.0,0.0,0.0,0.0,0.0,0.0,0.0,0.0,0.0,0.0,0.0,0.0,0.0,0.0,0.0,0.0,0.0,0.0,0.0,0.0,0.0,0.0,0.0,0.0,0.0,0.0,1.0,0.0,0.0,0.0,0.0,0.0,0.0,0.0,0.0,0.5,0.0,0.125,0.0,0.0,0.0,0.0,0.0,0.0,0.0,0.0,0.0,0.0,0.0,0.0,0.0,0.0,0.0,0.0,0.0,0.0,0.0,0.0,0.0,0.0,0.0,0.0,0.75,0.0,1.0,0.0,0.0,0.0,0.0,1.0,0.0,0.0,0.0,0.0,0.0,0.0,0.0,0.0,1.0,,,1.0,0.02,1.0,0.0,0.0,0.4559409307296223,0.0679086538461537,0.0540452014412055,0.3333333333333333,,0.972165991902834,0.0,0.0,0.0,0.0,0.6,0.375,0.0,0.0,0.0,0.0,0.0,0.0,0.3125,0.7937500000000001,0.0312249599999999,0.01566252,0.0,0.0,0.0,0.0,0.0,0.0,0.3333333333333333,0.6,0.2792079207920792,0.0777777777777777,-0.3638822855372865,0.0277777777777777,0.0277777777777777,0.0277777777777777,0.0,0.0,0.0,0.0,0.0,0.0,0.0,0.0,0.0,0.2777777777777778,0.0,0.0,0.0,0.0,0.0,0.0,0.0512820512820512,0.0392156862745098,0.0476190476190476,0.0637145189011829,0.05,0.125,0.5,0.5,0.5625,0.4375,0.5,0.5625,0.7250000000000001,1.0,3.5,0.5844941308895444,0.47564429123179275,0.05720547377077918,0.022812719847956575,0.04555847728326225,0.0195026666732973,0.45,0.17003748498928367,0.005032799645991716,0.10594251786279903,0.12,0.012872514048430766,0.08,0.008765619691672706,0.14,0.00806969424049845,1.5535302804958044,0.2115,0.3285716543248626,0.25522300715313717,0.13216555663053195,0.07253978189146826,1.5535302804958044,0.956684426837069,0.738927809173555,0.0,0.0,0.3013189258893418,0.0,0.14109132561362522,0.0,0.11621925899270226,0.0,0.0
0.9697560975609756,Issa Diop,29,Morocco,DEF,0.3999999999999999,playing,0.4838709677419354,0.6014492753623188,0.8,1.9,0.15,0.5333333333333333,0.0476190476190476,0.5555555555555556,,Issa Diop,1.0,0.0556,0.0222,France,Morocco,False,France,0.4859,0.493,0.5616,0.2817,0.2115,0.7885,0.4384,0.125,0.0,0.4,0.25,0.80625,1.0,0.0,0.0588235294117647,0.75,0.0,0.0,0.0,0.0,0.0,0.0,0.0,0.0,0.0,0.0,1.0,0.0,0.0,0.0,0.0,0.0,0.0,0.0,0.0,0.5,0.0,0.0,0.0,0.0,0.0,0.0,0.0,0.0,1.0,0.0,1.0,0.0,0.0,0.0,0.0,1.0,0.0,0.0,0.0,0.0,0.0,0.0,0.0,0.0,1.0,0.0,0.0,0.0,0.0,0.0,0.0,0.0,0.0,0.0,0.0,0.0,0.0,0.0,0.0,0.0,0.0,0.0,0.0,0.0,1.0,0.0,1.0,0.0,0.0,0.0,0.0,0.0,0.5,0.5,0.0,0.0,0.0,0.1666666666666666,0.0,0.0,1.0,0.0,0.725,0.0,0.0,0.0,0.0,0.0,0.0,1.0,0.0,0.0,0.0,0.0,0.0,0.0,0.0,0.0,1.0,Issa Diop,0.0,1.0,0.02,1.0,0.0,0.0,0.4559409307296223,0.0679086538461537,0.0540452014412055,0.3333333333333333,,0.972165991902834,0.0,0.0,0.0,0.0,0.6900000000000001,0.80625,0.1324289405684754,0.0,0.041343669250646,1.0,0.25,0.0,0.3125,0.7937500000000001,0.0312249599999999,0.01566252,0.0,0.0,0.0,0.0,0.0,0.0,0.3333333333333333,0.6900000000000001,0.321089108910891,0.0361757105943152,-0.6386039822126809,0.0,0.0,0.0,0.0,0.0,0.0,0.041343669250646,0.0917874396135265,0.041343669250646,0.0,0.0,0.0,0.2583979328165375,0.0,0.0,0.0,0.0,0.0,0.5555555555555556,0.4871794871794872,0.4117647058823529,0.4841269841269841,0.6066835687891183,0.5,0.875,0.875,0.8125,0.5625,0.875,0.5,0.25,0.5875,1.0,4.5,0.8141946734770447,0.834743406233295,0.05720547377077918,0.08599940479838954,0.052193636921477236,0.039211464840784,0.45,0.28614367182269407,0.010663058070059747,0.19474121881196907,0.12,0.02469633427837901,0.08,0.015383435424449888,0.14,0.01630342041557797,1.5535302804958044,0.2115,0.3285716543248626,0.25522300715313717,0.13216555663053195,0.07253978189146826,1.5535302804958044,0.956684426837069,1.2967991580276341,0.0,0.0,0.27720734317964696,0.0,0.18824707807050606,0.0,0.20204309528489714,0.0,0.0
0.9702439024390244,Zakaria El Ouahdi,29,Morocco,DEF,0.2399999999999997,playing,0.0161290322580645,0.072463768115942,0.0,0.1,0.05,0.0,0.0476190476190476,0.0,,Zakaria El Ouahdi,1.0,0.093,0.0385,France,Morocco,False,France,0.4859,0.493,0.5616,0.2817,0.2115,0.7885,0.4384,0.0,0.0,0.0,0.0,0.0,0.0,0.0,0.0,0.0,0.0,0.0,0.0,0.0,0.0,0.0,0.0,0.0,0.0,0.0,0.0,0.0,0.0,0.0,0.0,0.0,0.0,0.0,0.0,0.0,0.0,0.0,0.0,0.0,0.0,0.0,0.0,0.0,0.0,0.0,0.0,0.0,0.0,0.0,0.0,0.0,0.0,0.0,0.0,0.0,0.0,0.0,0.0,0.0,0.0,0.0,0.0,0.0,0.0,0.0,0.0,0.0,0.0,0.0,0.0,0.0,0.0,0.0,0.0,0.0,0.0,0.0,0.0,0.0,0.0,0.0,0.0,0.0,0.0,0.0,0.0,0.0,0.0,0.0,0.0,0.0,0.0,0.0,0.0,0.0,0.0,0.0,0.0,0.0,0.0,0.0,0.0,0.0,0.0,0.0,0.0,0.0,0.0,0.0,0.0,0.0,0.0,0.0,0.0,,,1.0,0.037037037037037,1.0,0.0,0.0,0.4559409307296223,0.0679086538461537,0.0540452014412055,0.3333333333333333,,0.972165991902834,0.0,0.0,0.0,0.0,0.0,0.0,0.0,0.0,0.0,0.0,0.0,0.0,0.875,0.175,0.0522288,0.0261981,0.0,0.0,0.0,0.0,0.0,0.0,0.0,0.0,0.0,0.0,-0.0789715907924654,0.0,0.0,0.0,0.0,0.0,0.0,0.0,0.0,0.0,0.0,0.0,0.0,0.0,0.0,0.0,0.0,0.0,0.0,0.0,0.0256410256410256,0.0196078431372549,0.0238095238095238,0.0,0.0,0.625,0.1875,0.1875,0.5625,0.4375,0.5,0.25,0.10625,1.0,4.1,0.22618142573054625,0.10322675168005782,0.09761282886700041,0.008797100343602699,0.0440926602735228,0.00409638788367128,0.45,0.024715911313192795,0.001289427670381613,0.02607494704061253,0.12,0.0024006679098760456,0.08,0.0019926696704732918,0.14,0.0014015602693914565,1.5535302804958044,0.2115,0.3285716543248626,0.25522300715313717,0.13216555663053195,0.07253978189146826,1.5535302804958044,0.956684426837069,0.16036588449219097,0.0,0.0,0.27720734317964696,0.0,0.17578297995437217,0.0,0.1522192129775111,0.0,0.0
0.9707317073170731,Sofyan Amrabat,29,Morocco,MID,0.2264150943396227,playing,0.064516129032258,0.1811594202898551,0.4,0.1,0.05,0.0,0.1428571428571428,0.0,,Sofyan Amrabat,1.0,0.093,0.0385,France,Morocco,False,France,0.4859,0.493,0.5616,0.2817,0.2115,0.7885,0.4384,0.0,0.0,0.2,0.25,0.24375,0.0,0.0,0.0,0.0,0.0,0.0,0.1111111111111111,0.0,0.0,0.0,0.0,0.0,0.0,0.0,0.0,0.0,0.0,0.0,0.0,0.0,0.0,0.0,0.0,0.0,0.0,0.0,0.0,0.0,0.0,0.0,0.0,0.0,0.0,0.0,0.0,0.0,0.0,0.0,0.0,0.0,0.0,0.0,0.0,0.0,0.0,0.0,0.0,0.0,0.0,0.0,1.0,0.0,0.0,0.0,0.0,0.0,0.0,0.0,0.0,0.5,0.0,0.25,0.0,0.0,0.0,0.0,0.0,0.0,0.0,0.0,0.0,0.0,0.0,0.0,0.0,0.0,0.0,0.0,0.0,0.0,0.0,0.0,0.0,0.0,0.0,0.0,0.225,0.0,0.0,0.0,0.0,0.0,0.0,1.0,0.0,0.0,0.0,0.0,0.0,0.0,0.0,0.0,0.0,Sofyan Amrabat,0.0,1.0,0.037037037037037,1.0,0.0,0.0,0.4559409307296223,0.0679086538461537,0.0540452014412055,0.3333333333333333,,0.972165991902834,0.0,0.0,0.0,0.0,0.39,0.2437499999999999,0.0,0.0,0.0,0.0,0.0,0.0,0.3888888888888889,0.6944444444444445,0.0522288,0.0261981,0.0,0.0,0.0,0.0,0.0,0.0,0.3333333333333333,0.39,0.1814851485148514,0.1196581196581196,0.0,0.0854700854700854,0.0854700854700854,0.0854700854700854,0.0,0.0,0.0,0.0,0.0,0.0,0.0,0.0,0.0,0.0,0.0,0.0,0.0,0.0,0.0,0.0,0.0769230769230769,0.0588235294117647,0.0714285714285714,0.1274290378023659,0.1,0.5555555555555556,0.2222222222222222,0.3333333333333333,0.5555555555555556,0.2777777777777777,0.3333333333333333,0.4444444444444445,0.1444444444444445,1.0,5.9,0.4136855756101139,0.27190905059363735,0.09761282886700041,0.032937199691089374,0.04661867951727059,0.012676040887470093,0.55,0.07363316660677631,0.003374909398200177,0.06056359758880181,0.14,0.007003502007953124,0.04,0.0048550323281309855,0.05,0.003878488196609875,1.5535302804958044,0.2115,0.3285716543248626,0.25522300715313717,0.13216555663053195,0.07253978189146826,1.5535302804958044,0.956684426837069,0.0,0.0,0.0,0.3533351267438928,0.09607501885431441,0.17416472569718486,0.04735696521122281,0.1506386153582916,0.0,0.0
0.971219512195122,Neil El Aynaoui,29,Morocco,MID,0.1698113207547168,playing,0.2580645161290322,0.2898550724637681,1.0,0.3,0.2,0.2666666666666666,0.1428571428571428,0.1666666666666666,,Neil El Aynaoui,1.0,0.1389,0.0571,France,Morocco,False,France,0.4859,0.493,0.5616,0.2817,0.2115,0.7885,0.4384,0.0,0.0,0.4,0.5,0.9854166666666666,0.0,0.0,0.1176470588235294,0.0,0.0,0.0,0.8333333333333333,0.0,0.0,0.0,0.0,0.0,0.0,0.0,1.0,0.0,0.0,0.0,0.0,0.0,0.0,0.0,0.0,0.5,0.0,0.6666666666666666,0.0,0.0,0.0,0.0,0.0,0.0,1.0,0.0,0.0,0.0,0.0,0.0,0.0,1.0,0.0,0.0,0.0,1.0,0.0,0.0,0.0,0.0,0.0,0.0,0.9222222222222224,0.0,0.0,0.0,0.0,0.0,0.0,0.0,0.0,0.5,0.0,0.25,0.0,0.3333333333333333,0.0,0.0,0.0,0.0,1.0,0.0,0.0,0.0,0.0,0.0,0.0,0.0,0.0,0.5,0.0,0.8,0.0,0.1666666666666666,0.0,0.0,0.0,0.0,0.75,0.0,0.0,0.0,0.0,0.0,0.0,1.0,0.0,0.0,0.0,0.0,0.0,0.0,0.0,0.0,0.0,Neil El Aynaoui,0.0,1.0,0.0571428571428571,1.0,0.0,0.0,0.4559409307296223,0.0679086538461537,0.0540452014412055,0.3333333333333333,,0.972165991902834,0.0,0.0,0.0,0.0,0.9766666666666668,0.9854166666666666,0.0,0.0,0.0676532769556025,0.0,0.0,0.0,0.6666666666666667,0.3888888888888889,0.0780062399999999,0.03912813,0.0,0.0,0.0,0.0,0.0,0.0,0.3333333333333333,0.9766666666666668,0.4544884488448845,0.0591966173361522,0.0,0.1585623678646934,0.1023890784982935,0.1585623678646934,0.0,0.0,0.0,0.0676532769556025,0.1296928327645051,0.0676532769556025,0.0,0.0,0.0,0.0,0.0,0.0,0.0,0.0,0.0,0.1666666666666666,0.2564102564102564,0.2549019607843137,0.2539682539682539,0.1040453736765417,0.2,0.4444444444444445,0.6666666666666667,1.0,0.5555555555555556,0.7222222222222223,0.3333333333333333,1.0,0.5722222222222223,1.0,5.6,0.8772077555514086,0.9270933901507097,0.14954463728001757,0.16867343191514095,0.0609421618679248,0.05649907544924771,0.55,0.26799840029627486,0.011952475846148176,0.18122643040835482,0.14,0.02952392093870557,0.04,0.01570695436067553,0.05,0.01806837499915504,1.5535302804958044,0.2115,0.3285716543248626,0.25522300715313717,0.13216555663053195,0.07253978189146826,1.5535302804958044,0.956684426837069,0.0,0.0,0.0,0.410591540436058,0.3806567031900672,0.17562339811916955,0.16281929155208866,0.18276939186903318,0.0,0.0
0.9717073170731708,Brahim Díaz,29,Morocco,MID,0.3207547169811321,playing,0.5161290322580645,0.5217391304347827,1.0,4.4,0.4,0.5333333333333333,0.1428571428571428,0.1111111111111111,,Brahim Díaz,1.0,0.2222,0.0976,France,Morocco,False,France,0.4859,0.493,0.5616,0.2817,0.2115,0.7885,0.4384,0.0,0.8,0.4,0.5,0.8083333333333333,0.0,0.0,0.0588235294117647,0.75,0.6666666666666666,0.0,0.1666666666666666,0.0,0.0,0.0,0.0,0.0,0.0,0.0,0.7222222222222222,1.0,0.0,0.0,0.0,0.0,0.0,0.0,0.0,0.5,0.0,0.0,0.5,0.25,0.0,0.0,1.0,0.0,0.9333333333333332,0.5,0.0,0.0,0.0,0.0,0.0,1.0,0.0,0.0,0.0,0.0,0.5,0.0,0.0,0.0,1.0,0.0,0.7777777777777778,0.0,0.0,0.0,0.0,0.0,0.0,0.0,0.0,0.5,0.0,0.0,0.0,0.0,0.0,0.0,0.0,0.0,0.6583333333333333,0.0,0.0,0.0,0.0,0.0,0.0,0.0,0.0,0.5,0.0,0.4,0.0,0.0,0.0,0.0,0.0,0.0,0.75,1.0,0.0,0.0,0.0,0.0,0.0,1.0,0.0,0.0,0.0,0.2,1.0,0.0,0.0,0.0,1.0,Brahim Díaz,0.0,1.0,0.0952380952380952,1.0,0.0,0.0,0.4559409307296223,0.0679086538461537,0.0540452014412055,0.3333333333333333,,0.972165991902834,0.0,0.0,0.0,0.0,0.7966666666666667,0.8083333333333332,0.0,0.0,0.0412371134020618,0.0,0.0,0.0,1.0,0.0222222222222222,0.12478752,0.06259374,0.6288659793814433,0.6666666666666666,0.6288659793814433,0.301255230125523,0.5210721649484537,0.0,0.3333333333333333,0.7966666666666667,0.3707260726072606,0.0721649484536082,0.0,0.0386597938144329,0.0627615062761506,0.0386597938144329,0.6288659793814433,0.301255230125523,0.6288659793814433,0.0412371134020618,0.0,0.0412371134020618,0.0,0.0,0.0,0.0,0.0,0.0,0.0,0.0,0.0,0.1111111111111111,0.3333333333333333,0.392156862745098,0.3174603174603174,0.4079719802525379,0.4,0.8888888888888888,0.8888888888888888,0.7777777777777779,0.5555555555555556,0.5555555555555556,1.0,0.6111111111111112,0.8777777777777779,1.0,6.4,0.8548717140087495,0.8305692002333406,0.2512858572604901,0.24181762885802277,0.8295543626251358,0.6890023035156376,0.55,0.2151989405980014,0.030464204395595485,0.1623580676601971,0.14,0.023721934358812955,0.04,0.014071627152176249,0.05,0.014060156541251664,1.5535302804958044,0.2115,0.3285716543248626,0.25522300715313717,0.13216555663053195,0.07253978189146826,1.5535302804958044,0.956684426837069,0.0,0.0,0.0,0.3158714001590217,0.26235305620666416,0.5632352355586956,0.467805839141223,0.2101637315605006,0.0,0.0
0.9721951219512196,Azzedine Ounahi,29,Morocco,MID,0.2830188679245283,playing,0.4032258064516129,0.4202898550724637,1.0,0.3,0.15,0.2,0.0952380952380952,0.1111111111111111,,Azzedine Ounahi,1.0,0.1818,0.0769,France,Morocco,False,France,0.4859,0.493,0.5616,0.2817,0.2115,0.7885,0.4384,0.25,0.0,0.6000000000000001,0.25,0.7229166666666667,0.5,0.0,0.1176470588235294,0.25,0.5,0.0,0.0555555555555555,0.0,0.0,0.0,0.0,0.0,0.0,0.0,0.7222222222222222,0.0,0.0,0.0,0.0,0.0,0.0,0.0,0.0,0.5,0.0,0.0,0.0,0.0,0.0,0.0,0.0,0.0,0.9888888888888888,0.0,0.0,0.0,0.0,0.0,0.0,1.0,0.0,0.0,0.0,0.2,0.5,0.0,0.0,0.0,0.0,0.0,0.2222222222222222,0.0,0.0,0.0,0.0,0.0,0.0,1.0,0.0,0.0,0.0,0.0,0.0,0.0,0.0,0.0,0.0,0.0,0.7166666666666667,0.0,0.0,0.0,0.0,0.0,0.0,0.0,0.0,0.5,0.0,0.0,0.5,0.0,0.0,0.0,0.0,0.0,0.725,0.0,1.0,0.0,0.0,0.0,0.0,1.0,1.0,0.0,0.0,0.0,0.5,0.5,0.0,0.0,1.0,Azzedine Ounahi,0.0,1.0,0.0769230769230769,1.0,0.0,0.0,0.4559409307296223,0.0679086538461537,0.0540452014412055,0.3333333333333333,,0.972165991902834,0.0,0.0,0.0,0.0,0.6433333333333333,0.7229166666666667,0.2953890489913544,0.0,0.0922190201729106,1.0,0.5,0.2,0.8888888888888888,0.1444444444444444,0.1020988799999999,0.05121306,0.0,0.0,0.5273775216138328,0.3730569948186528,0.4369798270893371,0.0,0.6666666666666666,0.6433333333333333,0.2993729372937293,0.0403458213256484,0.0,0.0144092219020172,0.0,0.0144092219020172,0.5273775216138328,0.3730569948186528,0.5273775216138328,0.0922190201729106,0.1968911917098446,0.0922190201729106,0.0,0.0,0.0,0.1440922190201729,0.0,0.0,0.0,0.0,0.0,0.1111111111111111,0.1794871794871795,0.1764705882352941,0.1746031746031746,0.1040453736765417,0.15,0.7222222222222223,0.7777777777777779,0.5555555555555556,0.5555555555555556,0.7222222222222223,0.8888888888888888,0.2777777777777777,0.5722222222222223,1.0,6.2,0.7195202888890551,0.7214418611965655,0.2006484734868388,0.25480697124857116,0.40260588647853485,0.29045674006976735,0.55,0.22413206832027735,0.02063662339702,0.1761746683393094,0.14,0.020501940537979397,0.04,0.0128815997530399,0.05,0.012188229673516491,1.5535302804958044,0.2115,0.3285716543248626,0.25522300715313717,0.13216555663053195,0.07253978189146826,1.5535302804958044,0.956684426837069,0.0,0.0,0.0,0.28675886537403406,0.2068798495500585,0.5059809373954355,0.36503582920454586,0.26531873161940644,0.0,0.0
0.9726829268292684,Bilal El Khannouss,29,Morocco,MID,0.2830188679245283,playing,0.2258064516129032,0.2608695652173913,1.0,0.2,0.2,0.2,0.1904761904761904,0.1111111111111111,,Bilal El Khannouss,1.0,0.1695,0.0714,France,Morocco,False,France,0.4859,0.493,0.5616,0.2817,0.2115,0.7885,0.4384,0.0,0.0,0.4,0.5,0.8416666666666667,0.5,0.0,0.2352941176470588,0.0,0.1666666666666666,0.0,0.611111111111111,0.0,0.0,0.0,0.0,0.0,0.0,0.0,0.888888888888889,0.0,0.0,0.0,0.0,0.0,0.0,0.0,0.0,0.5,0.0,0.6666666666666666,0.0,0.0,0.0,0.0,0.0,0.0,0.9333333333333332,0.0,0.0,0.0,0.0,0.0,0.0,1.0,0.0,0.0,0.0,0.2,0.0,0.25,0.0,0.0,0.0,0.0,1.0,0.0,0.0,0.0,0.0,0.0,0.0,0.0,0.0,0.5,0.0,0.375,0.5,0.6666666666666666,0.0,0.0,0.0,0.0,0.725,0.0,0.0,0.0,0.0,0.0,0.0,0.0,0.0,0.5,0.0,0.2,0.0,0.1666666666666666,0.0,0.0,0.0,0.0,0.525,0.0,1.0,0.0,0.0,0.0,0.0,1.0,0.0,0.0,0.0,0.4,0.0,0.0,0.0,0.0,0.0,Bilal El Khannouss,0.0,1.0,0.0714285714285714,1.0,0.0,0.0,0.4559409307296223,0.0679086538461537,0.0540452014412055,0.3333333333333333,,0.972165991902834,0.0,0.0,0.0,0.0,0.8,0.8416666666666666,0.0,0.0,0.1584158415841584,0.0,0.0,0.0,0.7777777777777779,0.2666666666666667,0.0951912,0.04774815,0.0,0.0,0.1509900990099009,0.15,0.1251089108910891,0.0,0.3333333333333333,0.8,0.3722772277227722,0.0693069306930693,0.0,0.1361386138613861,0.125,0.1361386138613861,0.1509900990099009,0.15,0.1509900990099009,0.1584158415841584,0.2375,0.1584158415841584,0.0,0.0,0.0,0.1237623762376237,0.0,0.0,0.0,0.0,0.0,0.1111111111111111,0.2307692307692307,0.2352941176470588,0.2301587301587301,0.0637145189011829,0.15,0.7222222222222223,0.5555555555555556,0.8888888888888888,0.5555555555555556,1.0,0.6666666666666667,0.8888888888888888,0.3888888888888889,1.0,6.2,0.8232223103033104,0.8375349374193038,0.18572734992878748,0.19585555622577755,0.14772954548832673,0.12372865563554793,0.55,0.27887635517096854,0.014847493482600293,0.16371971654992723,0.14,0.026613365198283816,0.04,0.014189641709534488,0.05,0.01635035338541336,1.5535302804958044,0.2115,0.3285716543248626,0.25522300715313717,0.13216555663053195,0.07253978189146826,1.5535302804958044,0.956684426837069,0.0,0.0,0.0,0.39886986107574673,0.33406744413452194,0.2959072109636846,0.24783262741639034,0.24366190965206241,0.0,0.0
0.973170731707317,Soufiane Rahimi,29,Morocco,FWD,0.2461538461538461,playing,0.4032258064516129,0.4202898550724637,1.0,0.4,0.1,0.0666666666666666,0.5714285714285714,0.0555555555555555,,Soufiane Rahimi,1.0,0.2667,0.1176,France,Morocco,False,France,0.4859,0.493,0.5616,0.2817,0.2115,0.7885,0.4384,0.25,0.2,1.0,0.0,0.26875,0.0,0.0,0.2352941176470588,0.5,0.1666666666666666,0.0,0.1666666666666666,0.0,0.0,0.0,0.0,0.0,0.0,0.0,0.0111111111111111,0.0,0.0,0.0,0.0,0.0,0.0,1.0,0.0,0.0,0.0,0.1666666666666666,0.0,0.0,0.0,0.0,0.0,0.0,0.0666666666666666,0.0,0.0,0.0,0.0,0.0,0.0,1.0,0.0,0.0,0.0,0.0,0.0,0.0,0.0,0.0,0.0,0.0,0.2222222222222222,0.5,0.0,0.0,0.0,0.0,0.0,1.0,0.3333333333333333,0.0,0.0,0.0,0.5,0.3333333333333333,0.0,0.0,1.0,0.0,0.2833333333333333,0.0,0.0,0.0,0.0,0.0,0.0,1.0,0.0,0.0,0.0,0.0,0.0,0.1666666666666666,0.0,0.0,0.0,0.0,0.5666666666666667,0.0,0.0,0.0,0.0,0.0,0.0,1.0,0.5,0.0,0.0,0.4,0.0,0.5,0.0,0.0,1.0,,,1.0,0.1176470588235294,1.0,0.0,0.0,0.4559409307296223,0.0679086538461537,0.0540452014412055,0.3333333333333333,,0.972165991902834,0.0,0.0,0.0,0.0,0.4066666666666667,0.26875,0.7945736434108527,0.0,0.496124031007752,0.5,0.5,0.2,1.0,0.0833333333333333,0.14977872,0.07512939,0.4728682170542636,0.3333333333333333,0.4728682170542635,0.2950819672131148,0.3918139534883721,0.0,1.0,0.4066666666666667,0.1892409240924092,0.0,0.0,0.1162790697674418,0.081967213114754,0.1162790697674418,0.4728682170542635,0.2950819672131148,0.4728682170542635,0.496124031007752,0.6229508196721313,0.496124031007752,0.0,0.0,0.0,0.0,0.0,0.0,0.0,0.0,0.0,0.0555555555555555,0.358974358974359,0.2941176470588235,0.3412698412698413,0.6371451890118296,0.55,0.8333333333333334,1.0,1.0,0.5833333333333333,1.0,0.9166666666666666,0.8333333333333334,1.0,1.0,5.6,0.7678570077003225,0.5500505648564104,0.31020038388238313,0.2614859995310561,0.4814683469841334,0.2648319362191047,0.35,0.14218970236768347,0.012635308920705675,0.0,0.08,0.015012107949645529,0.02,0.010156386187923139,0.01,0.008532597700615817,1.5535302804958044,0.2115,0.3285716543248626,0.25522300715313717,0.13216555663053195,0.07253978189146826,1.5535302804958044,0.956684426837069,0.0,0.0,0.0,0.3747476776411793,0.0,0.3614112038818529,0.0,0.49053095327510643,0.26981682792852574,0.0
0.9741463414634146,Chemsdine Talbi,29,Morocco,FWD,0.0615384615384615,playing,0.1290322580645161,0.2028985507246377,0.8,0.1,0.1,0.0666666666666666,0.0476190476190476,0.2222222222222222,,Chemsdine Talbi,1.0,0.1613,0.0667,France,Morocco,False,France,0.4859,0.493,0.5616,0.2817,0.2115,0.7885,0.4384,0.0,0.2,0.8,0.0,0.1895833333333333,0.0,0.0,0.0,0.0,0.1666666666666666,0.0,0.1111111111111111,0.0,0.0,0.0,0.0,0.0,0.0,0.0,0.2777777777777778,0.0,0.0,0.0,0.0,0.0,0.0,1.0,0.0,0.0,0.0,0.0,0.0,0.0,0.0,0.0,0.0,0.0,0.0666666666666666,0.0,0.0,0.0,0.0,0.0,0.0,1.0,0.0,0.0,0.0,0.0,0.0,0.0,0.0,0.0,0.0,0.0,0.0,0.0,0.0,0.0,0.0,0.0,0.0,0.0,0.0,0.0,0.0,0.0,0.0,0.0,0.0,0.0,0.0,0.0,0.275,0.5,0.0,0.0,0.0,0.0,0.0,1.0,0.0,0.0,0.0,0.0,0.5,0.0,0.0,0.0,0.0,0.0,0.225,0.0,0.0,0.0,0.0,0.0,0.0,1.0,0.0,0.0,0.0,0.4,0.0,0.0,0.0,0.0,0.0,Chemsdine Talbi,0.0,1.0,0.0666666666666666,1.0,0.0,0.0,0.4559409307296223,0.0679086538461537,0.0540452014412055,0.3333333333333333,,0.972165991902834,0.0,0.0,0.0,0.0,0.2,0.1895833333333333,0.0,0.0,0.0,0.0,0.0,0.0,0.4166666666666666,0.7250000000000001,0.09058608,0.04543821,0.6703296703296704,0.3333333333333333,0.6703296703296703,0.6000000000000001,0.5554285714285715,0.0,0.6666666666666666,0.2,0.093069306930693,0.0,0.0,0.1098901098901098,0.1666666666666666,0.1098901098901098,0.6703296703296703,0.6000000000000001,0.6703296703296703,0.0,0.0,0.0,0.0,0.0,0.0,0.0,0.0,0.0,0.0,0.0,0.0,0.2222222222222222,0.1538461538461538,0.1372549019607843,0.1746031746031746,0.2207135678333128,0.2,0.5,0.6666666666666666,0.8333333333333334,0.5833333333333333,0.25,0.9166666666666666,0.5,0.5416666666666666,1.0,4.4,0.5408462695610965,0.3544866969381553,0.17590220499177123,0.06945016375752333,0.6566181995107055,0.2327624166940287,0.35,0.09106966218216266,0.007111939905987592,0.0,0.08,0.009199141505773329,0.02,0.00654540513657145,0.01,0.005093155617323716,1.5535302804958044,0.2115,0.3285716543248626,0.25522300715313717,0.13216555663053195,0.07253978189146826,1.5535302804958044,0.956684426837069,0.0,0.0,0.0,0.38867837548122736,0.0,0.4235254886134626,0.0,0.1473566322381328,0.05223596583402619,0.0
1.0,Trevoh Chalobah,18,England,DEF,0.3999999999999999,playing,0.0161290322580645,0.072463768115942,0.0,0.0,0.05,0.0,0.0476190476190476,0.0,,Trevoh Chalobah,1.0,0.1081,0.04,Norway,England,False,Norway,0.5627,0.5365,0.781,0.5714,0.3408,0.6592,0.219,0.0,0.0,0.0,0.0,0.0,0.0,0.0,0.0,0.0,0.0,0.0,0.0,0.0,0.0,0.0,0.0,0.0,0.0,0.0,0.0,0.0,0.0,0.0,0.0,0.0,0.0,0.0,0.0,0.0,0.0,0.0,0.0,0.0,0.0,0.0,0.0,0.0,0.0,0.0,0.0,0.0,0.0,0.0,0.0,0.0,0.0,0.0,0.0,0.0,0.0,0.0,0.0,0.0,0.0,0.0,0.0,0.0,0.0,0.0,0.0,0.0,0.0,0.0,0.0,0.0,0.0,0.0,0.0,0.0,0.0,0.0,0.0,0.0,0.0,0.0,0.0,0.0,0.0,0.0,0.0,0.0,0.0,0.0,0.0,0.0,0.0,0.0,0.0,0.0,0.0,0.0,0.0,0.0,0.0,0.0,0.0,0.0,0.0,0.0,0.0,0.0,0.0,0.0,0.0,0.0,0.0,0.0,0.0,Trevoh Chalobah,0.0,1.0,0.04,0.0,0.6947162426614462,1.0,1.0,0.9448160535117056,0.899003322259136,0.6944444444444444,,0.4441325098259403,0.0,0.0,0.0,0.0,0.0,0.0,0.0,0.0,0.0,0.0,0.0,0.0,0.8888888888888888,0.1444444444444444,0.0844261,0.06176834,0.0,0.0,0.0,0.0,0.0,0.0,0.0,0.0,0.0,0.0,-0.0394270025936621,0.0,0.0,0.0,0.0,0.0,0.0,0.0,0.0,0.0,0.0,0.0,0.0,0.0,0.0,0.0,0.0,0.0,0.0,0.0,0.0256410256410256,0.0196078431372549,0.0238095238095238,0.0,0.0,0.3333333333333333,0.1111111111111111,0.1111111111111111,0.5555555555555556,0.3888888888888889,0.4444444444444445,0.2222222222222222,0.0222222222222222,1.0,4.5,0.1746053525733814,0.09449036895015932,0.11440126030997533,0.010269622093816344,0.09073133715284008,0.007715913770621841,0.45,0.012645315545999843,0.001696474634795294,0.03647322774245483,0.12,0.0012629040690402271,0.08,0.0009220391770999679,0.14,0.000897302268745705,1.0764594840269763,0.3408,0.3668573921563935,0.19745355953607674,0.07085025227249835,0.02403879603503145,1.0764594840269763,0.3600538893987516,0.10171505380560712,0.0,0.0,0.175911843061125,0.0,0.2111408725230593,0.0,0.1850292192055517,0.0,0.0
